acc,assay_type,center_name,consent,experiment,sample_name,instrument,librarylayout,libraryselection,librarysource,platform,sample_acc,biosample,organism,sra_study,releasedate,bioproject,mbytes,loaddate,avgspotlen,mbases,insertsize,library_name,biosamplemodel_sam,collection_date_sam,geo_loc_name_country_calc,geo_loc_name_country_continent_calc,geo_loc_name_sam,ena_first_public_run,ena_last_update_run,sample_name_sam,datastore_filetype,datastore_provider,datastore_region,attributes,run_file_version,jattr,combined_text,matched_keywords,keyword_count
DRR129218,RNA-Seq,OIST,public,DRX121958,SAMD00116789,Illumina HiSeq 2500,SINGLE,cDNA,TRANSCRIPTOMIC,ILLUMINA,DRS062489,SAMD00116789,Apis mellifera,DRP004203,2018-05-08 00:00:00.000000 UTC,PRJDB6980,29,NA,50,57,NA,,[],2017-11-17,Japan,Asia,"[Japan:Okinawa, OIST]",[],[],[Am_GFP_53],"[run.zq,sra]","[gs,ncbi,s3]","[gs.us-east1,ncbi.public,s3.us-east-1]","{
  ""attributes"": [{
    ""k"": ""sex_calc"",
    ""v"": ""female""
  }, {
    ""k"": ""bases"",
    ""v"": ""57167262""
  }, {
    ""k"": ""bytes"",
    ""v"": ""31292003""
  }, {
    ""k"": ""run_file_create_date"",
    ""v"": ""2018-05-08T00:10:00.000Z""
  }, {
    ""k"": ""age_sam"",
    ""v"": ""10 days""
  }, {
    ""k"": ""biomaterial_provider_sam"",
    ""v"": ""Ecology and Evolution Lab, Mikheyev Unit, Okinawa Institute of Science and Technology""
  }, {
    ""k"": ""collected_by_sam"",
    ""v"": ""Velasque, M.""
  }, {
    ""k"": ""collection_date_sam"",
    ""v"": ""2017-11-17""
  }, {
    ""k"": ""label_sam"",
    ""v"": ""GFP knockdown""
  }, {
    ""k"": ""project_name_sam"",
    ""v"": ""Doublesex regulates reproductive division of labour in honey bees""
  }, {
    ""k"": ""replicate_sam_ss_dpl121"",
    ""v"": ""biological replicate 8""
  }, {
    ""k"": ""tissue_type_sam_s_dpl410"",
    ""v"": ""Whole abdomen""
  }, {
    ""k"": ""primary_search"",
    ""v"": ""454588""
  }, {
    ""k"": ""primary_search"",
    ""v"": ""9010066""
  }, {
    ""k"": ""primary_search"",
    ""v"": ""DRP004203""
  }, {
    ""k"": ""primary_search"",
    ""v"": ""DRR129218""
  }, {
    ""k"": ""primary_search"",
    ""v"": ""DRS062489""
  }, {
    ""k"": ""primary_search"",
    ""v"": ""DRX121958""
  }, {
    ""k"": ""primary_search"",
    ""v"": ""PRJDB6980""
  }, {
    ""k"": ""primary_search"",
    ""v"": ""SAMD00116789""
  }]
}",1,"{""sex_calc"": ""female"", ""bases"": 57167262, ""bytes"": 31292003, ""run_file_create_date"": ""2018-05-08T00:10:00.000Z"", ""age_sam"": [""10 days""], ""biomaterial_provider_sam"": [""Ecology and Evolution Lab, Mikheyev Unit, Okinawa Institute of Science and Technology""], ""collected_by_sam"": [""Velasque, M.""], ""collection_date_sam"": [""2017-11-17""], ""label_sam"": [""GFP knockdown""], ""project_name_sam"": [""Doublesex regulates reproductive division of labour in honey bees""], ""replicate_sam_ss_dpl121"": [""biological replicate 8""], ""tissue_type_sam_s_dpl410"": ""Whole abdomen"", ""primary_search"": ""454588""}","drr129218 rna-seq oist public drx121958 samd00116789 illumina hiseq 2500 single cdna transcriptomic illumina drs062489 samd00116789 apis mellifera drp004203 2018-05-08 00:00:00.000000 utc prjdb6980  [] 2017-11-17 japan asia [japan:okinawa, oist] [] [] [am_gfp_53] [run.zq,sra] [gs,ncbi,s3] [gs.us-east1,ncbi.public,s3.us-east-1] {
  ""attributes"": [{
    ""k"": ""sex_calc"",
    ""v"": ""female""
  }, {
    ""k"": ""bases"",
    ""v"": ""57167262""
  }, {
    ""k"": ""bytes"",
    ""v"": ""31292003""
  }, {
    ""k"": ""run_file_create_date"",
    ""v"": ""2018-05-08t00:10:00.000z""
  }, {
    ""k"": ""age_sam"",
    ""v"": ""10 days""
  }, {
    ""k"": ""biomaterial_provider_sam"",
    ""v"": ""ecology and evolution lab, mikheyev unit, okinawa institute of science and technology""
  }, {
    ""k"": ""collected_by_sam"",
    ""v"": ""velasque, m.""
  }, {
    ""k"": ""collection_date_sam"",
    ""v"": ""2017-11-17""
  }, {
    ""k"": ""label_sam"",
    ""v"": ""gfp knockdown""
  }, {
    ""k"": ""project_name_sam"",
    ""v"": ""doublesex regulates reproductive division of labour in honey bees""
  }, {
    ""k"": ""replicate_sam_ss_dpl121"",
    ""v"": ""biological replicate 8""
  }, {
    ""k"": ""tissue_type_sam_s_dpl410"",
    ""v"": ""whole abdomen""
  }, {
    ""k"": ""primary_search"",
    ""v"": ""454588""
  }, {
    ""k"": ""primary_search"",
    ""v"": ""9010066""
  }, {
    ""k"": ""primary_search"",
    ""v"": ""drp004203""
  }, {
    ""k"": ""primary_search"",
    ""v"": ""drr129218""
  }, {
    ""k"": ""primary_search"",
    ""v"": ""drs062489""
  }, {
    ""k"": ""primary_search"",
    ""v"": ""drx121958""
  }, {
    ""k"": ""primary_search"",
    ""v"": ""prjdb6980""
  }, {
    ""k"": ""primary_search"",
    ""v"": ""samd00116789""
  }]
} {""sex_calc"": ""female"", ""bases"": 57167262, ""bytes"": 31292003, ""run_file_create_date"": ""2018-05-08t00:10:00.000z"", ""age_sam"": [""10 days""], ""biomaterial_provider_sam"": [""ecology and evolution lab, mikheyev unit, okinawa institute of science and technology""], ""collected_by_sam"": [""velasque, m.""], ""collection_date_sam"": [""2017-11-17""], ""label_sam"": [""gfp knockdown""], ""project_name_sam"": [""doublesex regulates reproductive division of labour in honey bees""], ""replicate_sam_ss_dpl121"": [""biological replicate 8""], ""tissue_type_sam_s_dpl410"": ""whole abdomen"", ""primary_search"": ""454588""}",,2
DRR129215,RNA-Seq,OIST,public,DRX121955,SAMD00116786,Illumina HiSeq 2500,SINGLE,cDNA,TRANSCRIPTOMIC,ILLUMINA,DRS062486,SAMD00116786,Apis mellifera,DRP004203,2018-05-08 00:00:00.000000 UTC,PRJDB6980,24,NA,50,47,NA,,[],2017-10-24,Japan,Asia,"[Japan:Okinawa, OIST]",[],[],[Am_GFP_25],"[run.zq,sra]","[gs,ncbi,s3]","[gs.us-east1,ncbi.public,s3.us-east-1]","{
  ""attributes"": [{
    ""k"": ""sex_calc"",
    ""v"": ""female""
  }, {
    ""k"": ""bases"",
    ""v"": ""47817100""
  }, {
    ""k"": ""bytes"",
    ""v"": ""26181265""
  }, {
    ""k"": ""run_file_create_date"",
    ""v"": ""2018-05-08T00:10:00.000Z""
  }, {
    ""k"": ""age_sam"",
    ""v"": ""10 days""
  }, {
    ""k"": ""biomaterial_provider_sam"",
    ""v"": ""Ecology and Evolution Lab, Mikheyev Unit, Okinawa Institute of Science and Technology""
  }, {
    ""k"": ""collected_by_sam"",
    ""v"": ""Velasque, M.""
  }, {
    ""k"": ""collection_date_sam"",
    ""v"": ""2017-10-24""
  }, {
    ""k"": ""label_sam"",
    ""v"": ""GFP knockdown""
  }, {
    ""k"": ""project_name_sam"",
    ""v"": ""Doublesex regulates reproductive division of labour in honey bees""
  }, {
    ""k"": ""replicate_sam_ss_dpl121"",
    ""v"": ""biological replicate 5""
  }, {
    ""k"": ""tissue_type_sam_s_dpl410"",
    ""v"": ""Whole abdomen""
  }, {
    ""k"": ""primary_search"",
    ""v"": ""454588""
  }, {
    ""k"": ""primary_search"",
    ""v"": ""9010063""
  }, {
    ""k"": ""primary_search"",
    ""v"": ""DRP004203""
  }, {
    ""k"": ""primary_search"",
    ""v"": ""DRR129215""
  }, {
    ""k"": ""primary_search"",
    ""v"": ""DRS062486""
  }, {
    ""k"": ""primary_search"",
    ""v"": ""DRX121955""
  }, {
    ""k"": ""primary_search"",
    ""v"": ""PRJDB6980""
  }, {
    ""k"": ""primary_search"",
    ""v"": ""SAMD00116786""
  }]
}",1,"{""sex_calc"": ""female"", ""bases"": 47817100, ""bytes"": 26181265, ""run_file_create_date"": ""2018-05-08T00:10:00.000Z"", ""age_sam"": [""10 days""], ""biomaterial_provider_sam"": [""Ecology and Evolution Lab, Mikheyev Unit, Okinawa Institute of Science and Technology""], ""collected_by_sam"": [""Velasque, M.""], ""collection_date_sam"": [""2017-10-24""], ""label_sam"": [""GFP knockdown""], ""project_name_sam"": [""Doublesex regulates reproductive division of labour in honey bees""], ""replicate_sam_ss_dpl121"": [""biological replicate 5""], ""tissue_type_sam_s_dpl410"": ""Whole abdomen"", ""primary_search"": ""454588""}","drr129215 rna-seq oist public drx121955 samd00116786 illumina hiseq 2500 single cdna transcriptomic illumina drs062486 samd00116786 apis mellifera drp004203 2018-05-08 00:00:00.000000 utc prjdb6980  [] 2017-10-24 japan asia [japan:okinawa, oist] [] [] [am_gfp_25] [run.zq,sra] [gs,ncbi,s3] [gs.us-east1,ncbi.public,s3.us-east-1] {
  ""attributes"": [{
    ""k"": ""sex_calc"",
    ""v"": ""female""
  }, {
    ""k"": ""bases"",
    ""v"": ""47817100""
  }, {
    ""k"": ""bytes"",
    ""v"": ""26181265""
  }, {
    ""k"": ""run_file_create_date"",
    ""v"": ""2018-05-08t00:10:00.000z""
  }, {
    ""k"": ""age_sam"",
    ""v"": ""10 days""
  }, {
    ""k"": ""biomaterial_provider_sam"",
    ""v"": ""ecology and evolution lab, mikheyev unit, okinawa institute of science and technology""
  }, {
    ""k"": ""collected_by_sam"",
    ""v"": ""velasque, m.""
  }, {
    ""k"": ""collection_date_sam"",
    ""v"": ""2017-10-24""
  }, {
    ""k"": ""label_sam"",
    ""v"": ""gfp knockdown""
  }, {
    ""k"": ""project_name_sam"",
    ""v"": ""doublesex regulates reproductive division of labour in honey bees""
  }, {
    ""k"": ""replicate_sam_ss_dpl121"",
    ""v"": ""biological replicate 5""
  }, {
    ""k"": ""tissue_type_sam_s_dpl410"",
    ""v"": ""whole abdomen""
  }, {
    ""k"": ""primary_search"",
    ""v"": ""454588""
  }, {
    ""k"": ""primary_search"",
    ""v"": ""9010063""
  }, {
    ""k"": ""primary_search"",
    ""v"": ""drp004203""
  }, {
    ""k"": ""primary_search"",
    ""v"": ""drr129215""
  }, {
    ""k"": ""primary_search"",
    ""v"": ""drs062486""
  }, {
    ""k"": ""primary_search"",
    ""v"": ""drx121955""
  }, {
    ""k"": ""primary_search"",
    ""v"": ""prjdb6980""
  }, {
    ""k"": ""primary_search"",
    ""v"": ""samd00116786""
  }]
} {""sex_calc"": ""female"", ""bases"": 47817100, ""bytes"": 26181265, ""run_file_create_date"": ""2018-05-08t00:10:00.000z"", ""age_sam"": [""10 days""], ""biomaterial_provider_sam"": [""ecology and evolution lab, mikheyev unit, okinawa institute of science and technology""], ""collected_by_sam"": [""velasque, m.""], ""collection_date_sam"": [""2017-10-24""], ""label_sam"": [""gfp knockdown""], ""project_name_sam"": [""doublesex regulates reproductive division of labour in honey bees""], ""replicate_sam_ss_dpl121"": [""biological replicate 5""], ""tissue_type_sam_s_dpl410"": ""whole abdomen"", ""primary_search"": ""454588""}",,2
DRR129220,RNA-Seq,OIST,public,DRX121960,SAMD00116791,Illumina HiSeq 2500,SINGLE,cDNA,TRANSCRIPTOMIC,ILLUMINA,DRS062491,SAMD00116791,Apis mellifera,DRP004203,2018-05-08 00:00:00.000000 UTC,PRJDB6980,21,NA,50,40,NA,,[],2017-10-24,Japan,Asia,"[Japan:Okinawa, OIST]",[],[],[Am_GFP_9],"[run.zq,sra]","[gs,ncbi,s3]","[gs.us-east1,ncbi.public,s3.us-east-1]","{
  ""attributes"": [{
    ""k"": ""sex_calc"",
    ""v"": ""female""
  }, {
    ""k"": ""bases"",
    ""v"": ""40777932""
  }, {
    ""k"": ""bytes"",
    ""v"": ""22817411""
  }, {
    ""k"": ""run_file_create_date"",
    ""v"": ""2018-05-08T00:11:00.000Z""
  }, {
    ""k"": ""age_sam"",
    ""v"": ""10 days""
  }, {
    ""k"": ""biomaterial_provider_sam"",
    ""v"": ""Ecology and Evolution Lab, Mikheyev Unit, Okinawa Institute of Science and Technology""
  }, {
    ""k"": ""collected_by_sam"",
    ""v"": ""Velasque, M.""
  }, {
    ""k"": ""collection_date_sam"",
    ""v"": ""2017-10-24""
  }, {
    ""k"": ""label_sam"",
    ""v"": ""GFP knockdown""
  }, {
    ""k"": ""project_name_sam"",
    ""v"": ""Doublesex regulates reproductive division of labour in honey bees""
  }, {
    ""k"": ""replicate_sam_ss_dpl121"",
    ""v"": ""biological replicate 10""
  }, {
    ""k"": ""tissue_type_sam_s_dpl410"",
    ""v"": ""Whole abdomen""
  }, {
    ""k"": ""primary_search"",
    ""v"": ""454588""
  }, {
    ""k"": ""primary_search"",
    ""v"": ""9010068""
  }, {
    ""k"": ""primary_search"",
    ""v"": ""DRP004203""
  }, {
    ""k"": ""primary_search"",
    ""v"": ""DRR129220""
  }, {
    ""k"": ""primary_search"",
    ""v"": ""DRS062491""
  }, {
    ""k"": ""primary_search"",
    ""v"": ""DRX121960""
  }, {
    ""k"": ""primary_search"",
    ""v"": ""PRJDB6980""
  }, {
    ""k"": ""primary_search"",
    ""v"": ""SAMD00116791""
  }]
}",1,"{""sex_calc"": ""female"", ""bases"": 40777932, ""bytes"": 22817411, ""run_file_create_date"": ""2018-05-08T00:11:00.000Z"", ""age_sam"": [""10 days""], ""biomaterial_provider_sam"": [""Ecology and Evolution Lab, Mikheyev Unit, Okinawa Institute of Science and Technology""], ""collected_by_sam"": [""Velasque, M.""], ""collection_date_sam"": [""2017-10-24""], ""label_sam"": [""GFP knockdown""], ""project_name_sam"": [""Doublesex regulates reproductive division of labour in honey bees""], ""replicate_sam_ss_dpl121"": [""biological replicate 10""], ""tissue_type_sam_s_dpl410"": ""Whole abdomen"", ""primary_search"": ""454588""}","drr129220 rna-seq oist public drx121960 samd00116791 illumina hiseq 2500 single cdna transcriptomic illumina drs062491 samd00116791 apis mellifera drp004203 2018-05-08 00:00:00.000000 utc prjdb6980  [] 2017-10-24 japan asia [japan:okinawa, oist] [] [] [am_gfp_9] [run.zq,sra] [gs,ncbi,s3] [gs.us-east1,ncbi.public,s3.us-east-1] {
  ""attributes"": [{
    ""k"": ""sex_calc"",
    ""v"": ""female""
  }, {
    ""k"": ""bases"",
    ""v"": ""40777932""
  }, {
    ""k"": ""bytes"",
    ""v"": ""22817411""
  }, {
    ""k"": ""run_file_create_date"",
    ""v"": ""2018-05-08t00:11:00.000z""
  }, {
    ""k"": ""age_sam"",
    ""v"": ""10 days""
  }, {
    ""k"": ""biomaterial_provider_sam"",
    ""v"": ""ecology and evolution lab, mikheyev unit, okinawa institute of science and technology""
  }, {
    ""k"": ""collected_by_sam"",
    ""v"": ""velasque, m.""
  }, {
    ""k"": ""collection_date_sam"",
    ""v"": ""2017-10-24""
  }, {
    ""k"": ""label_sam"",
    ""v"": ""gfp knockdown""
  }, {
    ""k"": ""project_name_sam"",
    ""v"": ""doublesex regulates reproductive division of labour in honey bees""
  }, {
    ""k"": ""replicate_sam_ss_dpl121"",
    ""v"": ""biological replicate 10""
  }, {
    ""k"": ""tissue_type_sam_s_dpl410"",
    ""v"": ""whole abdomen""
  }, {
    ""k"": ""primary_search"",
    ""v"": ""454588""
  }, {
    ""k"": ""primary_search"",
    ""v"": ""9010068""
  }, {
    ""k"": ""primary_search"",
    ""v"": ""drp004203""
  }, {
    ""k"": ""primary_search"",
    ""v"": ""drr129220""
  }, {
    ""k"": ""primary_search"",
    ""v"": ""drs062491""
  }, {
    ""k"": ""primary_search"",
    ""v"": ""drx121960""
  }, {
    ""k"": ""primary_search"",
    ""v"": ""prjdb6980""
  }, {
    ""k"": ""primary_search"",
    ""v"": ""samd00116791""
  }]
} {""sex_calc"": ""female"", ""bases"": 40777932, ""bytes"": 22817411, ""run_file_create_date"": ""2018-05-08t00:11:00.000z"", ""age_sam"": [""10 days""], ""biomaterial_provider_sam"": [""ecology and evolution lab, mikheyev unit, okinawa institute of science and technology""], ""collected_by_sam"": [""velasque, m.""], ""collection_date_sam"": [""2017-10-24""], ""label_sam"": [""gfp knockdown""], ""project_name_sam"": [""doublesex regulates reproductive division of labour in honey bees""], ""replicate_sam_ss_dpl121"": [""biological replicate 10""], ""tissue_type_sam_s_dpl410"": ""whole abdomen"", ""primary_search"": ""454588""}",,2
DRR129207,RNA-Seq,OIST,public,DRX121947,SAMD00116778,Illumina HiSeq 2500,SINGLE,cDNA,TRANSCRIPTOMIC,ILLUMINA,DRS062478,SAMD00116778,Apis mellifera,DRP004203,2018-05-08 00:00:00.000000 UTC,PRJDB6980,31,NA,50,61,NA,,[],2017-11-17,Japan,Asia,"[Japan:Okinawa, OIST]",[],[],[Am_Dsx_54],"[run.zq,sra]","[gs,ncbi,s3]","[gs.us-east1,ncbi.public,s3.us-east-1]","{
  ""attributes"": [{
    ""k"": ""sex_calc"",
    ""v"": ""female""
  }, {
    ""k"": ""bases"",
    ""v"": ""61165597""
  }, {
    ""k"": ""bytes"",
    ""v"": ""33307101""
  }, {
    ""k"": ""run_file_create_date"",
    ""v"": ""2018-05-08T00:09:00.000Z""
  }, {
    ""k"": ""age_sam"",
    ""v"": ""10 days""
  }, {
    ""k"": ""biomaterial_provider_sam"",
    ""v"": ""Ecology and Evolution Lab, Mikheyev Unit, Okinawa Institute of Science and Technology""
  }, {
    ""k"": ""collected_by_sam"",
    ""v"": ""Velasque, M.""
  }, {
    ""k"": ""collection_date_sam"",
    ""v"": ""2017-11-17""
  }, {
    ""k"": ""label_sam"",
    ""v"": ""Dsx knockdown""
  }, {
    ""k"": ""project_name_sam"",
    ""v"": ""Doublesex regulates reproductive division of labour in honey bees""
  }, {
    ""k"": ""replicate_sam_ss_dpl121"",
    ""v"": ""biological replicate 7""
  }, {
    ""k"": ""tissue_type_sam_s_dpl410"",
    ""v"": ""Whole abdomen""
  }, {
    ""k"": ""primary_search"",
    ""v"": ""454588""
  }, {
    ""k"": ""primary_search"",
    ""v"": ""9010055""
  }, {
    ""k"": ""primary_search"",
    ""v"": ""DRP004203""
  }, {
    ""k"": ""primary_search"",
    ""v"": ""DRR129207""
  }, {
    ""k"": ""primary_search"",
    ""v"": ""DRS062478""
  }, {
    ""k"": ""primary_search"",
    ""v"": ""DRX121947""
  }, {
    ""k"": ""primary_search"",
    ""v"": ""PRJDB6980""
  }, {
    ""k"": ""primary_search"",
    ""v"": ""SAMD00116778""
  }]
}",1,"{""sex_calc"": ""female"", ""bases"": 61165597, ""bytes"": 33307101, ""run_file_create_date"": ""2018-05-08T00:09:00.000Z"", ""age_sam"": [""10 days""], ""biomaterial_provider_sam"": [""Ecology and Evolution Lab, Mikheyev Unit, Okinawa Institute of Science and Technology""], ""collected_by_sam"": [""Velasque, M.""], ""collection_date_sam"": [""2017-11-17""], ""label_sam"": [""Dsx knockdown""], ""project_name_sam"": [""Doublesex regulates reproductive division of labour in honey bees""], ""replicate_sam_ss_dpl121"": [""biological replicate 7""], ""tissue_type_sam_s_dpl410"": ""Whole abdomen"", ""primary_search"": ""454588""}","drr129207 rna-seq oist public drx121947 samd00116778 illumina hiseq 2500 single cdna transcriptomic illumina drs062478 samd00116778 apis mellifera drp004203 2018-05-08 00:00:00.000000 utc prjdb6980  [] 2017-11-17 japan asia [japan:okinawa, oist] [] [] [am_dsx_54] [run.zq,sra] [gs,ncbi,s3] [gs.us-east1,ncbi.public,s3.us-east-1] {
  ""attributes"": [{
    ""k"": ""sex_calc"",
    ""v"": ""female""
  }, {
    ""k"": ""bases"",
    ""v"": ""61165597""
  }, {
    ""k"": ""bytes"",
    ""v"": ""33307101""
  }, {
    ""k"": ""run_file_create_date"",
    ""v"": ""2018-05-08t00:09:00.000z""
  }, {
    ""k"": ""age_sam"",
    ""v"": ""10 days""
  }, {
    ""k"": ""biomaterial_provider_sam"",
    ""v"": ""ecology and evolution lab, mikheyev unit, okinawa institute of science and technology""
  }, {
    ""k"": ""collected_by_sam"",
    ""v"": ""velasque, m.""
  }, {
    ""k"": ""collection_date_sam"",
    ""v"": ""2017-11-17""
  }, {
    ""k"": ""label_sam"",
    ""v"": ""dsx knockdown""
  }, {
    ""k"": ""project_name_sam"",
    ""v"": ""doublesex regulates reproductive division of labour in honey bees""
  }, {
    ""k"": ""replicate_sam_ss_dpl121"",
    ""v"": ""biological replicate 7""
  }, {
    ""k"": ""tissue_type_sam_s_dpl410"",
    ""v"": ""whole abdomen""
  }, {
    ""k"": ""primary_search"",
    ""v"": ""454588""
  }, {
    ""k"": ""primary_search"",
    ""v"": ""9010055""
  }, {
    ""k"": ""primary_search"",
    ""v"": ""drp004203""
  }, {
    ""k"": ""primary_search"",
    ""v"": ""drr129207""
  }, {
    ""k"": ""primary_search"",
    ""v"": ""drs062478""
  }, {
    ""k"": ""primary_search"",
    ""v"": ""drx121947""
  }, {
    ""k"": ""primary_search"",
    ""v"": ""prjdb6980""
  }, {
    ""k"": ""primary_search"",
    ""v"": ""samd00116778""
  }]
} {""sex_calc"": ""female"", ""bases"": 61165597, ""bytes"": 33307101, ""run_file_create_date"": ""2018-05-08t00:09:00.000z"", ""age_sam"": [""10 days""], ""biomaterial_provider_sam"": [""ecology and evolution lab, mikheyev unit, okinawa institute of science and technology""], ""collected_by_sam"": [""velasque, m.""], ""collection_date_sam"": [""2017-11-17""], ""label_sam"": [""dsx knockdown""], ""project_name_sam"": [""doublesex regulates reproductive division of labour in honey bees""], ""replicate_sam_ss_dpl121"": [""biological replicate 7""], ""tissue_type_sam_s_dpl410"": ""whole abdomen"", ""primary_search"": ""454588""}",,2
DRR129201,RNA-Seq,OIST,public,DRX121941,SAMD00116772,Illumina HiSeq 2500,SINGLE,cDNA,TRANSCRIPTOMIC,ILLUMINA,DRS062472,SAMD00116772,Apis mellifera,DRP004203,2018-05-08 00:00:00.000000 UTC,PRJDB6980,22,NA,50,43,NA,,[],2017-10-24,Japan,Asia,"[Japan:Okinawa, OIST]",[],[],[Am_Dsx_11],"[run.zq,sra]","[gs,ncbi,s3]","[gs.us-east1,ncbi.public,s3.us-east-1]","{
  ""attributes"": [{
    ""k"": ""sex_calc"",
    ""v"": ""female""
  }, {
    ""k"": ""bases"",
    ""v"": ""43428131""
  }, {
    ""k"": ""bytes"",
    ""v"": ""24069605""
  }, {
    ""k"": ""run_file_create_date"",
    ""v"": ""2018-05-08T00:10:00.000Z""
  }, {
    ""k"": ""age_sam"",
    ""v"": ""10 days""
  }, {
    ""k"": ""biomaterial_provider_sam"",
    ""v"": ""Ecology and Evolution Lab, Mikheyev Unit, Okinawa Institute of Science and Technology""
  }, {
    ""k"": ""collected_by_sam"",
    ""v"": ""Velasque, M.""
  }, {
    ""k"": ""collection_date_sam"",
    ""v"": ""2017-10-24""
  }, {
    ""k"": ""label_sam"",
    ""v"": ""Dsx knockdown""
  }, {
    ""k"": ""project_name_sam"",
    ""v"": ""Doublesex regulates reproductive division of labour in honey bees""
  }, {
    ""k"": ""replicate_sam_ss_dpl121"",
    ""v"": ""biological replicate 1""
  }, {
    ""k"": ""tissue_type_sam_s_dpl410"",
    ""v"": ""Whole abdomen""
  }, {
    ""k"": ""primary_search"",
    ""v"": ""454588""
  }, {
    ""k"": ""primary_search"",
    ""v"": ""9010049""
  }, {
    ""k"": ""primary_search"",
    ""v"": ""DRP004203""
  }, {
    ""k"": ""primary_search"",
    ""v"": ""DRR129201""
  }, {
    ""k"": ""primary_search"",
    ""v"": ""DRS062472""
  }, {
    ""k"": ""primary_search"",
    ""v"": ""DRX121941""
  }, {
    ""k"": ""primary_search"",
    ""v"": ""PRJDB6980""
  }, {
    ""k"": ""primary_search"",
    ""v"": ""SAMD00116772""
  }]
}",1,"{""sex_calc"": ""female"", ""bases"": 43428131, ""bytes"": 24069605, ""run_file_create_date"": ""2018-05-08T00:10:00.000Z"", ""age_sam"": [""10 days""], ""biomaterial_provider_sam"": [""Ecology and Evolution Lab, Mikheyev Unit, Okinawa Institute of Science and Technology""], ""collected_by_sam"": [""Velasque, M.""], ""collection_date_sam"": [""2017-10-24""], ""label_sam"": [""Dsx knockdown""], ""project_name_sam"": [""Doublesex regulates reproductive division of labour in honey bees""], ""replicate_sam_ss_dpl121"": [""biological replicate 1""], ""tissue_type_sam_s_dpl410"": ""Whole abdomen"", ""primary_search"": ""454588""}","drr129201 rna-seq oist public drx121941 samd00116772 illumina hiseq 2500 single cdna transcriptomic illumina drs062472 samd00116772 apis mellifera drp004203 2018-05-08 00:00:00.000000 utc prjdb6980  [] 2017-10-24 japan asia [japan:okinawa, oist] [] [] [am_dsx_11] [run.zq,sra] [gs,ncbi,s3] [gs.us-east1,ncbi.public,s3.us-east-1] {
  ""attributes"": [{
    ""k"": ""sex_calc"",
    ""v"": ""female""
  }, {
    ""k"": ""bases"",
    ""v"": ""43428131""
  }, {
    ""k"": ""bytes"",
    ""v"": ""24069605""
  }, {
    ""k"": ""run_file_create_date"",
    ""v"": ""2018-05-08t00:10:00.000z""
  }, {
    ""k"": ""age_sam"",
    ""v"": ""10 days""
  }, {
    ""k"": ""biomaterial_provider_sam"",
    ""v"": ""ecology and evolution lab, mikheyev unit, okinawa institute of science and technology""
  }, {
    ""k"": ""collected_by_sam"",
    ""v"": ""velasque, m.""
  }, {
    ""k"": ""collection_date_sam"",
    ""v"": ""2017-10-24""
  }, {
    ""k"": ""label_sam"",
    ""v"": ""dsx knockdown""
  }, {
    ""k"": ""project_name_sam"",
    ""v"": ""doublesex regulates reproductive division of labour in honey bees""
  }, {
    ""k"": ""replicate_sam_ss_dpl121"",
    ""v"": ""biological replicate 1""
  }, {
    ""k"": ""tissue_type_sam_s_dpl410"",
    ""v"": ""whole abdomen""
  }, {
    ""k"": ""primary_search"",
    ""v"": ""454588""
  }, {
    ""k"": ""primary_search"",
    ""v"": ""9010049""
  }, {
    ""k"": ""primary_search"",
    ""v"": ""drp004203""
  }, {
    ""k"": ""primary_search"",
    ""v"": ""drr129201""
  }, {
    ""k"": ""primary_search"",
    ""v"": ""drs062472""
  }, {
    ""k"": ""primary_search"",
    ""v"": ""drx121941""
  }, {
    ""k"": ""primary_search"",
    ""v"": ""prjdb6980""
  }, {
    ""k"": ""primary_search"",
    ""v"": ""samd00116772""
  }]
} {""sex_calc"": ""female"", ""bases"": 43428131, ""bytes"": 24069605, ""run_file_create_date"": ""2018-05-08t00:10:00.000z"", ""age_sam"": [""10 days""], ""biomaterial_provider_sam"": [""ecology and evolution lab, mikheyev unit, okinawa institute of science and technology""], ""collected_by_sam"": [""velasque, m.""], ""collection_date_sam"": [""2017-10-24""], ""label_sam"": [""dsx knockdown""], ""project_name_sam"": [""doublesex regulates reproductive division of labour in honey bees""], ""replicate_sam_ss_dpl121"": [""biological replicate 1""], ""tissue_type_sam_s_dpl410"": ""whole abdomen"", ""primary_search"": ""454588""}",,2
DRR129213,RNA-Seq,OIST,public,DRX121953,SAMD00116784,Illumina HiSeq 2500,SINGLE,cDNA,TRANSCRIPTOMIC,ILLUMINA,DRS062484,SAMD00116784,Apis mellifera,DRP004203,2018-05-08 00:00:00.000000 UTC,PRJDB6980,24,NA,50,45,NA,,[],2017-10-24,Japan,Asia,"[Japan:Okinawa, OIST]",[],[],[Am_GFP_13],"[run.zq,sra]","[gs,ncbi,s3]","[gs.us-east1,ncbi.public,s3.us-east-1]","{
  ""attributes"": [{
    ""k"": ""sex_calc"",
    ""v"": ""female""
  }, {
    ""k"": ""bases"",
    ""v"": ""45029309""
  }, {
    ""k"": ""bytes"",
    ""v"": ""25446234""
  }, {
    ""k"": ""run_file_create_date"",
    ""v"": ""2018-05-08T00:10:00.000Z""
  }, {
    ""k"": ""age_sam"",
    ""v"": ""10 days""
  }, {
    ""k"": ""biomaterial_provider_sam"",
    ""v"": ""Ecology and Evolution Lab, Mikheyev Unit, Okinawa Institute of Science and Technology""
  }, {
    ""k"": ""collected_by_sam"",
    ""v"": ""Velasque, M.""
  }, {
    ""k"": ""collection_date_sam"",
    ""v"": ""2017-10-24""
  }, {
    ""k"": ""label_sam"",
    ""v"": ""GFP knockdown""
  }, {
    ""k"": ""project_name_sam"",
    ""v"": ""Doublesex regulates reproductive division of labour in honey bees""
  }, {
    ""k"": ""replicate_sam_ss_dpl121"",
    ""v"": ""biological replicate 3""
  }, {
    ""k"": ""tissue_type_sam_s_dpl410"",
    ""v"": ""Whole abdomen""
  }, {
    ""k"": ""primary_search"",
    ""v"": ""454588""
  }, {
    ""k"": ""primary_search"",
    ""v"": ""9010061""
  }, {
    ""k"": ""primary_search"",
    ""v"": ""DRP004203""
  }, {
    ""k"": ""primary_search"",
    ""v"": ""DRR129213""
  }, {
    ""k"": ""primary_search"",
    ""v"": ""DRS062484""
  }, {
    ""k"": ""primary_search"",
    ""v"": ""DRX121953""
  }, {
    ""k"": ""primary_search"",
    ""v"": ""PRJDB6980""
  }, {
    ""k"": ""primary_search"",
    ""v"": ""SAMD00116784""
  }]
}",1,"{""sex_calc"": ""female"", ""bases"": 45029309, ""bytes"": 25446234, ""run_file_create_date"": ""2018-05-08T00:10:00.000Z"", ""age_sam"": [""10 days""], ""biomaterial_provider_sam"": [""Ecology and Evolution Lab, Mikheyev Unit, Okinawa Institute of Science and Technology""], ""collected_by_sam"": [""Velasque, M.""], ""collection_date_sam"": [""2017-10-24""], ""label_sam"": [""GFP knockdown""], ""project_name_sam"": [""Doublesex regulates reproductive division of labour in honey bees""], ""replicate_sam_ss_dpl121"": [""biological replicate 3""], ""tissue_type_sam_s_dpl410"": ""Whole abdomen"", ""primary_search"": ""454588""}","drr129213 rna-seq oist public drx121953 samd00116784 illumina hiseq 2500 single cdna transcriptomic illumina drs062484 samd00116784 apis mellifera drp004203 2018-05-08 00:00:00.000000 utc prjdb6980  [] 2017-10-24 japan asia [japan:okinawa, oist] [] [] [am_gfp_13] [run.zq,sra] [gs,ncbi,s3] [gs.us-east1,ncbi.public,s3.us-east-1] {
  ""attributes"": [{
    ""k"": ""sex_calc"",
    ""v"": ""female""
  }, {
    ""k"": ""bases"",
    ""v"": ""45029309""
  }, {
    ""k"": ""bytes"",
    ""v"": ""25446234""
  }, {
    ""k"": ""run_file_create_date"",
    ""v"": ""2018-05-08t00:10:00.000z""
  }, {
    ""k"": ""age_sam"",
    ""v"": ""10 days""
  }, {
    ""k"": ""biomaterial_provider_sam"",
    ""v"": ""ecology and evolution lab, mikheyev unit, okinawa institute of science and technology""
  }, {
    ""k"": ""collected_by_sam"",
    ""v"": ""velasque, m.""
  }, {
    ""k"": ""collection_date_sam"",
    ""v"": ""2017-10-24""
  }, {
    ""k"": ""label_sam"",
    ""v"": ""gfp knockdown""
  }, {
    ""k"": ""project_name_sam"",
    ""v"": ""doublesex regulates reproductive division of labour in honey bees""
  }, {
    ""k"": ""replicate_sam_ss_dpl121"",
    ""v"": ""biological replicate 3""
  }, {
    ""k"": ""tissue_type_sam_s_dpl410"",
    ""v"": ""whole abdomen""
  }, {
    ""k"": ""primary_search"",
    ""v"": ""454588""
  }, {
    ""k"": ""primary_search"",
    ""v"": ""9010061""
  }, {
    ""k"": ""primary_search"",
    ""v"": ""drp004203""
  }, {
    ""k"": ""primary_search"",
    ""v"": ""drr129213""
  }, {
    ""k"": ""primary_search"",
    ""v"": ""drs062484""
  }, {
    ""k"": ""primary_search"",
    ""v"": ""drx121953""
  }, {
    ""k"": ""primary_search"",
    ""v"": ""prjdb6980""
  }, {
    ""k"": ""primary_search"",
    ""v"": ""samd00116784""
  }]
} {""sex_calc"": ""female"", ""bases"": 45029309, ""bytes"": 25446234, ""run_file_create_date"": ""2018-05-08t00:10:00.000z"", ""age_sam"": [""10 days""], ""biomaterial_provider_sam"": [""ecology and evolution lab, mikheyev unit, okinawa institute of science and technology""], ""collected_by_sam"": [""velasque, m.""], ""collection_date_sam"": [""2017-10-24""], ""label_sam"": [""gfp knockdown""], ""project_name_sam"": [""doublesex regulates reproductive division of labour in honey bees""], ""replicate_sam_ss_dpl121"": [""biological replicate 3""], ""tissue_type_sam_s_dpl410"": ""whole abdomen"", ""primary_search"": ""454588""}",,2
DRR129209,RNA-Seq,OIST,public,DRX121949,SAMD00116780,Illumina HiSeq 2500,SINGLE,cDNA,TRANSCRIPTOMIC,ILLUMINA,DRS062480,SAMD00116780,Apis mellifera,DRP004203,2018-05-08 00:00:00.000000 UTC,PRJDB6980,25,NA,50,47,NA,,[],2017-11-17,Japan,Asia,"[Japan:Okinawa, OIST]",[],[],[Am_Dsx_61],"[run.zq,sra]","[gs,ncbi,s3]","[gs.us-east1,ncbi.public,s3.us-east-1]","{
  ""attributes"": [{
    ""k"": ""sex_calc"",
    ""v"": ""female""
  }, {
    ""k"": ""bases"",
    ""v"": ""47915909""
  }, {
    ""k"": ""bytes"",
    ""v"": ""26541558""
  }, {
    ""k"": ""run_file_create_date"",
    ""v"": ""2018-05-08T00:08:00.000Z""
  }, {
    ""k"": ""age_sam"",
    ""v"": ""10 days""
  }, {
    ""k"": ""biomaterial_provider_sam"",
    ""v"": ""Ecology and Evolution Lab, Mikheyev Unit, Okinawa Institute of Science and Technology""
  }, {
    ""k"": ""collected_by_sam"",
    ""v"": ""Velasque, M.""
  }, {
    ""k"": ""collection_date_sam"",
    ""v"": ""2017-11-17""
  }, {
    ""k"": ""label_sam"",
    ""v"": ""Dsx knockdown""
  }, {
    ""k"": ""project_name_sam"",
    ""v"": ""Doublesex regulates reproductive division of labour in honey bees""
  }, {
    ""k"": ""replicate_sam_ss_dpl121"",
    ""v"": ""biological replicate 9""
  }, {
    ""k"": ""tissue_type_sam_s_dpl410"",
    ""v"": ""Whole abdomen""
  }, {
    ""k"": ""primary_search"",
    ""v"": ""454588""
  }, {
    ""k"": ""primary_search"",
    ""v"": ""9010057""
  }, {
    ""k"": ""primary_search"",
    ""v"": ""DRP004203""
  }, {
    ""k"": ""primary_search"",
    ""v"": ""DRR129209""
  }, {
    ""k"": ""primary_search"",
    ""v"": ""DRS062480""
  }, {
    ""k"": ""primary_search"",
    ""v"": ""DRX121949""
  }, {
    ""k"": ""primary_search"",
    ""v"": ""PRJDB6980""
  }, {
    ""k"": ""primary_search"",
    ""v"": ""SAMD00116780""
  }]
}",1,"{""sex_calc"": ""female"", ""bases"": 47915909, ""bytes"": 26541558, ""run_file_create_date"": ""2018-05-08T00:08:00.000Z"", ""age_sam"": [""10 days""], ""biomaterial_provider_sam"": [""Ecology and Evolution Lab, Mikheyev Unit, Okinawa Institute of Science and Technology""], ""collected_by_sam"": [""Velasque, M.""], ""collection_date_sam"": [""2017-11-17""], ""label_sam"": [""Dsx knockdown""], ""project_name_sam"": [""Doublesex regulates reproductive division of labour in honey bees""], ""replicate_sam_ss_dpl121"": [""biological replicate 9""], ""tissue_type_sam_s_dpl410"": ""Whole abdomen"", ""primary_search"": ""454588""}","drr129209 rna-seq oist public drx121949 samd00116780 illumina hiseq 2500 single cdna transcriptomic illumina drs062480 samd00116780 apis mellifera drp004203 2018-05-08 00:00:00.000000 utc prjdb6980  [] 2017-11-17 japan asia [japan:okinawa, oist] [] [] [am_dsx_61] [run.zq,sra] [gs,ncbi,s3] [gs.us-east1,ncbi.public,s3.us-east-1] {
  ""attributes"": [{
    ""k"": ""sex_calc"",
    ""v"": ""female""
  }, {
    ""k"": ""bases"",
    ""v"": ""47915909""
  }, {
    ""k"": ""bytes"",
    ""v"": ""26541558""
  }, {
    ""k"": ""run_file_create_date"",
    ""v"": ""2018-05-08t00:08:00.000z""
  }, {
    ""k"": ""age_sam"",
    ""v"": ""10 days""
  }, {
    ""k"": ""biomaterial_provider_sam"",
    ""v"": ""ecology and evolution lab, mikheyev unit, okinawa institute of science and technology""
  }, {
    ""k"": ""collected_by_sam"",
    ""v"": ""velasque, m.""
  }, {
    ""k"": ""collection_date_sam"",
    ""v"": ""2017-11-17""
  }, {
    ""k"": ""label_sam"",
    ""v"": ""dsx knockdown""
  }, {
    ""k"": ""project_name_sam"",
    ""v"": ""doublesex regulates reproductive division of labour in honey bees""
  }, {
    ""k"": ""replicate_sam_ss_dpl121"",
    ""v"": ""biological replicate 9""
  }, {
    ""k"": ""tissue_type_sam_s_dpl410"",
    ""v"": ""whole abdomen""
  }, {
    ""k"": ""primary_search"",
    ""v"": ""454588""
  }, {
    ""k"": ""primary_search"",
    ""v"": ""9010057""
  }, {
    ""k"": ""primary_search"",
    ""v"": ""drp004203""
  }, {
    ""k"": ""primary_search"",
    ""v"": ""drr129209""
  }, {
    ""k"": ""primary_search"",
    ""v"": ""drs062480""
  }, {
    ""k"": ""primary_search"",
    ""v"": ""drx121949""
  }, {
    ""k"": ""primary_search"",
    ""v"": ""prjdb6980""
  }, {
    ""k"": ""primary_search"",
    ""v"": ""samd00116780""
  }]
} {""sex_calc"": ""female"", ""bases"": 47915909, ""bytes"": 26541558, ""run_file_create_date"": ""2018-05-08t00:08:00.000z"", ""age_sam"": [""10 days""], ""biomaterial_provider_sam"": [""ecology and evolution lab, mikheyev unit, okinawa institute of science and technology""], ""collected_by_sam"": [""velasque, m.""], ""collection_date_sam"": [""2017-11-17""], ""label_sam"": [""dsx knockdown""], ""project_name_sam"": [""doublesex regulates reproductive division of labour in honey bees""], ""replicate_sam_ss_dpl121"": [""biological replicate 9""], ""tissue_type_sam_s_dpl410"": ""whole abdomen"", ""primary_search"": ""454588""}",,2
SRR4002881,RNA-Seq,KU LEUVEN,public,SRX2003135,TRMT3_11AbTh,Illumina HiSeq 2000,PAIRED,RANDOM,TRANSCRIPTOMIC,ILLUMINA,SRS1603208,SAMN05508597,Apis mellifera,SRP080981,2016-12-20 00:00:00.000000 UTC,PRJNA336281,861,NA,180,1299,NA,,[Model organism or animal],,,,[],[],[],[],"[fastq,run.zq,sra]","[gs,ncbi,s3]","[gs.us-east1,ncbi.public,s3.us-east-1]","{
  ""attributes"": [{
    ""k"": ""sex_calc"",
    ""v"": ""female""
  }, {
    ""k"": ""bases"",
    ""v"": ""1299926700""
  }, {
    ""k"": ""bytes"",
    ""v"": ""903350796""
  }, {
    ""k"": ""run_file_create_date"",
    ""v"": ""2016-08-05T07:14:00.000Z""
  }, {
    ""k"": ""dev_stage_sam"",
    ""v"": ""forager""
  }, {
    ""k"": ""isolate_sam_ss_dpl100"",
    ""v"": ""11""
  }, {
    ""k"": ""strain_sam_ss_dpl139"",
    ""v"": ""mellifera""
  }, {
    ""k"": ""tissue_sam_ss_dpl145"",
    ""v"": ""abdomen""
  }, {
    ""k"": ""treatment_sam_ss_dpl55"",
    ""v"": ""TRMT3""
  }, {
    ""k"": ""primary_search"",
    ""v"": ""336281""
  }, {
    ""k"": ""primary_search"",
    ""v"": ""5508597""
  }, {
    ""k"": ""primary_search"",
    ""v"": ""PRJNA336281""
  }, {
    ""k"": ""primary_search"",
    ""v"": ""SAMN05508597""
  }, {
    ""k"": ""primary_search"",
    ""v"": ""SRP080981""
  }, {
    ""k"": ""primary_search"",
    ""v"": ""SRR4002881""
  }, {
    ""k"": ""primary_search"",
    ""v"": ""SRS1603208""
  }, {
    ""k"": ""primary_search"",
    ""v"": ""SRX2003135""
  }, {
    ""k"": ""primary_search"",
    ""v"": ""TRMT3_11AbTh""
  }, {
    ""k"": ""primary_search"",
    ""v"": ""TRMT3_11AbTh ""
  }, {
    ""k"": ""primary_search"",
    ""v"": ""TRMT3_11AbTh _run1""
  }]
}",1,"{""sex_calc"": ""female"", ""bases"": 1299926700, ""bytes"": 903350796, ""run_file_create_date"": ""2016-08-05T07:14:00.000Z"", ""dev_stage_sam"": [""forager""], ""isolate_sam_ss_dpl100"": [""11""], ""strain_sam_ss_dpl139"": [""mellifera""], ""tissue_sam_ss_dpl145"": [""abdomen""], ""treatment_sam_ss_dpl55"": [""TRMT3""], ""primary_search"": ""336281""}","srr4002881 rna-seq ku leuven public srx2003135 trmt3_11abth illumina hiseq 2000 paired random transcriptomic illumina srs1603208 samn05508597 apis mellifera srp080981 2016-12-20 00:00:00.000000 utc prjna336281  [model organism or animal]    [] [] [] [] [fastq,run.zq,sra] [gs,ncbi,s3] [gs.us-east1,ncbi.public,s3.us-east-1] {
  ""attributes"": [{
    ""k"": ""sex_calc"",
    ""v"": ""female""
  }, {
    ""k"": ""bases"",
    ""v"": ""1299926700""
  }, {
    ""k"": ""bytes"",
    ""v"": ""903350796""
  }, {
    ""k"": ""run_file_create_date"",
    ""v"": ""2016-08-05t07:14:00.000z""
  }, {
    ""k"": ""dev_stage_sam"",
    ""v"": ""forager""
  }, {
    ""k"": ""isolate_sam_ss_dpl100"",
    ""v"": ""11""
  }, {
    ""k"": ""strain_sam_ss_dpl139"",
    ""v"": ""mellifera""
  }, {
    ""k"": ""tissue_sam_ss_dpl145"",
    ""v"": ""abdomen""
  }, {
    ""k"": ""treatment_sam_ss_dpl55"",
    ""v"": ""trmt3""
  }, {
    ""k"": ""primary_search"",
    ""v"": ""336281""
  }, {
    ""k"": ""primary_search"",
    ""v"": ""5508597""
  }, {
    ""k"": ""primary_search"",
    ""v"": ""prjna336281""
  }, {
    ""k"": ""primary_search"",
    ""v"": ""samn05508597""
  }, {
    ""k"": ""primary_search"",
    ""v"": ""srp080981""
  }, {
    ""k"": ""primary_search"",
    ""v"": ""srr4002881""
  }, {
    ""k"": ""primary_search"",
    ""v"": ""srs1603208""
  }, {
    ""k"": ""primary_search"",
    ""v"": ""srx2003135""
  }, {
    ""k"": ""primary_search"",
    ""v"": ""trmt3_11abth""
  }, {
    ""k"": ""primary_search"",
    ""v"": ""trmt3_11abth ""
  }, {
    ""k"": ""primary_search"",
    ""v"": ""trmt3_11abth _run1""
  }]
} {""sex_calc"": ""female"", ""bases"": 1299926700, ""bytes"": 903350796, ""run_file_create_date"": ""2016-08-05t07:14:00.000z"", ""dev_stage_sam"": [""forager""], ""isolate_sam_ss_dpl100"": [""11""], ""strain_sam_ss_dpl139"": [""mellifera""], ""tissue_sam_ss_dpl145"": [""abdomen""], ""treatment_sam_ss_dpl55"": [""trmt3""], ""primary_search"": ""336281""}",,3
DRR129206,RNA-Seq,OIST,public,DRX121946,SAMD00116777,Illumina HiSeq 2500,SINGLE,cDNA,TRANSCRIPTOMIC,ILLUMINA,DRS062477,SAMD00116777,Apis mellifera,DRP004203,2018-05-08 00:00:00.000000 UTC,PRJDB6980,28,NA,50,51,NA,,[],2017-11-17,Japan,Asia,"[Japan:Okinawa, OIST]",[],[],[Am_Dsx_46],"[run.zq,sra]","[gs,ncbi,s3]","[gs.us-east1,ncbi.public,s3.us-east-1]","{
  ""attributes"": [{
    ""k"": ""sex_calc"",
    ""v"": ""female""
  }, {
    ""k"": ""bases"",
    ""v"": ""51418133""
  }, {
    ""k"": ""bytes"",
    ""v"": ""29718662""
  }, {
    ""k"": ""run_file_create_date"",
    ""v"": ""2018-05-08T00:11:00.000Z""
  }, {
    ""k"": ""age_sam"",
    ""v"": ""10 days""
  }, {
    ""k"": ""biomaterial_provider_sam"",
    ""v"": ""Ecology and Evolution Lab, Mikheyev Unit, Okinawa Institute of Science and Technology""
  }, {
    ""k"": ""collected_by_sam"",
    ""v"": ""Velasque, M.""
  }, {
    ""k"": ""collection_date_sam"",
    ""v"": ""2017-11-17""
  }, {
    ""k"": ""label_sam"",
    ""v"": ""Dsx knockdown""
  }, {
    ""k"": ""project_name_sam"",
    ""v"": ""Doublesex regulates reproductive division of labour in honey bees""
  }, {
    ""k"": ""replicate_sam_ss_dpl121"",
    ""v"": ""biological replicate 6""
  }, {
    ""k"": ""tissue_type_sam_s_dpl410"",
    ""v"": ""Whole abdomen""
  }, {
    ""k"": ""primary_search"",
    ""v"": ""454588""
  }, {
    ""k"": ""primary_search"",
    ""v"": ""9010054""
  }, {
    ""k"": ""primary_search"",
    ""v"": ""DRP004203""
  }, {
    ""k"": ""primary_search"",
    ""v"": ""DRR129206""
  }, {
    ""k"": ""primary_search"",
    ""v"": ""DRS062477""
  }, {
    ""k"": ""primary_search"",
    ""v"": ""DRX121946""
  }, {
    ""k"": ""primary_search"",
    ""v"": ""PRJDB6980""
  }, {
    ""k"": ""primary_search"",
    ""v"": ""SAMD00116777""
  }]
}",1,"{""sex_calc"": ""female"", ""bases"": 51418133, ""bytes"": 29718662, ""run_file_create_date"": ""2018-05-08T00:11:00.000Z"", ""age_sam"": [""10 days""], ""biomaterial_provider_sam"": [""Ecology and Evolution Lab, Mikheyev Unit, Okinawa Institute of Science and Technology""], ""collected_by_sam"": [""Velasque, M.""], ""collection_date_sam"": [""2017-11-17""], ""label_sam"": [""Dsx knockdown""], ""project_name_sam"": [""Doublesex regulates reproductive division of labour in honey bees""], ""replicate_sam_ss_dpl121"": [""biological replicate 6""], ""tissue_type_sam_s_dpl410"": ""Whole abdomen"", ""primary_search"": ""454588""}","drr129206 rna-seq oist public drx121946 samd00116777 illumina hiseq 2500 single cdna transcriptomic illumina drs062477 samd00116777 apis mellifera drp004203 2018-05-08 00:00:00.000000 utc prjdb6980  [] 2017-11-17 japan asia [japan:okinawa, oist] [] [] [am_dsx_46] [run.zq,sra] [gs,ncbi,s3] [gs.us-east1,ncbi.public,s3.us-east-1] {
  ""attributes"": [{
    ""k"": ""sex_calc"",
    ""v"": ""female""
  }, {
    ""k"": ""bases"",
    ""v"": ""51418133""
  }, {
    ""k"": ""bytes"",
    ""v"": ""29718662""
  }, {
    ""k"": ""run_file_create_date"",
    ""v"": ""2018-05-08t00:11:00.000z""
  }, {
    ""k"": ""age_sam"",
    ""v"": ""10 days""
  }, {
    ""k"": ""biomaterial_provider_sam"",
    ""v"": ""ecology and evolution lab, mikheyev unit, okinawa institute of science and technology""
  }, {
    ""k"": ""collected_by_sam"",
    ""v"": ""velasque, m.""
  }, {
    ""k"": ""collection_date_sam"",
    ""v"": ""2017-11-17""
  }, {
    ""k"": ""label_sam"",
    ""v"": ""dsx knockdown""
  }, {
    ""k"": ""project_name_sam"",
    ""v"": ""doublesex regulates reproductive division of labour in honey bees""
  }, {
    ""k"": ""replicate_sam_ss_dpl121"",
    ""v"": ""biological replicate 6""
  }, {
    ""k"": ""tissue_type_sam_s_dpl410"",
    ""v"": ""whole abdomen""
  }, {
    ""k"": ""primary_search"",
    ""v"": ""454588""
  }, {
    ""k"": ""primary_search"",
    ""v"": ""9010054""
  }, {
    ""k"": ""primary_search"",
    ""v"": ""drp004203""
  }, {
    ""k"": ""primary_search"",
    ""v"": ""drr129206""
  }, {
    ""k"": ""primary_search"",
    ""v"": ""drs062477""
  }, {
    ""k"": ""primary_search"",
    ""v"": ""drx121946""
  }, {
    ""k"": ""primary_search"",
    ""v"": ""prjdb6980""
  }, {
    ""k"": ""primary_search"",
    ""v"": ""samd00116777""
  }]
} {""sex_calc"": ""female"", ""bases"": 51418133, ""bytes"": 29718662, ""run_file_create_date"": ""2018-05-08t00:11:00.000z"", ""age_sam"": [""10 days""], ""biomaterial_provider_sam"": [""ecology and evolution lab, mikheyev unit, okinawa institute of science and technology""], ""collected_by_sam"": [""velasque, m.""], ""collection_date_sam"": [""2017-11-17""], ""label_sam"": [""dsx knockdown""], ""project_name_sam"": [""doublesex regulates reproductive division of labour in honey bees""], ""replicate_sam_ss_dpl121"": [""biological replicate 6""], ""tissue_type_sam_s_dpl410"": ""whole abdomen"", ""primary_search"": ""454588""}",,2
DRR129216,RNA-Seq,OIST,public,DRX121956,SAMD00116787,Illumina HiSeq 2500,SINGLE,cDNA,TRANSCRIPTOMIC,ILLUMINA,DRS062487,SAMD00116787,Apis mellifera,DRP004203,2018-05-08 00:00:00.000000 UTC,PRJDB6980,21,NA,50,41,NA,,[],2017-10-24,Japan,Asia,"[Japan:Okinawa, OIST]",[],[],[Am_GFP_26],"[run.zq,sra]","[gs,ncbi,s3]","[gs.us-east1,ncbi.public,s3.us-east-1]","{
  ""attributes"": [{
    ""k"": ""sex_calc"",
    ""v"": ""female""
  }, {
    ""k"": ""bases"",
    ""v"": ""41785983""
  }, {
    ""k"": ""bytes"",
    ""v"": ""22841187""
  }, {
    ""k"": ""run_file_create_date"",
    ""v"": ""2018-05-08T00:10:00.000Z""
  }, {
    ""k"": ""age_sam"",
    ""v"": ""10 days""
  }, {
    ""k"": ""biomaterial_provider_sam"",
    ""v"": ""Ecology and Evolution Lab, Mikheyev Unit, Okinawa Institute of Science and Technology""
  }, {
    ""k"": ""collected_by_sam"",
    ""v"": ""Velasque, M.""
  }, {
    ""k"": ""collection_date_sam"",
    ""v"": ""2017-10-24""
  }, {
    ""k"": ""label_sam"",
    ""v"": ""GFP knockdown""
  }, {
    ""k"": ""project_name_sam"",
    ""v"": ""Doublesex regulates reproductive division of labour in honey bees""
  }, {
    ""k"": ""replicate_sam_ss_dpl121"",
    ""v"": ""biological replicate 6""
  }, {
    ""k"": ""tissue_type_sam_s_dpl410"",
    ""v"": ""Whole abdomen""
  }, {
    ""k"": ""primary_search"",
    ""v"": ""454588""
  }, {
    ""k"": ""primary_search"",
    ""v"": ""9010064""
  }, {
    ""k"": ""primary_search"",
    ""v"": ""DRP004203""
  }, {
    ""k"": ""primary_search"",
    ""v"": ""DRR129216""
  }, {
    ""k"": ""primary_search"",
    ""v"": ""DRS062487""
  }, {
    ""k"": ""primary_search"",
    ""v"": ""DRX121956""
  }, {
    ""k"": ""primary_search"",
    ""v"": ""PRJDB6980""
  }, {
    ""k"": ""primary_search"",
    ""v"": ""SAMD00116787""
  }]
}",1,"{""sex_calc"": ""female"", ""bases"": 41785983, ""bytes"": 22841187, ""run_file_create_date"": ""2018-05-08T00:10:00.000Z"", ""age_sam"": [""10 days""], ""biomaterial_provider_sam"": [""Ecology and Evolution Lab, Mikheyev Unit, Okinawa Institute of Science and Technology""], ""collected_by_sam"": [""Velasque, M.""], ""collection_date_sam"": [""2017-10-24""], ""label_sam"": [""GFP knockdown""], ""project_name_sam"": [""Doublesex regulates reproductive division of labour in honey bees""], ""replicate_sam_ss_dpl121"": [""biological replicate 6""], ""tissue_type_sam_s_dpl410"": ""Whole abdomen"", ""primary_search"": ""454588""}","drr129216 rna-seq oist public drx121956 samd00116787 illumina hiseq 2500 single cdna transcriptomic illumina drs062487 samd00116787 apis mellifera drp004203 2018-05-08 00:00:00.000000 utc prjdb6980  [] 2017-10-24 japan asia [japan:okinawa, oist] [] [] [am_gfp_26] [run.zq,sra] [gs,ncbi,s3] [gs.us-east1,ncbi.public,s3.us-east-1] {
  ""attributes"": [{
    ""k"": ""sex_calc"",
    ""v"": ""female""
  }, {
    ""k"": ""bases"",
    ""v"": ""41785983""
  }, {
    ""k"": ""bytes"",
    ""v"": ""22841187""
  }, {
    ""k"": ""run_file_create_date"",
    ""v"": ""2018-05-08t00:10:00.000z""
  }, {
    ""k"": ""age_sam"",
    ""v"": ""10 days""
  }, {
    ""k"": ""biomaterial_provider_sam"",
    ""v"": ""ecology and evolution lab, mikheyev unit, okinawa institute of science and technology""
  }, {
    ""k"": ""collected_by_sam"",
    ""v"": ""velasque, m.""
  }, {
    ""k"": ""collection_date_sam"",
    ""v"": ""2017-10-24""
  }, {
    ""k"": ""label_sam"",
    ""v"": ""gfp knockdown""
  }, {
    ""k"": ""project_name_sam"",
    ""v"": ""doublesex regulates reproductive division of labour in honey bees""
  }, {
    ""k"": ""replicate_sam_ss_dpl121"",
    ""v"": ""biological replicate 6""
  }, {
    ""k"": ""tissue_type_sam_s_dpl410"",
    ""v"": ""whole abdomen""
  }, {
    ""k"": ""primary_search"",
    ""v"": ""454588""
  }, {
    ""k"": ""primary_search"",
    ""v"": ""9010064""
  }, {
    ""k"": ""primary_search"",
    ""v"": ""drp004203""
  }, {
    ""k"": ""primary_search"",
    ""v"": ""drr129216""
  }, {
    ""k"": ""primary_search"",
    ""v"": ""drs062487""
  }, {
    ""k"": ""primary_search"",
    ""v"": ""drx121956""
  }, {
    ""k"": ""primary_search"",
    ""v"": ""prjdb6980""
  }, {
    ""k"": ""primary_search"",
    ""v"": ""samd00116787""
  }]
} {""sex_calc"": ""female"", ""bases"": 41785983, ""bytes"": 22841187, ""run_file_create_date"": ""2018-05-08t00:10:00.000z"", ""age_sam"": [""10 days""], ""biomaterial_provider_sam"": [""ecology and evolution lab, mikheyev unit, okinawa institute of science and technology""], ""collected_by_sam"": [""velasque, m.""], ""collection_date_sam"": [""2017-10-24""], ""label_sam"": [""gfp knockdown""], ""project_name_sam"": [""doublesex regulates reproductive division of labour in honey bees""], ""replicate_sam_ss_dpl121"": [""biological replicate 6""], ""tissue_type_sam_s_dpl410"": ""whole abdomen"", ""primary_search"": ""454588""}",,2
SRR4002898,RNA-Seq,KU LEUVEN,public,SRX2003154,TRMT4_9AbTh,Illumina HiSeq 2000,PAIRED,RANDOM,TRANSCRIPTOMIC,ILLUMINA,SRS1603227,SAMN05508613,Apis mellifera,SRP080981,2016-12-20 00:00:00.000000 UTC,PRJNA336281,785,NA,180,1236,NA,,[Model organism or animal],,,,[],[],[],[],"[fastq,run.zq,sra]","[gs,ncbi,s3]","[gs.us-east1,ncbi.public,s3.us-east-1]","{
  ""attributes"": [{
    ""k"": ""sex_calc"",
    ""v"": ""female""
  }, {
    ""k"": ""bases"",
    ""v"": ""1236100860""
  }, {
    ""k"": ""bytes"",
    ""v"": ""823985254""
  }, {
    ""k"": ""run_file_create_date"",
    ""v"": ""2016-08-05T09:16:00.000Z""
  }, {
    ""k"": ""dev_stage_sam"",
    ""v"": ""forager""
  }, {
    ""k"": ""isolate_sam_ss_dpl100"",
    ""v"": ""9""
  }, {
    ""k"": ""strain_sam_ss_dpl139"",
    ""v"": ""mellifera""
  }, {
    ""k"": ""tissue_sam_ss_dpl145"",
    ""v"": ""abdomen""
  }, {
    ""k"": ""treatment_sam_ss_dpl55"",
    ""v"": ""TRMT4""
  }, {
    ""k"": ""primary_search"",
    ""v"": ""336281""
  }, {
    ""k"": ""primary_search"",
    ""v"": ""5508613""
  }, {
    ""k"": ""primary_search"",
    ""v"": ""PRJNA336281""
  }, {
    ""k"": ""primary_search"",
    ""v"": ""SAMN05508613""
  }, {
    ""k"": ""primary_search"",
    ""v"": ""SRP080981""
  }, {
    ""k"": ""primary_search"",
    ""v"": ""SRR4002898""
  }, {
    ""k"": ""primary_search"",
    ""v"": ""SRS1603227""
  }, {
    ""k"": ""primary_search"",
    ""v"": ""SRX2003154""
  }, {
    ""k"": ""primary_search"",
    ""v"": ""TRMT4_9AbTh""
  }, {
    ""k"": ""primary_search"",
    ""v"": ""TRMT4_9AbTh ""
  }, {
    ""k"": ""primary_search"",
    ""v"": ""TRMT4_9AbTh _run1""
  }]
}",1,"{""sex_calc"": ""female"", ""bases"": 1236100860, ""bytes"": 823985254, ""run_file_create_date"": ""2016-08-05T09:16:00.000Z"", ""dev_stage_sam"": [""forager""], ""isolate_sam_ss_dpl100"": [""9""], ""strain_sam_ss_dpl139"": [""mellifera""], ""tissue_sam_ss_dpl145"": [""abdomen""], ""treatment_sam_ss_dpl55"": [""TRMT4""], ""primary_search"": ""336281""}","srr4002898 rna-seq ku leuven public srx2003154 trmt4_9abth illumina hiseq 2000 paired random transcriptomic illumina srs1603227 samn05508613 apis mellifera srp080981 2016-12-20 00:00:00.000000 utc prjna336281  [model organism or animal]    [] [] [] [] [fastq,run.zq,sra] [gs,ncbi,s3] [gs.us-east1,ncbi.public,s3.us-east-1] {
  ""attributes"": [{
    ""k"": ""sex_calc"",
    ""v"": ""female""
  }, {
    ""k"": ""bases"",
    ""v"": ""1236100860""
  }, {
    ""k"": ""bytes"",
    ""v"": ""823985254""
  }, {
    ""k"": ""run_file_create_date"",
    ""v"": ""2016-08-05t09:16:00.000z""
  }, {
    ""k"": ""dev_stage_sam"",
    ""v"": ""forager""
  }, {
    ""k"": ""isolate_sam_ss_dpl100"",
    ""v"": ""9""
  }, {
    ""k"": ""strain_sam_ss_dpl139"",
    ""v"": ""mellifera""
  }, {
    ""k"": ""tissue_sam_ss_dpl145"",
    ""v"": ""abdomen""
  }, {
    ""k"": ""treatment_sam_ss_dpl55"",
    ""v"": ""trmt4""
  }, {
    ""k"": ""primary_search"",
    ""v"": ""336281""
  }, {
    ""k"": ""primary_search"",
    ""v"": ""5508613""
  }, {
    ""k"": ""primary_search"",
    ""v"": ""prjna336281""
  }, {
    ""k"": ""primary_search"",
    ""v"": ""samn05508613""
  }, {
    ""k"": ""primary_search"",
    ""v"": ""srp080981""
  }, {
    ""k"": ""primary_search"",
    ""v"": ""srr4002898""
  }, {
    ""k"": ""primary_search"",
    ""v"": ""srs1603227""
  }, {
    ""k"": ""primary_search"",
    ""v"": ""srx2003154""
  }, {
    ""k"": ""primary_search"",
    ""v"": ""trmt4_9abth""
  }, {
    ""k"": ""primary_search"",
    ""v"": ""trmt4_9abth ""
  }, {
    ""k"": ""primary_search"",
    ""v"": ""trmt4_9abth _run1""
  }]
} {""sex_calc"": ""female"", ""bases"": 1236100860, ""bytes"": 823985254, ""run_file_create_date"": ""2016-08-05t09:16:00.000z"", ""dev_stage_sam"": [""forager""], ""isolate_sam_ss_dpl100"": [""9""], ""strain_sam_ss_dpl139"": [""mellifera""], ""tissue_sam_ss_dpl145"": [""abdomen""], ""treatment_sam_ss_dpl55"": [""trmt4""], ""primary_search"": ""336281""}",,3
SRR4002885,RNA-Seq,KU LEUVEN,public,SRX2003139,TRMT3_6AbTh,Illumina HiSeq 2000,PAIRED,RANDOM,TRANSCRIPTOMIC,ILLUMINA,SRS1603212,SAMN05508601,Apis mellifera,SRP080981,2016-12-20 00:00:00.000000 UTC,PRJNA336281,979,NA,180,1488,NA,,[Model organism or animal],,,,[],[],[],[],"[fastq,run.zq,sra]","[gs,ncbi,s3]","[gs.us-east1,ncbi.public,s3.us-east-1]","{
  ""attributes"": [{
    ""k"": ""sex_calc"",
    ""v"": ""female""
  }, {
    ""k"": ""bases"",
    ""v"": ""1488951000""
  }, {
    ""k"": ""bytes"",
    ""v"": ""1027319084""
  }, {
    ""k"": ""run_file_create_date"",
    ""v"": ""2016-08-05T07:16:00.000Z""
  }, {
    ""k"": ""dev_stage_sam"",
    ""v"": ""forager""
  }, {
    ""k"": ""isolate_sam_ss_dpl100"",
    ""v"": ""6""
  }, {
    ""k"": ""strain_sam_ss_dpl139"",
    ""v"": ""mellifera""
  }, {
    ""k"": ""tissue_sam_ss_dpl145"",
    ""v"": ""abdomen""
  }, {
    ""k"": ""treatment_sam_ss_dpl55"",
    ""v"": ""TRMT3""
  }, {
    ""k"": ""primary_search"",
    ""v"": ""336281""
  }, {
    ""k"": ""primary_search"",
    ""v"": ""5508601""
  }, {
    ""k"": ""primary_search"",
    ""v"": ""PRJNA336281""
  }, {
    ""k"": ""primary_search"",
    ""v"": ""SAMN05508601""
  }, {
    ""k"": ""primary_search"",
    ""v"": ""SRP080981""
  }, {
    ""k"": ""primary_search"",
    ""v"": ""SRR4002885""
  }, {
    ""k"": ""primary_search"",
    ""v"": ""SRS1603212""
  }, {
    ""k"": ""primary_search"",
    ""v"": ""SRX2003139""
  }, {
    ""k"": ""primary_search"",
    ""v"": ""TRMT3_6AbTh""
  }, {
    ""k"": ""primary_search"",
    ""v"": ""TRMT3_6AbTh ""
  }, {
    ""k"": ""primary_search"",
    ""v"": ""TRMT3_6AbTh _run1""
  }]
}",1,"{""sex_calc"": ""female"", ""bases"": 1488951000, ""bytes"": 1027319084, ""run_file_create_date"": ""2016-08-05T07:16:00.000Z"", ""dev_stage_sam"": [""forager""], ""isolate_sam_ss_dpl100"": [""6""], ""strain_sam_ss_dpl139"": [""mellifera""], ""tissue_sam_ss_dpl145"": [""abdomen""], ""treatment_sam_ss_dpl55"": [""TRMT3""], ""primary_search"": ""336281""}","srr4002885 rna-seq ku leuven public srx2003139 trmt3_6abth illumina hiseq 2000 paired random transcriptomic illumina srs1603212 samn05508601 apis mellifera srp080981 2016-12-20 00:00:00.000000 utc prjna336281  [model organism or animal]    [] [] [] [] [fastq,run.zq,sra] [gs,ncbi,s3] [gs.us-east1,ncbi.public,s3.us-east-1] {
  ""attributes"": [{
    ""k"": ""sex_calc"",
    ""v"": ""female""
  }, {
    ""k"": ""bases"",
    ""v"": ""1488951000""
  }, {
    ""k"": ""bytes"",
    ""v"": ""1027319084""
  }, {
    ""k"": ""run_file_create_date"",
    ""v"": ""2016-08-05t07:16:00.000z""
  }, {
    ""k"": ""dev_stage_sam"",
    ""v"": ""forager""
  }, {
    ""k"": ""isolate_sam_ss_dpl100"",
    ""v"": ""6""
  }, {
    ""k"": ""strain_sam_ss_dpl139"",
    ""v"": ""mellifera""
  }, {
    ""k"": ""tissue_sam_ss_dpl145"",
    ""v"": ""abdomen""
  }, {
    ""k"": ""treatment_sam_ss_dpl55"",
    ""v"": ""trmt3""
  }, {
    ""k"": ""primary_search"",
    ""v"": ""336281""
  }, {
    ""k"": ""primary_search"",
    ""v"": ""5508601""
  }, {
    ""k"": ""primary_search"",
    ""v"": ""prjna336281""
  }, {
    ""k"": ""primary_search"",
    ""v"": ""samn05508601""
  }, {
    ""k"": ""primary_search"",
    ""v"": ""srp080981""
  }, {
    ""k"": ""primary_search"",
    ""v"": ""srr4002885""
  }, {
    ""k"": ""primary_search"",
    ""v"": ""srs1603212""
  }, {
    ""k"": ""primary_search"",
    ""v"": ""srx2003139""
  }, {
    ""k"": ""primary_search"",
    ""v"": ""trmt3_6abth""
  }, {
    ""k"": ""primary_search"",
    ""v"": ""trmt3_6abth ""
  }, {
    ""k"": ""primary_search"",
    ""v"": ""trmt3_6abth _run1""
  }]
} {""sex_calc"": ""female"", ""bases"": 1488951000, ""bytes"": 1027319084, ""run_file_create_date"": ""2016-08-05t07:16:00.000z"", ""dev_stage_sam"": [""forager""], ""isolate_sam_ss_dpl100"": [""6""], ""strain_sam_ss_dpl139"": [""mellifera""], ""tissue_sam_ss_dpl145"": [""abdomen""], ""treatment_sam_ss_dpl55"": [""trmt3""], ""primary_search"": ""336281""}",,3
ERR413300,RNA-Seq,WARWICK,public,ERX379605,SAMEA2336986,Illumina HiSeq 2000,SINGLE,RANDOM,TRANSCRIPTOMIC,ILLUMINA,ERS395181,SAMEA2336986,Apis mellifera,ERP004639,2014-05-14 00:00:00.000000 UTC,PRJEB5249,684,NA,101,1009,NA,unspecified,[],,,,[],[2014-03-23],[2018-11-16],[Varroa-exposed-Apis_mellifera_newly_emerged_adult-E8],"[fastq,run.zq,sra]","[ena,gs,ncbi,s3]","[ena,gs.us-east1,ncbi.public,s3.us-east-1]","{
  ""attributes"": [{
    ""k"": ""bases"",
    ""v"": ""1009775780""
  }, {
    ""k"": ""bytes"",
    ""v"": ""717803247""
  }, {
    ""k"": ""run_file_create_date"",
    ""v"": ""2014-05-07T15:43:00.000Z""
  }, {
    ""k"": ""common_name_sam"",
    ""v"": ""honey bee""
  }, {
    ""k"": ""ena_first_public_sam"",
    ""v"": ""2014-03-23""
  }, {
    ""k"": ""ena_last_update_sam"",
    ""v"": ""2014-01-23""
  }, {
    ""k"": ""external_id_sam"",
    ""v"": ""SAMEA2336986""
  }, {
    ""k"": ""insdc_center_alias_sam"",
    ""v"": ""WARWICK""
  }, {
    ""k"": ""insdc_center_name_sam"",
    ""v"": ""University of Warwick""
  }, {
    ""k"": ""insdc_first_public_sam"",
    ""v"": ""2014-03-23T17:00:37Z""
  }, {
    ""k"": ""insdc_last_update_sam"",
    ""v"": ""2014-01-23T17:30:12Z""
  }, {
    ""k"": ""insdc_status_sam"",
    ""v"": ""public""
  }, {
    ""k"": ""submitter_id_sam"",
    ""v"": ""Varroa-exposed-Apis_mellifera_newly_emerged_adult-E8""
  }, {
    ""k"": ""primary_search"",
    ""v"": ""242514""
  }, {
    ""k"": ""primary_search"",
    ""v"": ""2758400""
  }, {
    ""k"": ""primary_search"",
    ""v"": ""ERP004639""
  }, {
    ""k"": ""primary_search"",
    ""v"": ""ERR413300""
  }, {
    ""k"": ""primary_search"",
    ""v"": ""ERS395181""
  }, {
    ""k"": ""primary_search"",
    ""v"": ""ERX379605""
  }, {
    ""k"": ""primary_search"",
    ""v"": ""PRJEB5249""
  }, {
    ""k"": ""primary_search"",
    ""v"": ""SAMEA2336986""
  }, {
    ""k"": ""primary_search"",
    ""v"": ""Varroa-exposed-Apis_mellifera_newly_emerged_adult-E8""
  }, {
    ""k"": ""primary_search"",
    ""v"": ""ena-EXPERIMENT-WARWICK-23-01-2014-17:29:52:621-8""
  }, {
    ""k"": ""primary_search"",
    ""v"": ""ena-RUN-WARWICK-23-01-2014-17:29:52:621-8""
  }, {
    ""k"": ""primary_search"",
    ""v"": ""ena-STUDY-WARWICK-23-01-2014-17:29:57:454-44""
  }]
}",1,"{""bases"": 1009775780, ""bytes"": 717803247, ""run_file_create_date"": ""2014-05-07T15:43:00.000Z"", ""common_name_sam"": [""honey bee""], ""ena_first_public_sam"": [""2014-03-23""], ""ena_last_update_sam"": [""2014-01-23""], ""external_id_sam"": ""SAMEA2336986"", ""insdc_center_alias_sam"": [""WARWICK""], ""insdc_center_name_sam"": [""University of Warwick""], ""insdc_first_public_sam"": [""2014-03-23T17:00:37Z""], ""insdc_last_update_sam"": [""2014-01-23T17:30:12Z""], ""insdc_status_sam"": [""public""], ""submitter_id_sam"": [""Varroa-exposed-Apis_mellifera_newly_emerged_adult-E8""], ""primary_search"": ""242514""}","err413300 rna-seq warwick public erx379605 samea2336986 illumina hiseq 2000 single random transcriptomic illumina ers395181 samea2336986 apis mellifera erp004639 2014-05-14 00:00:00.000000 utc prjeb5249 unspecified []    [] [2014-03-23] [2018-11-16] [varroa-exposed-apis_mellifera_newly_emerged_adult-e8] [fastq,run.zq,sra] [ena,gs,ncbi,s3] [ena,gs.us-east1,ncbi.public,s3.us-east-1] {
  ""attributes"": [{
    ""k"": ""bases"",
    ""v"": ""1009775780""
  }, {
    ""k"": ""bytes"",
    ""v"": ""717803247""
  }, {
    ""k"": ""run_file_create_date"",
    ""v"": ""2014-05-07t15:43:00.000z""
  }, {
    ""k"": ""common_name_sam"",
    ""v"": ""honey bee""
  }, {
    ""k"": ""ena_first_public_sam"",
    ""v"": ""2014-03-23""
  }, {
    ""k"": ""ena_last_update_sam"",
    ""v"": ""2014-01-23""
  }, {
    ""k"": ""external_id_sam"",
    ""v"": ""samea2336986""
  }, {
    ""k"": ""insdc_center_alias_sam"",
    ""v"": ""warwick""
  }, {
    ""k"": ""insdc_center_name_sam"",
    ""v"": ""university of warwick""
  }, {
    ""k"": ""insdc_first_public_sam"",
    ""v"": ""2014-03-23t17:00:37z""
  }, {
    ""k"": ""insdc_last_update_sam"",
    ""v"": ""2014-01-23t17:30:12z""
  }, {
    ""k"": ""insdc_status_sam"",
    ""v"": ""public""
  }, {
    ""k"": ""submitter_id_sam"",
    ""v"": ""varroa-exposed-apis_mellifera_newly_emerged_adult-e8""
  }, {
    ""k"": ""primary_search"",
    ""v"": ""242514""
  }, {
    ""k"": ""primary_search"",
    ""v"": ""2758400""
  }, {
    ""k"": ""primary_search"",
    ""v"": ""erp004639""
  }, {
    ""k"": ""primary_search"",
    ""v"": ""err413300""
  }, {
    ""k"": ""primary_search"",
    ""v"": ""ers395181""
  }, {
    ""k"": ""primary_search"",
    ""v"": ""erx379605""
  }, {
    ""k"": ""primary_search"",
    ""v"": ""prjeb5249""
  }, {
    ""k"": ""primary_search"",
    ""v"": ""samea2336986""
  }, {
    ""k"": ""primary_search"",
    ""v"": ""varroa-exposed-apis_mellifera_newly_emerged_adult-e8""
  }, {
    ""k"": ""primary_search"",
    ""v"": ""ena-experiment-warwick-23-01-2014-17:29:52:621-8""
  }, {
    ""k"": ""primary_search"",
    ""v"": ""ena-run-warwick-23-01-2014-17:29:52:621-8""
  }, {
    ""k"": ""primary_search"",
    ""v"": ""ena-study-warwick-23-01-2014-17:29:57:454-44""
  }]
} {""bases"": 1009775780, ""bytes"": 717803247, ""run_file_create_date"": ""2014-05-07t15:43:00.000z"", ""common_name_sam"": [""honey bee""], ""ena_first_public_sam"": [""2014-03-23""], ""ena_last_update_sam"": [""2014-01-23""], ""external_id_sam"": ""samea2336986"", ""insdc_center_alias_sam"": [""warwick""], ""insdc_center_name_sam"": [""university of warwick""], ""insdc_first_public_sam"": [""2014-03-23t17:00:37z""], ""insdc_last_update_sam"": [""2014-01-23t17:30:12z""], ""insdc_status_sam"": [""public""], ""submitter_id_sam"": [""varroa-exposed-apis_mellifera_newly_emerged_adult-e8""], ""primary_search"": ""242514""}",,0
ERR413302,RNA-Seq,WARWICK,public,ERX379607,SAMEA2336988,Illumina HiSeq 2000,SINGLE,RANDOM,TRANSCRIPTOMIC,ILLUMINA,ERS395183,SAMEA2336988,Apis mellifera,ERP004639,2014-05-14 00:00:00.000000 UTC,PRJEB5249,646,NA,101,949,NA,unspecified,[],,,,[],[2014-03-23],[2018-11-16],[Varroa-free-Apis_mellifera_newly_emerged_adult-F7],"[fastq,run.zq,sra]","[ena,gs,ncbi,s3]","[ena,gs.us-east1,ncbi.public,s3.us-east-1]","{
  ""attributes"": [{
    ""k"": ""bases"",
    ""v"": ""949861166""
  }, {
    ""k"": ""bytes"",
    ""v"": ""678096230""
  }, {
    ""k"": ""run_file_create_date"",
    ""v"": ""2014-05-06T19:45:00.000Z""
  }, {
    ""k"": ""common_name_sam"",
    ""v"": ""honey bee""
  }, {
    ""k"": ""ena_first_public_sam"",
    ""v"": ""2014-03-23""
  }, {
    ""k"": ""ena_last_update_sam"",
    ""v"": ""2014-01-23""
  }, {
    ""k"": ""external_id_sam"",
    ""v"": ""SAMEA2336988""
  }, {
    ""k"": ""insdc_center_alias_sam"",
    ""v"": ""WARWICK""
  }, {
    ""k"": ""insdc_center_name_sam"",
    ""v"": ""University of Warwick""
  }, {
    ""k"": ""insdc_first_public_sam"",
    ""v"": ""2014-03-23T17:00:37Z""
  }, {
    ""k"": ""insdc_last_update_sam"",
    ""v"": ""2014-01-23T17:30:12Z""
  }, {
    ""k"": ""insdc_status_sam"",
    ""v"": ""public""
  }, {
    ""k"": ""submitter_id_sam"",
    ""v"": ""Varroa-free-Apis_mellifera_newly_emerged_adult-F7""
  }, {
    ""k"": ""primary_search"",
    ""v"": ""242514""
  }, {
    ""k"": ""primary_search"",
    ""v"": ""2758402""
  }, {
    ""k"": ""primary_search"",
    ""v"": ""ERP004639""
  }, {
    ""k"": ""primary_search"",
    ""v"": ""ERR413302""
  }, {
    ""k"": ""primary_search"",
    ""v"": ""ERS395183""
  }, {
    ""k"": ""primary_search"",
    ""v"": ""ERX379607""
  }, {
    ""k"": ""primary_search"",
    ""v"": ""PRJEB5249""
  }, {
    ""k"": ""primary_search"",
    ""v"": ""SAMEA2336988""
  }, {
    ""k"": ""primary_search"",
    ""v"": ""Varroa-free-Apis_mellifera_newly_emerged_adult-F7""
  }, {
    ""k"": ""primary_search"",
    ""v"": ""ena-EXPERIMENT-WARWICK-23-01-2014-17:29:52:622-10""
  }, {
    ""k"": ""primary_search"",
    ""v"": ""ena-RUN-WARWICK-23-01-2014-17:29:52:622-10""
  }, {
    ""k"": ""primary_search"",
    ""v"": ""ena-STUDY-WARWICK-23-01-2014-17:29:57:454-44""
  }]
}",1,"{""bases"": 949861166, ""bytes"": 678096230, ""run_file_create_date"": ""2014-05-06T19:45:00.000Z"", ""common_name_sam"": [""honey bee""], ""ena_first_public_sam"": [""2014-03-23""], ""ena_last_update_sam"": [""2014-01-23""], ""external_id_sam"": ""SAMEA2336988"", ""insdc_center_alias_sam"": [""WARWICK""], ""insdc_center_name_sam"": [""University of Warwick""], ""insdc_first_public_sam"": [""2014-03-23T17:00:37Z""], ""insdc_last_update_sam"": [""2014-01-23T17:30:12Z""], ""insdc_status_sam"": [""public""], ""submitter_id_sam"": [""Varroa-free-Apis_mellifera_newly_emerged_adult-F7""], ""primary_search"": ""242514""}","err413302 rna-seq warwick public erx379607 samea2336988 illumina hiseq 2000 single random transcriptomic illumina ers395183 samea2336988 apis mellifera erp004639 2014-05-14 00:00:00.000000 utc prjeb5249 unspecified []    [] [2014-03-23] [2018-11-16] [varroa-free-apis_mellifera_newly_emerged_adult-f7] [fastq,run.zq,sra] [ena,gs,ncbi,s3] [ena,gs.us-east1,ncbi.public,s3.us-east-1] {
  ""attributes"": [{
    ""k"": ""bases"",
    ""v"": ""949861166""
  }, {
    ""k"": ""bytes"",
    ""v"": ""678096230""
  }, {
    ""k"": ""run_file_create_date"",
    ""v"": ""2014-05-06t19:45:00.000z""
  }, {
    ""k"": ""common_name_sam"",
    ""v"": ""honey bee""
  }, {
    ""k"": ""ena_first_public_sam"",
    ""v"": ""2014-03-23""
  }, {
    ""k"": ""ena_last_update_sam"",
    ""v"": ""2014-01-23""
  }, {
    ""k"": ""external_id_sam"",
    ""v"": ""samea2336988""
  }, {
    ""k"": ""insdc_center_alias_sam"",
    ""v"": ""warwick""
  }, {
    ""k"": ""insdc_center_name_sam"",
    ""v"": ""university of warwick""
  }, {
    ""k"": ""insdc_first_public_sam"",
    ""v"": ""2014-03-23t17:00:37z""
  }, {
    ""k"": ""insdc_last_update_sam"",
    ""v"": ""2014-01-23t17:30:12z""
  }, {
    ""k"": ""insdc_status_sam"",
    ""v"": ""public""
  }, {
    ""k"": ""submitter_id_sam"",
    ""v"": ""varroa-free-apis_mellifera_newly_emerged_adult-f7""
  }, {
    ""k"": ""primary_search"",
    ""v"": ""242514""
  }, {
    ""k"": ""primary_search"",
    ""v"": ""2758402""
  }, {
    ""k"": ""primary_search"",
    ""v"": ""erp004639""
  }, {
    ""k"": ""primary_search"",
    ""v"": ""err413302""
  }, {
    ""k"": ""primary_search"",
    ""v"": ""ers395183""
  }, {
    ""k"": ""primary_search"",
    ""v"": ""erx379607""
  }, {
    ""k"": ""primary_search"",
    ""v"": ""prjeb5249""
  }, {
    ""k"": ""primary_search"",
    ""v"": ""samea2336988""
  }, {
    ""k"": ""primary_search"",
    ""v"": ""varroa-free-apis_mellifera_newly_emerged_adult-f7""
  }, {
    ""k"": ""primary_search"",
    ""v"": ""ena-experiment-warwick-23-01-2014-17:29:52:622-10""
  }, {
    ""k"": ""primary_search"",
    ""v"": ""ena-run-warwick-23-01-2014-17:29:52:622-10""
  }, {
    ""k"": ""primary_search"",
    ""v"": ""ena-study-warwick-23-01-2014-17:29:57:454-44""
  }]
} {""bases"": 949861166, ""bytes"": 678096230, ""run_file_create_date"": ""2014-05-06t19:45:00.000z"", ""common_name_sam"": [""honey bee""], ""ena_first_public_sam"": [""2014-03-23""], ""ena_last_update_sam"": [""2014-01-23""], ""external_id_sam"": ""samea2336988"", ""insdc_center_alias_sam"": [""warwick""], ""insdc_center_name_sam"": [""university of warwick""], ""insdc_first_public_sam"": [""2014-03-23t17:00:37z""], ""insdc_last_update_sam"": [""2014-01-23t17:30:12z""], ""insdc_status_sam"": [""public""], ""submitter_id_sam"": [""varroa-free-apis_mellifera_newly_emerged_adult-f7""], ""primary_search"": ""242514""}",,0
SRR2032817,RNA-Seq,HARVARD UNIVERSITY,public,SRX1033064,AE Guards Pool 1,Illumina HiSeq 2000,PAIRED,unspecified,TRANSCRIPTOMIC,ILLUMINA,SRS940670,SAMN03396607,Apis mellifera,SRP056006,2015-06-30 00:00:00.000000 UTC,PRJNA277772,853,NA,176,1312,NA,AE Guards Pool 1,[Model organism or animal],2008-04-17,,,[],[],[],[],"[fastq,run.zq,sra]","[gs,ncbi,s3]","[gs.us-east1,ncbi.public,s3.us-east-1]","{
  ""attributes"": [{
    ""k"": ""sex_calc"",
    ""v"": ""female""
  }, {
    ""k"": ""bases"",
    ""v"": ""1312917297""
  }, {
    ""k"": ""bytes"",
    ""v"": ""894907027""
  }, {
    ""k"": ""run_file_create_date"",
    ""v"": ""2015-05-19T16:46:00.000Z""
  }, {
    ""k"": ""collected_by_sam"",
    ""v"": ""G. Hunt""
  }, {
    ""k"": ""collection_date_sam"",
    ""v"": ""2008-04-17""
  }, {
    ""k"": ""dev_stage_sam"",
    ""v"": ""adult""
  }, {
    ""k"": ""isolate_sam_ss_dpl100"",
    ""v"": ""AE Guards Pool 1""
  }, {
    ""k"": ""strain_sam_ss_dpl139"",
    ""v"": ""AE hybrid""
  }, {
    ""k"": ""tissue_sam_ss_dpl145"",
    ""v"": ""whole body""
  }, {
    ""k"": ""primary_search"",
    ""v"": ""277772""
  }, {
    ""k"": ""primary_search"",
    ""v"": ""3396607""
  }, {
    ""k"": ""primary_search"",
    ""v"": ""AE Guards Pool 1""
  }, {
    ""k"": ""primary_search"",
    ""v"": ""PRJNA277772""
  }, {
    ""k"": ""primary_search"",
    ""v"": ""SAMN03396607""
  }, {
    ""k"": ""primary_search"",
    ""v"": ""SRP056006""
  }, {
    ""k"": ""primary_search"",
    ""v"": ""SRR2032817""
  }, {
    ""k"": ""primary_search"",
    ""v"": ""SRS940670""
  }, {
    ""k"": ""primary_search"",
    ""v"": ""SRX1033064""
  }]
}",1,"{""sex_calc"": ""female"", ""bases"": 1312917297, ""bytes"": 894907027, ""run_file_create_date"": ""2015-05-19T16:46:00.000Z"", ""collected_by_sam"": [""G. Hunt""], ""collection_date_sam"": [""2008-04-17""], ""dev_stage_sam"": [""adult""], ""isolate_sam_ss_dpl100"": [""AE Guards Pool 1""], ""strain_sam_ss_dpl139"": [""AE hybrid""], ""tissue_sam_ss_dpl145"": [""whole body""], ""primary_search"": ""277772""}","srr2032817 rna-seq harvard university public srx1033064 ae guards pool 1 illumina hiseq 2000 paired unspecified transcriptomic illumina srs940670 samn03396607 apis mellifera srp056006 2015-06-30 00:00:00.000000 utc prjna277772 ae guards pool 1 [model organism or animal] 2008-04-17   [] [] [] [] [fastq,run.zq,sra] [gs,ncbi,s3] [gs.us-east1,ncbi.public,s3.us-east-1] {
  ""attributes"": [{
    ""k"": ""sex_calc"",
    ""v"": ""female""
  }, {
    ""k"": ""bases"",
    ""v"": ""1312917297""
  }, {
    ""k"": ""bytes"",
    ""v"": ""894907027""
  }, {
    ""k"": ""run_file_create_date"",
    ""v"": ""2015-05-19t16:46:00.000z""
  }, {
    ""k"": ""collected_by_sam"",
    ""v"": ""g. hunt""
  }, {
    ""k"": ""collection_date_sam"",
    ""v"": ""2008-04-17""
  }, {
    ""k"": ""dev_stage_sam"",
    ""v"": ""adult""
  }, {
    ""k"": ""isolate_sam_ss_dpl100"",
    ""v"": ""ae guards pool 1""
  }, {
    ""k"": ""strain_sam_ss_dpl139"",
    ""v"": ""ae hybrid""
  }, {
    ""k"": ""tissue_sam_ss_dpl145"",
    ""v"": ""whole body""
  }, {
    ""k"": ""primary_search"",
    ""v"": ""277772""
  }, {
    ""k"": ""primary_search"",
    ""v"": ""3396607""
  }, {
    ""k"": ""primary_search"",
    ""v"": ""ae guards pool 1""
  }, {
    ""k"": ""primary_search"",
    ""v"": ""prjna277772""
  }, {
    ""k"": ""primary_search"",
    ""v"": ""samn03396607""
  }, {
    ""k"": ""primary_search"",
    ""v"": ""srp056006""
  }, {
    ""k"": ""primary_search"",
    ""v"": ""srr2032817""
  }, {
    ""k"": ""primary_search"",
    ""v"": ""srs940670""
  }, {
    ""k"": ""primary_search"",
    ""v"": ""srx1033064""
  }]
} {""sex_calc"": ""female"", ""bases"": 1312917297, ""bytes"": 894907027, ""run_file_create_date"": ""2015-05-19t16:46:00.000z"", ""collected_by_sam"": [""g. hunt""], ""collection_date_sam"": [""2008-04-17""], ""dev_stage_sam"": [""adult""], ""isolate_sam_ss_dpl100"": [""ae guards pool 1""], ""strain_sam_ss_dpl139"": [""ae hybrid""], ""tissue_sam_ss_dpl145"": [""whole body""], ""primary_search"": ""277772""}",,2
DRR129204,RNA-Seq,OIST,public,DRX121944,SAMD00116775,Illumina HiSeq 2500,SINGLE,cDNA,TRANSCRIPTOMIC,ILLUMINA,DRS062475,SAMD00116775,Apis mellifera,DRP004203,2018-05-08 00:00:00.000000 UTC,PRJDB6980,22,NA,50,44,NA,,[],2017-10-24,Japan,Asia,"[Japan:Okinawa, OIST]",[],[],[Am_Dsx_4],"[run.zq,sra]","[gs,ncbi,s3]","[gs.us-east1,ncbi.public,s3.us-east-1]","{
  ""attributes"": [{
    ""k"": ""sex_calc"",
    ""v"": ""female""
  }, {
    ""k"": ""bases"",
    ""v"": ""44258740""
  }, {
    ""k"": ""bytes"",
    ""v"": ""23976430""
  }, {
    ""k"": ""run_file_create_date"",
    ""v"": ""2018-05-08T00:08:00.000Z""
  }, {
    ""k"": ""age_sam"",
    ""v"": ""10 days""
  }, {
    ""k"": ""biomaterial_provider_sam"",
    ""v"": ""Ecology and Evolution Lab, Mikheyev Unit, Okinawa Institute of Science and Technology""
  }, {
    ""k"": ""collected_by_sam"",
    ""v"": ""Velasque, M.""
  }, {
    ""k"": ""collection_date_sam"",
    ""v"": ""2017-10-24""
  }, {
    ""k"": ""label_sam"",
    ""v"": ""Dsx knockdown""
  }, {
    ""k"": ""project_name_sam"",
    ""v"": ""Doublesex regulates reproductive division of labour in honey bees""
  }, {
    ""k"": ""replicate_sam_ss_dpl121"",
    ""v"": ""biological replicate 4""
  }, {
    ""k"": ""tissue_type_sam_s_dpl410"",
    ""v"": ""Whole abdomen""
  }, {
    ""k"": ""primary_search"",
    ""v"": ""454588""
  }, {
    ""k"": ""primary_search"",
    ""v"": ""9010052""
  }, {
    ""k"": ""primary_search"",
    ""v"": ""DRP004203""
  }, {
    ""k"": ""primary_search"",
    ""v"": ""DRR129204""
  }, {
    ""k"": ""primary_search"",
    ""v"": ""DRS062475""
  }, {
    ""k"": ""primary_search"",
    ""v"": ""DRX121944""
  }, {
    ""k"": ""primary_search"",
    ""v"": ""PRJDB6980""
  }, {
    ""k"": ""primary_search"",
    ""v"": ""SAMD00116775""
  }]
}",1,"{""sex_calc"": ""female"", ""bases"": 44258740, ""bytes"": 23976430, ""run_file_create_date"": ""2018-05-08T00:08:00.000Z"", ""age_sam"": [""10 days""], ""biomaterial_provider_sam"": [""Ecology and Evolution Lab, Mikheyev Unit, Okinawa Institute of Science and Technology""], ""collected_by_sam"": [""Velasque, M.""], ""collection_date_sam"": [""2017-10-24""], ""label_sam"": [""Dsx knockdown""], ""project_name_sam"": [""Doublesex regulates reproductive division of labour in honey bees""], ""replicate_sam_ss_dpl121"": [""biological replicate 4""], ""tissue_type_sam_s_dpl410"": ""Whole abdomen"", ""primary_search"": ""454588""}","drr129204 rna-seq oist public drx121944 samd00116775 illumina hiseq 2500 single cdna transcriptomic illumina drs062475 samd00116775 apis mellifera drp004203 2018-05-08 00:00:00.000000 utc prjdb6980  [] 2017-10-24 japan asia [japan:okinawa, oist] [] [] [am_dsx_4] [run.zq,sra] [gs,ncbi,s3] [gs.us-east1,ncbi.public,s3.us-east-1] {
  ""attributes"": [{
    ""k"": ""sex_calc"",
    ""v"": ""female""
  }, {
    ""k"": ""bases"",
    ""v"": ""44258740""
  }, {
    ""k"": ""bytes"",
    ""v"": ""23976430""
  }, {
    ""k"": ""run_file_create_date"",
    ""v"": ""2018-05-08t00:08:00.000z""
  }, {
    ""k"": ""age_sam"",
    ""v"": ""10 days""
  }, {
    ""k"": ""biomaterial_provider_sam"",
    ""v"": ""ecology and evolution lab, mikheyev unit, okinawa institute of science and technology""
  }, {
    ""k"": ""collected_by_sam"",
    ""v"": ""velasque, m.""
  }, {
    ""k"": ""collection_date_sam"",
    ""v"": ""2017-10-24""
  }, {
    ""k"": ""label_sam"",
    ""v"": ""dsx knockdown""
  }, {
    ""k"": ""project_name_sam"",
    ""v"": ""doublesex regulates reproductive division of labour in honey bees""
  }, {
    ""k"": ""replicate_sam_ss_dpl121"",
    ""v"": ""biological replicate 4""
  }, {
    ""k"": ""tissue_type_sam_s_dpl410"",
    ""v"": ""whole abdomen""
  }, {
    ""k"": ""primary_search"",
    ""v"": ""454588""
  }, {
    ""k"": ""primary_search"",
    ""v"": ""9010052""
  }, {
    ""k"": ""primary_search"",
    ""v"": ""drp004203""
  }, {
    ""k"": ""primary_search"",
    ""v"": ""drr129204""
  }, {
    ""k"": ""primary_search"",
    ""v"": ""drs062475""
  }, {
    ""k"": ""primary_search"",
    ""v"": ""drx121944""
  }, {
    ""k"": ""primary_search"",
    ""v"": ""prjdb6980""
  }, {
    ""k"": ""primary_search"",
    ""v"": ""samd00116775""
  }]
} {""sex_calc"": ""female"", ""bases"": 44258740, ""bytes"": 23976430, ""run_file_create_date"": ""2018-05-08t00:08:00.000z"", ""age_sam"": [""10 days""], ""biomaterial_provider_sam"": [""ecology and evolution lab, mikheyev unit, okinawa institute of science and technology""], ""collected_by_sam"": [""velasque, m.""], ""collection_date_sam"": [""2017-10-24""], ""label_sam"": [""dsx knockdown""], ""project_name_sam"": [""doublesex regulates reproductive division of labour in honey bees""], ""replicate_sam_ss_dpl121"": [""biological replicate 4""], ""tissue_type_sam_s_dpl410"": ""whole abdomen"", ""primary_search"": ""454588""}",,2
SRR4002873,RNA-Seq,KU LEUVEN,public,SRX2003127,TRMT1_7AbTh,Illumina HiSeq 2000,PAIRED,RANDOM,TRANSCRIPTOMIC,ILLUMINA,SRS1603200,SAMN05508589,Apis mellifera,SRP080981,2016-12-20 00:00:00.000000 UTC,PRJNA336281,951,NA,180,1446,NA,,[Model organism or animal],,,,[],[],[],[],"[fastq,run.zq,sra]","[gs,ncbi,s3]","[gs.us-east1,ncbi.public,s3.us-east-1]","{
  ""attributes"": [{
    ""k"": ""sex_calc"",
    ""v"": ""female""
  }, {
    ""k"": ""bases"",
    ""v"": ""1446324300""
  }, {
    ""k"": ""bytes"",
    ""v"": ""997552196""
  }, {
    ""k"": ""run_file_create_date"",
    ""v"": ""2016-08-05T06:14:00.000Z""
  }, {
    ""k"": ""dev_stage_sam"",
    ""v"": ""forager""
  }, {
    ""k"": ""isolate_sam_ss_dpl100"",
    ""v"": ""7""
  }, {
    ""k"": ""strain_sam_ss_dpl139"",
    ""v"": ""mellifera""
  }, {
    ""k"": ""tissue_sam_ss_dpl145"",
    ""v"": ""abdomen""
  }, {
    ""k"": ""treatment_sam_ss_dpl55"",
    ""v"": ""TRMT1""
  }, {
    ""k"": ""primary_search"",
    ""v"": ""336281""
  }, {
    ""k"": ""primary_search"",
    ""v"": ""5508589""
  }, {
    ""k"": ""primary_search"",
    ""v"": ""PRJNA336281""
  }, {
    ""k"": ""primary_search"",
    ""v"": ""SAMN05508589""
  }, {
    ""k"": ""primary_search"",
    ""v"": ""SRP080981""
  }, {
    ""k"": ""primary_search"",
    ""v"": ""SRR4002873""
  }, {
    ""k"": ""primary_search"",
    ""v"": ""SRS1603200""
  }, {
    ""k"": ""primary_search"",
    ""v"": ""SRX2003127""
  }, {
    ""k"": ""primary_search"",
    ""v"": ""TRMT1_7AbTh""
  }, {
    ""k"": ""primary_search"",
    ""v"": ""TRMT1_7AbTh ""
  }, {
    ""k"": ""primary_search"",
    ""v"": ""TRMT1_7AbTh _run1""
  }]
}",1,"{""sex_calc"": ""female"", ""bases"": 1446324300, ""bytes"": 997552196, ""run_file_create_date"": ""2016-08-05T06:14:00.000Z"", ""dev_stage_sam"": [""forager""], ""isolate_sam_ss_dpl100"": [""7""], ""strain_sam_ss_dpl139"": [""mellifera""], ""tissue_sam_ss_dpl145"": [""abdomen""], ""treatment_sam_ss_dpl55"": [""TRMT1""], ""primary_search"": ""336281""}","srr4002873 rna-seq ku leuven public srx2003127 trmt1_7abth illumina hiseq 2000 paired random transcriptomic illumina srs1603200 samn05508589 apis mellifera srp080981 2016-12-20 00:00:00.000000 utc prjna336281  [model organism or animal]    [] [] [] [] [fastq,run.zq,sra] [gs,ncbi,s3] [gs.us-east1,ncbi.public,s3.us-east-1] {
  ""attributes"": [{
    ""k"": ""sex_calc"",
    ""v"": ""female""
  }, {
    ""k"": ""bases"",
    ""v"": ""1446324300""
  }, {
    ""k"": ""bytes"",
    ""v"": ""997552196""
  }, {
    ""k"": ""run_file_create_date"",
    ""v"": ""2016-08-05t06:14:00.000z""
  }, {
    ""k"": ""dev_stage_sam"",
    ""v"": ""forager""
  }, {
    ""k"": ""isolate_sam_ss_dpl100"",
    ""v"": ""7""
  }, {
    ""k"": ""strain_sam_ss_dpl139"",
    ""v"": ""mellifera""
  }, {
    ""k"": ""tissue_sam_ss_dpl145"",
    ""v"": ""abdomen""
  }, {
    ""k"": ""treatment_sam_ss_dpl55"",
    ""v"": ""trmt1""
  }, {
    ""k"": ""primary_search"",
    ""v"": ""336281""
  }, {
    ""k"": ""primary_search"",
    ""v"": ""5508589""
  }, {
    ""k"": ""primary_search"",
    ""v"": ""prjna336281""
  }, {
    ""k"": ""primary_search"",
    ""v"": ""samn05508589""
  }, {
    ""k"": ""primary_search"",
    ""v"": ""srp080981""
  }, {
    ""k"": ""primary_search"",
    ""v"": ""srr4002873""
  }, {
    ""k"": ""primary_search"",
    ""v"": ""srs1603200""
  }, {
    ""k"": ""primary_search"",
    ""v"": ""srx2003127""
  }, {
    ""k"": ""primary_search"",
    ""v"": ""trmt1_7abth""
  }, {
    ""k"": ""primary_search"",
    ""v"": ""trmt1_7abth ""
  }, {
    ""k"": ""primary_search"",
    ""v"": ""trmt1_7abth _run1""
  }]
} {""sex_calc"": ""female"", ""bases"": 1446324300, ""bytes"": 997552196, ""run_file_create_date"": ""2016-08-05t06:14:00.000z"", ""dev_stage_sam"": [""forager""], ""isolate_sam_ss_dpl100"": [""7""], ""strain_sam_ss_dpl139"": [""mellifera""], ""tissue_sam_ss_dpl145"": [""abdomen""], ""treatment_sam_ss_dpl55"": [""trmt1""], ""primary_search"": ""336281""}",,3
SRR2032827,RNA-Seq,HARVARD UNIVERSITY,public,SRX1033065,AE Guards Pool 2,Illumina HiSeq 2000,PAIRED,unspecified,TRANSCRIPTOMIC,ILLUMINA,SRS940671,SAMN03396608,Apis mellifera,SRP056006,2015-06-30 00:00:00.000000 UTC,PRJNA277772,727,NA,176,1119,NA,AE Guards Pool 2,[Model organism or animal],2008-04-17,,,[],[],[],[],"[fastq,run.zq,sra]","[gs,ncbi,s3]","[gs.us-east1,ncbi.public,s3.us-east-1]","{
  ""attributes"": [{
    ""k"": ""sex_calc"",
    ""v"": ""female""
  }, {
    ""k"": ""bases"",
    ""v"": ""1119309892""
  }, {
    ""k"": ""bytes"",
    ""v"": ""762996679""
  }, {
    ""k"": ""run_file_create_date"",
    ""v"": ""2015-05-19T16:44:00.000Z""
  }, {
    ""k"": ""collected_by_sam"",
    ""v"": ""G. Hunt""
  }, {
    ""k"": ""collection_date_sam"",
    ""v"": ""2008-04-17""
  }, {
    ""k"": ""dev_stage_sam"",
    ""v"": ""adult""
  }, {
    ""k"": ""isolate_sam_ss_dpl100"",
    ""v"": ""AE Guards Pool 2""
  }, {
    ""k"": ""strain_sam_ss_dpl139"",
    ""v"": ""AE hybrid""
  }, {
    ""k"": ""tissue_sam_ss_dpl145"",
    ""v"": ""whole body""
  }, {
    ""k"": ""primary_search"",
    ""v"": ""277772""
  }, {
    ""k"": ""primary_search"",
    ""v"": ""3396608""
  }, {
    ""k"": ""primary_search"",
    ""v"": ""AE Guards Pool 2""
  }, {
    ""k"": ""primary_search"",
    ""v"": ""PRJNA277772""
  }, {
    ""k"": ""primary_search"",
    ""v"": ""SAMN03396608""
  }, {
    ""k"": ""primary_search"",
    ""v"": ""SRP056006""
  }, {
    ""k"": ""primary_search"",
    ""v"": ""SRR2032827""
  }, {
    ""k"": ""primary_search"",
    ""v"": ""SRS940671""
  }, {
    ""k"": ""primary_search"",
    ""v"": ""SRX1033065""
  }]
}",1,"{""sex_calc"": ""female"", ""bases"": 1119309892, ""bytes"": 762996679, ""run_file_create_date"": ""2015-05-19T16:44:00.000Z"", ""collected_by_sam"": [""G. Hunt""], ""collection_date_sam"": [""2008-04-17""], ""dev_stage_sam"": [""adult""], ""isolate_sam_ss_dpl100"": [""AE Guards Pool 2""], ""strain_sam_ss_dpl139"": [""AE hybrid""], ""tissue_sam_ss_dpl145"": [""whole body""], ""primary_search"": ""277772""}","srr2032827 rna-seq harvard university public srx1033065 ae guards pool 2 illumina hiseq 2000 paired unspecified transcriptomic illumina srs940671 samn03396608 apis mellifera srp056006 2015-06-30 00:00:00.000000 utc prjna277772 ae guards pool 2 [model organism or animal] 2008-04-17   [] [] [] [] [fastq,run.zq,sra] [gs,ncbi,s3] [gs.us-east1,ncbi.public,s3.us-east-1] {
  ""attributes"": [{
    ""k"": ""sex_calc"",
    ""v"": ""female""
  }, {
    ""k"": ""bases"",
    ""v"": ""1119309892""
  }, {
    ""k"": ""bytes"",
    ""v"": ""762996679""
  }, {
    ""k"": ""run_file_create_date"",
    ""v"": ""2015-05-19t16:44:00.000z""
  }, {
    ""k"": ""collected_by_sam"",
    ""v"": ""g. hunt""
  }, {
    ""k"": ""collection_date_sam"",
    ""v"": ""2008-04-17""
  }, {
    ""k"": ""dev_stage_sam"",
    ""v"": ""adult""
  }, {
    ""k"": ""isolate_sam_ss_dpl100"",
    ""v"": ""ae guards pool 2""
  }, {
    ""k"": ""strain_sam_ss_dpl139"",
    ""v"": ""ae hybrid""
  }, {
    ""k"": ""tissue_sam_ss_dpl145"",
    ""v"": ""whole body""
  }, {
    ""k"": ""primary_search"",
    ""v"": ""277772""
  }, {
    ""k"": ""primary_search"",
    ""v"": ""3396608""
  }, {
    ""k"": ""primary_search"",
    ""v"": ""ae guards pool 2""
  }, {
    ""k"": ""primary_search"",
    ""v"": ""prjna277772""
  }, {
    ""k"": ""primary_search"",
    ""v"": ""samn03396608""
  }, {
    ""k"": ""primary_search"",
    ""v"": ""srp056006""
  }, {
    ""k"": ""primary_search"",
    ""v"": ""srr2032827""
  }, {
    ""k"": ""primary_search"",
    ""v"": ""srs940671""
  }, {
    ""k"": ""primary_search"",
    ""v"": ""srx1033065""
  }]
} {""sex_calc"": ""female"", ""bases"": 1119309892, ""bytes"": 762996679, ""run_file_create_date"": ""2015-05-19t16:44:00.000z"", ""collected_by_sam"": [""g. hunt""], ""collection_date_sam"": [""2008-04-17""], ""dev_stage_sam"": [""adult""], ""isolate_sam_ss_dpl100"": [""ae guards pool 2""], ""strain_sam_ss_dpl139"": [""ae hybrid""], ""tissue_sam_ss_dpl145"": [""whole body""], ""primary_search"": ""277772""}",,2
DRR129211,RNA-Seq,OIST,public,DRX121951,SAMD00116782,Illumina HiSeq 2500,SINGLE,cDNA,TRANSCRIPTOMIC,ILLUMINA,DRS062482,SAMD00116782,Apis mellifera,DRP004203,2018-05-08 00:00:00.000000 UTC,PRJDB6980,25,NA,50,48,NA,,[],2017-10-24,Japan,Asia,"[Japan:Okinawa, OIST]",[],[],[Am_GFP_1],"[run.zq,sra]","[gs,ncbi,s3]","[gs.us-east1,ncbi.public,s3.us-east-1]","{
  ""attributes"": [{
    ""k"": ""sex_calc"",
    ""v"": ""female""
  }, {
    ""k"": ""bases"",
    ""v"": ""48436769""
  }, {
    ""k"": ""bytes"",
    ""v"": ""26815973""
  }, {
    ""k"": ""run_file_create_date"",
    ""v"": ""2018-05-08T00:11:00.000Z""
  }, {
    ""k"": ""age_sam"",
    ""v"": ""10 days""
  }, {
    ""k"": ""biomaterial_provider_sam"",
    ""v"": ""Ecology and Evolution Lab, Mikheyev Unit, Okinawa Institute of Science and Technology""
  }, {
    ""k"": ""collected_by_sam"",
    ""v"": ""Velasque, M.""
  }, {
    ""k"": ""collection_date_sam"",
    ""v"": ""2017-10-24""
  }, {
    ""k"": ""label_sam"",
    ""v"": ""GFP knockdown""
  }, {
    ""k"": ""project_name_sam"",
    ""v"": ""Doublesex regulates reproductive division of labour in honey bees""
  }, {
    ""k"": ""replicate_sam_ss_dpl121"",
    ""v"": ""biological replicate 1""
  }, {
    ""k"": ""tissue_type_sam_s_dpl410"",
    ""v"": ""Whole abdomen""
  }, {
    ""k"": ""primary_search"",
    ""v"": ""454588""
  }, {
    ""k"": ""primary_search"",
    ""v"": ""9010059""
  }, {
    ""k"": ""primary_search"",
    ""v"": ""DRP004203""
  }, {
    ""k"": ""primary_search"",
    ""v"": ""DRR129211""
  }, {
    ""k"": ""primary_search"",
    ""v"": ""DRS062482""
  }, {
    ""k"": ""primary_search"",
    ""v"": ""DRX121951""
  }, {
    ""k"": ""primary_search"",
    ""v"": ""PRJDB6980""
  }, {
    ""k"": ""primary_search"",
    ""v"": ""SAMD00116782""
  }]
}",1,"{""sex_calc"": ""female"", ""bases"": 48436769, ""bytes"": 26815973, ""run_file_create_date"": ""2018-05-08T00:11:00.000Z"", ""age_sam"": [""10 days""], ""biomaterial_provider_sam"": [""Ecology and Evolution Lab, Mikheyev Unit, Okinawa Institute of Science and Technology""], ""collected_by_sam"": [""Velasque, M.""], ""collection_date_sam"": [""2017-10-24""], ""label_sam"": [""GFP knockdown""], ""project_name_sam"": [""Doublesex regulates reproductive division of labour in honey bees""], ""replicate_sam_ss_dpl121"": [""biological replicate 1""], ""tissue_type_sam_s_dpl410"": ""Whole abdomen"", ""primary_search"": ""454588""}","drr129211 rna-seq oist public drx121951 samd00116782 illumina hiseq 2500 single cdna transcriptomic illumina drs062482 samd00116782 apis mellifera drp004203 2018-05-08 00:00:00.000000 utc prjdb6980  [] 2017-10-24 japan asia [japan:okinawa, oist] [] [] [am_gfp_1] [run.zq,sra] [gs,ncbi,s3] [gs.us-east1,ncbi.public,s3.us-east-1] {
  ""attributes"": [{
    ""k"": ""sex_calc"",
    ""v"": ""female""
  }, {
    ""k"": ""bases"",
    ""v"": ""48436769""
  }, {
    ""k"": ""bytes"",
    ""v"": ""26815973""
  }, {
    ""k"": ""run_file_create_date"",
    ""v"": ""2018-05-08t00:11:00.000z""
  }, {
    ""k"": ""age_sam"",
    ""v"": ""10 days""
  }, {
    ""k"": ""biomaterial_provider_sam"",
    ""v"": ""ecology and evolution lab, mikheyev unit, okinawa institute of science and technology""
  }, {
    ""k"": ""collected_by_sam"",
    ""v"": ""velasque, m.""
  }, {
    ""k"": ""collection_date_sam"",
    ""v"": ""2017-10-24""
  }, {
    ""k"": ""label_sam"",
    ""v"": ""gfp knockdown""
  }, {
    ""k"": ""project_name_sam"",
    ""v"": ""doublesex regulates reproductive division of labour in honey bees""
  }, {
    ""k"": ""replicate_sam_ss_dpl121"",
    ""v"": ""biological replicate 1""
  }, {
    ""k"": ""tissue_type_sam_s_dpl410"",
    ""v"": ""whole abdomen""
  }, {
    ""k"": ""primary_search"",
    ""v"": ""454588""
  }, {
    ""k"": ""primary_search"",
    ""v"": ""9010059""
  }, {
    ""k"": ""primary_search"",
    ""v"": ""drp004203""
  }, {
    ""k"": ""primary_search"",
    ""v"": ""drr129211""
  }, {
    ""k"": ""primary_search"",
    ""v"": ""drs062482""
  }, {
    ""k"": ""primary_search"",
    ""v"": ""drx121951""
  }, {
    ""k"": ""primary_search"",
    ""v"": ""prjdb6980""
  }, {
    ""k"": ""primary_search"",
    ""v"": ""samd00116782""
  }]
} {""sex_calc"": ""female"", ""bases"": 48436769, ""bytes"": 26815973, ""run_file_create_date"": ""2018-05-08t00:11:00.000z"", ""age_sam"": [""10 days""], ""biomaterial_provider_sam"": [""ecology and evolution lab, mikheyev unit, okinawa institute of science and technology""], ""collected_by_sam"": [""velasque, m.""], ""collection_date_sam"": [""2017-10-24""], ""label_sam"": [""gfp knockdown""], ""project_name_sam"": [""doublesex regulates reproductive division of labour in honey bees""], ""replicate_sam_ss_dpl121"": [""biological replicate 1""], ""tissue_type_sam_s_dpl410"": ""whole abdomen"", ""primary_search"": ""454588""}",,2
ERR413297,RNA-Seq,WARWICK,public,ERX379602,SAMEA2336983,Illumina HiSeq 2000,SINGLE,RANDOM,TRANSCRIPTOMIC,ILLUMINA,ERS395178,SAMEA2336983,Apis mellifera,ERP004639,2014-05-14 00:00:00.000000 UTC,PRJEB5249,610,NA,101,898,NA,unspecified,[],,,,[],[2014-03-23],[2018-11-16],[Varroa-exposed-Apis_mellifera_newly_emerged_adult-E10],"[fastq,run.zq,sra]","[ena,gs,ncbi,s3]","[ena,gs.us-east1,ncbi.public,s3.us-east-1]","{
  ""attributes"": [{
    ""k"": ""bases"",
    ""v"": ""898873336""
  }, {
    ""k"": ""bytes"",
    ""v"": ""639654310""
  }, {
    ""k"": ""run_file_create_date"",
    ""v"": ""2014-05-06T19:49:00.000Z""
  }, {
    ""k"": ""common_name_sam"",
    ""v"": ""honey bee""
  }, {
    ""k"": ""ena_first_public_sam"",
    ""v"": ""2014-03-23""
  }, {
    ""k"": ""ena_last_update_sam"",
    ""v"": ""2014-01-23""
  }, {
    ""k"": ""external_id_sam"",
    ""v"": ""SAMEA2336983""
  }, {
    ""k"": ""insdc_center_alias_sam"",
    ""v"": ""WARWICK""
  }, {
    ""k"": ""insdc_center_name_sam"",
    ""v"": ""University of Warwick""
  }, {
    ""k"": ""insdc_first_public_sam"",
    ""v"": ""2014-03-23T17:00:37Z""
  }, {
    ""k"": ""insdc_last_update_sam"",
    ""v"": ""2014-01-23T17:30:11Z""
  }, {
    ""k"": ""insdc_status_sam"",
    ""v"": ""public""
  }, {
    ""k"": ""submitter_id_sam"",
    ""v"": ""Varroa-exposed-Apis_mellifera_newly_emerged_adult-E10""
  }, {
    ""k"": ""primary_search"",
    ""v"": ""242514""
  }, {
    ""k"": ""primary_search"",
    ""v"": ""2758397""
  }, {
    ""k"": ""primary_search"",
    ""v"": ""ERP004639""
  }, {
    ""k"": ""primary_search"",
    ""v"": ""ERR413297""
  }, {
    ""k"": ""primary_search"",
    ""v"": ""ERS395178""
  }, {
    ""k"": ""primary_search"",
    ""v"": ""ERX379602""
  }, {
    ""k"": ""primary_search"",
    ""v"": ""PRJEB5249""
  }, {
    ""k"": ""primary_search"",
    ""v"": ""SAMEA2336983""
  }, {
    ""k"": ""primary_search"",
    ""v"": ""Varroa-exposed-Apis_mellifera_newly_emerged_adult-E10""
  }, {
    ""k"": ""primary_search"",
    ""v"": ""ena-EXPERIMENT-WARWICK-23-01-2014-17:29:52:620-5""
  }, {
    ""k"": ""primary_search"",
    ""v"": ""ena-RUN-WARWICK-23-01-2014-17:29:52:621-5""
  }, {
    ""k"": ""primary_search"",
    ""v"": ""ena-STUDY-WARWICK-23-01-2014-17:29:57:454-44""
  }]
}",1,"{""bases"": 898873336, ""bytes"": 639654310, ""run_file_create_date"": ""2014-05-06T19:49:00.000Z"", ""common_name_sam"": [""honey bee""], ""ena_first_public_sam"": [""2014-03-23""], ""ena_last_update_sam"": [""2014-01-23""], ""external_id_sam"": ""SAMEA2336983"", ""insdc_center_alias_sam"": [""WARWICK""], ""insdc_center_name_sam"": [""University of Warwick""], ""insdc_first_public_sam"": [""2014-03-23T17:00:37Z""], ""insdc_last_update_sam"": [""2014-01-23T17:30:11Z""], ""insdc_status_sam"": [""public""], ""submitter_id_sam"": [""Varroa-exposed-Apis_mellifera_newly_emerged_adult-E10""], ""primary_search"": ""242514""}","err413297 rna-seq warwick public erx379602 samea2336983 illumina hiseq 2000 single random transcriptomic illumina ers395178 samea2336983 apis mellifera erp004639 2014-05-14 00:00:00.000000 utc prjeb5249 unspecified []    [] [2014-03-23] [2018-11-16] [varroa-exposed-apis_mellifera_newly_emerged_adult-e10] [fastq,run.zq,sra] [ena,gs,ncbi,s3] [ena,gs.us-east1,ncbi.public,s3.us-east-1] {
  ""attributes"": [{
    ""k"": ""bases"",
    ""v"": ""898873336""
  }, {
    ""k"": ""bytes"",
    ""v"": ""639654310""
  }, {
    ""k"": ""run_file_create_date"",
    ""v"": ""2014-05-06t19:49:00.000z""
  }, {
    ""k"": ""common_name_sam"",
    ""v"": ""honey bee""
  }, {
    ""k"": ""ena_first_public_sam"",
    ""v"": ""2014-03-23""
  }, {
    ""k"": ""ena_last_update_sam"",
    ""v"": ""2014-01-23""
  }, {
    ""k"": ""external_id_sam"",
    ""v"": ""samea2336983""
  }, {
    ""k"": ""insdc_center_alias_sam"",
    ""v"": ""warwick""
  }, {
    ""k"": ""insdc_center_name_sam"",
    ""v"": ""university of warwick""
  }, {
    ""k"": ""insdc_first_public_sam"",
    ""v"": ""2014-03-23t17:00:37z""
  }, {
    ""k"": ""insdc_last_update_sam"",
    ""v"": ""2014-01-23t17:30:11z""
  }, {
    ""k"": ""insdc_status_sam"",
    ""v"": ""public""
  }, {
    ""k"": ""submitter_id_sam"",
    ""v"": ""varroa-exposed-apis_mellifera_newly_emerged_adult-e10""
  }, {
    ""k"": ""primary_search"",
    ""v"": ""242514""
  }, {
    ""k"": ""primary_search"",
    ""v"": ""2758397""
  }, {
    ""k"": ""primary_search"",
    ""v"": ""erp004639""
  }, {
    ""k"": ""primary_search"",
    ""v"": ""err413297""
  }, {
    ""k"": ""primary_search"",
    ""v"": ""ers395178""
  }, {
    ""k"": ""primary_search"",
    ""v"": ""erx379602""
  }, {
    ""k"": ""primary_search"",
    ""v"": ""prjeb5249""
  }, {
    ""k"": ""primary_search"",
    ""v"": ""samea2336983""
  }, {
    ""k"": ""primary_search"",
    ""v"": ""varroa-exposed-apis_mellifera_newly_emerged_adult-e10""
  }, {
    ""k"": ""primary_search"",
    ""v"": ""ena-experiment-warwick-23-01-2014-17:29:52:620-5""
  }, {
    ""k"": ""primary_search"",
    ""v"": ""ena-run-warwick-23-01-2014-17:29:52:621-5""
  }, {
    ""k"": ""primary_search"",
    ""v"": ""ena-study-warwick-23-01-2014-17:29:57:454-44""
  }]
} {""bases"": 898873336, ""bytes"": 639654310, ""run_file_create_date"": ""2014-05-06t19:49:00.000z"", ""common_name_sam"": [""honey bee""], ""ena_first_public_sam"": [""2014-03-23""], ""ena_last_update_sam"": [""2014-01-23""], ""external_id_sam"": ""samea2336983"", ""insdc_center_alias_sam"": [""warwick""], ""insdc_center_name_sam"": [""university of warwick""], ""insdc_first_public_sam"": [""2014-03-23t17:00:37z""], ""insdc_last_update_sam"": [""2014-01-23t17:30:11z""], ""insdc_status_sam"": [""public""], ""submitter_id_sam"": [""varroa-exposed-apis_mellifera_newly_emerged_adult-e10""], ""primary_search"": ""242514""}",,0
DRR129210,RNA-Seq,OIST,public,DRX121950,SAMD00116781,Illumina HiSeq 2500,SINGLE,cDNA,TRANSCRIPTOMIC,ILLUMINA,DRS062481,SAMD00116781,Apis mellifera,DRP004203,2018-05-08 00:00:00.000000 UTC,PRJDB6980,24,NA,50,47,NA,,[],2017-10-24,Japan,Asia,"[Japan:Okinawa, OIST]",[],[],[Am_Dsx_7],"[run.zq,sra]","[gs,ncbi,s3]","[gs.us-east1,ncbi.public,s3.us-east-1]","{
  ""attributes"": [{
    ""k"": ""sex_calc"",
    ""v"": ""female""
  }, {
    ""k"": ""bases"",
    ""v"": ""47506062""
  }, {
    ""k"": ""bytes"",
    ""v"": ""25504067""
  }, {
    ""k"": ""run_file_create_date"",
    ""v"": ""2018-05-08T00:09:00.000Z""
  }, {
    ""k"": ""age_sam"",
    ""v"": ""10 days""
  }, {
    ""k"": ""biomaterial_provider_sam"",
    ""v"": ""Ecology and Evolution Lab, Mikheyev Unit, Okinawa Institute of Science and Technology""
  }, {
    ""k"": ""collected_by_sam"",
    ""v"": ""Velasque, M.""
  }, {
    ""k"": ""collection_date_sam"",
    ""v"": ""2017-10-24""
  }, {
    ""k"": ""label_sam"",
    ""v"": ""Dsx knockdown""
  }, {
    ""k"": ""project_name_sam"",
    ""v"": ""Doublesex regulates reproductive division of labour in honey bees""
  }, {
    ""k"": ""replicate_sam_ss_dpl121"",
    ""v"": ""biological replicate 10""
  }, {
    ""k"": ""tissue_type_sam_s_dpl410"",
    ""v"": ""Whole abdomen""
  }, {
    ""k"": ""primary_search"",
    ""v"": ""454588""
  }, {
    ""k"": ""primary_search"",
    ""v"": ""9010058""
  }, {
    ""k"": ""primary_search"",
    ""v"": ""DRP004203""
  }, {
    ""k"": ""primary_search"",
    ""v"": ""DRR129210""
  }, {
    ""k"": ""primary_search"",
    ""v"": ""DRS062481""
  }, {
    ""k"": ""primary_search"",
    ""v"": ""DRX121950""
  }, {
    ""k"": ""primary_search"",
    ""v"": ""PRJDB6980""
  }, {
    ""k"": ""primary_search"",
    ""v"": ""SAMD00116781""
  }]
}",1,"{""sex_calc"": ""female"", ""bases"": 47506062, ""bytes"": 25504067, ""run_file_create_date"": ""2018-05-08T00:09:00.000Z"", ""age_sam"": [""10 days""], ""biomaterial_provider_sam"": [""Ecology and Evolution Lab, Mikheyev Unit, Okinawa Institute of Science and Technology""], ""collected_by_sam"": [""Velasque, M.""], ""collection_date_sam"": [""2017-10-24""], ""label_sam"": [""Dsx knockdown""], ""project_name_sam"": [""Doublesex regulates reproductive division of labour in honey bees""], ""replicate_sam_ss_dpl121"": [""biological replicate 10""], ""tissue_type_sam_s_dpl410"": ""Whole abdomen"", ""primary_search"": ""454588""}","drr129210 rna-seq oist public drx121950 samd00116781 illumina hiseq 2500 single cdna transcriptomic illumina drs062481 samd00116781 apis mellifera drp004203 2018-05-08 00:00:00.000000 utc prjdb6980  [] 2017-10-24 japan asia [japan:okinawa, oist] [] [] [am_dsx_7] [run.zq,sra] [gs,ncbi,s3] [gs.us-east1,ncbi.public,s3.us-east-1] {
  ""attributes"": [{
    ""k"": ""sex_calc"",
    ""v"": ""female""
  }, {
    ""k"": ""bases"",
    ""v"": ""47506062""
  }, {
    ""k"": ""bytes"",
    ""v"": ""25504067""
  }, {
    ""k"": ""run_file_create_date"",
    ""v"": ""2018-05-08t00:09:00.000z""
  }, {
    ""k"": ""age_sam"",
    ""v"": ""10 days""
  }, {
    ""k"": ""biomaterial_provider_sam"",
    ""v"": ""ecology and evolution lab, mikheyev unit, okinawa institute of science and technology""
  }, {
    ""k"": ""collected_by_sam"",
    ""v"": ""velasque, m.""
  }, {
    ""k"": ""collection_date_sam"",
    ""v"": ""2017-10-24""
  }, {
    ""k"": ""label_sam"",
    ""v"": ""dsx knockdown""
  }, {
    ""k"": ""project_name_sam"",
    ""v"": ""doublesex regulates reproductive division of labour in honey bees""
  }, {
    ""k"": ""replicate_sam_ss_dpl121"",
    ""v"": ""biological replicate 10""
  }, {
    ""k"": ""tissue_type_sam_s_dpl410"",
    ""v"": ""whole abdomen""
  }, {
    ""k"": ""primary_search"",
    ""v"": ""454588""
  }, {
    ""k"": ""primary_search"",
    ""v"": ""9010058""
  }, {
    ""k"": ""primary_search"",
    ""v"": ""drp004203""
  }, {
    ""k"": ""primary_search"",
    ""v"": ""drr129210""
  }, {
    ""k"": ""primary_search"",
    ""v"": ""drs062481""
  }, {
    ""k"": ""primary_search"",
    ""v"": ""drx121950""
  }, {
    ""k"": ""primary_search"",
    ""v"": ""prjdb6980""
  }, {
    ""k"": ""primary_search"",
    ""v"": ""samd00116781""
  }]
} {""sex_calc"": ""female"", ""bases"": 47506062, ""bytes"": 25504067, ""run_file_create_date"": ""2018-05-08t00:09:00.000z"", ""age_sam"": [""10 days""], ""biomaterial_provider_sam"": [""ecology and evolution lab, mikheyev unit, okinawa institute of science and technology""], ""collected_by_sam"": [""velasque, m.""], ""collection_date_sam"": [""2017-10-24""], ""label_sam"": [""dsx knockdown""], ""project_name_sam"": [""doublesex regulates reproductive division of labour in honey bees""], ""replicate_sam_ss_dpl121"": [""biological replicate 10""], ""tissue_type_sam_s_dpl410"": ""whole abdomen"", ""primary_search"": ""454588""}",,2
DRR129202,RNA-Seq,OIST,public,DRX121942,SAMD00116773,Illumina HiSeq 2500,SINGLE,cDNA,TRANSCRIPTOMIC,ILLUMINA,DRS062473,SAMD00116773,Apis mellifera,DRP004203,2018-05-08 00:00:00.000000 UTC,PRJDB6980,20,NA,50,39,NA,,[],2017-11-17,Japan,Asia,"[Japan:Okinawa, OIST]",[],[],[Am_Dsx_31],"[run.zq,sra]","[gs,ncbi,s3]","[gs.us-east1,ncbi.public,s3.us-east-1]","{
  ""attributes"": [{
    ""k"": ""sex_calc"",
    ""v"": ""female""
  }, {
    ""k"": ""bases"",
    ""v"": ""39166359""
  }, {
    ""k"": ""bytes"",
    ""v"": ""21522906""
  }, {
    ""k"": ""run_file_create_date"",
    ""v"": ""2018-05-08T00:11:00.000Z""
  }, {
    ""k"": ""age_sam"",
    ""v"": ""10 days""
  }, {
    ""k"": ""biomaterial_provider_sam"",
    ""v"": ""Ecology and Evolution Lab, Mikheyev Unit, Okinawa Institute of Science and Technology""
  }, {
    ""k"": ""collected_by_sam"",
    ""v"": ""Velasque, M.""
  }, {
    ""k"": ""collection_date_sam"",
    ""v"": ""2017-11-17""
  }, {
    ""k"": ""label_sam"",
    ""v"": ""Dsx knockdown""
  }, {
    ""k"": ""project_name_sam"",
    ""v"": ""Doublesex regulates reproductive division of labour in honey bees""
  }, {
    ""k"": ""replicate_sam_ss_dpl121"",
    ""v"": ""biological replicate 2""
  }, {
    ""k"": ""tissue_type_sam_s_dpl410"",
    ""v"": ""Whole abdomen""
  }, {
    ""k"": ""primary_search"",
    ""v"": ""454588""
  }, {
    ""k"": ""primary_search"",
    ""v"": ""9010050""
  }, {
    ""k"": ""primary_search"",
    ""v"": ""DRP004203""
  }, {
    ""k"": ""primary_search"",
    ""v"": ""DRR129202""
  }, {
    ""k"": ""primary_search"",
    ""v"": ""DRS062473""
  }, {
    ""k"": ""primary_search"",
    ""v"": ""DRX121942""
  }, {
    ""k"": ""primary_search"",
    ""v"": ""PRJDB6980""
  }, {
    ""k"": ""primary_search"",
    ""v"": ""SAMD00116773""
  }]
}",1,"{""sex_calc"": ""female"", ""bases"": 39166359, ""bytes"": 21522906, ""run_file_create_date"": ""2018-05-08T00:11:00.000Z"", ""age_sam"": [""10 days""], ""biomaterial_provider_sam"": [""Ecology and Evolution Lab, Mikheyev Unit, Okinawa Institute of Science and Technology""], ""collected_by_sam"": [""Velasque, M.""], ""collection_date_sam"": [""2017-11-17""], ""label_sam"": [""Dsx knockdown""], ""project_name_sam"": [""Doublesex regulates reproductive division of labour in honey bees""], ""replicate_sam_ss_dpl121"": [""biological replicate 2""], ""tissue_type_sam_s_dpl410"": ""Whole abdomen"", ""primary_search"": ""454588""}","drr129202 rna-seq oist public drx121942 samd00116773 illumina hiseq 2500 single cdna transcriptomic illumina drs062473 samd00116773 apis mellifera drp004203 2018-05-08 00:00:00.000000 utc prjdb6980  [] 2017-11-17 japan asia [japan:okinawa, oist] [] [] [am_dsx_31] [run.zq,sra] [gs,ncbi,s3] [gs.us-east1,ncbi.public,s3.us-east-1] {
  ""attributes"": [{
    ""k"": ""sex_calc"",
    ""v"": ""female""
  }, {
    ""k"": ""bases"",
    ""v"": ""39166359""
  }, {
    ""k"": ""bytes"",
    ""v"": ""21522906""
  }, {
    ""k"": ""run_file_create_date"",
    ""v"": ""2018-05-08t00:11:00.000z""
  }, {
    ""k"": ""age_sam"",
    ""v"": ""10 days""
  }, {
    ""k"": ""biomaterial_provider_sam"",
    ""v"": ""ecology and evolution lab, mikheyev unit, okinawa institute of science and technology""
  }, {
    ""k"": ""collected_by_sam"",
    ""v"": ""velasque, m.""
  }, {
    ""k"": ""collection_date_sam"",
    ""v"": ""2017-11-17""
  }, {
    ""k"": ""label_sam"",
    ""v"": ""dsx knockdown""
  }, {
    ""k"": ""project_name_sam"",
    ""v"": ""doublesex regulates reproductive division of labour in honey bees""
  }, {
    ""k"": ""replicate_sam_ss_dpl121"",
    ""v"": ""biological replicate 2""
  }, {
    ""k"": ""tissue_type_sam_s_dpl410"",
    ""v"": ""whole abdomen""
  }, {
    ""k"": ""primary_search"",
    ""v"": ""454588""
  }, {
    ""k"": ""primary_search"",
    ""v"": ""9010050""
  }, {
    ""k"": ""primary_search"",
    ""v"": ""drp004203""
  }, {
    ""k"": ""primary_search"",
    ""v"": ""drr129202""
  }, {
    ""k"": ""primary_search"",
    ""v"": ""drs062473""
  }, {
    ""k"": ""primary_search"",
    ""v"": ""drx121942""
  }, {
    ""k"": ""primary_search"",
    ""v"": ""prjdb6980""
  }, {
    ""k"": ""primary_search"",
    ""v"": ""samd00116773""
  }]
} {""sex_calc"": ""female"", ""bases"": 39166359, ""bytes"": 21522906, ""run_file_create_date"": ""2018-05-08t00:11:00.000z"", ""age_sam"": [""10 days""], ""biomaterial_provider_sam"": [""ecology and evolution lab, mikheyev unit, okinawa institute of science and technology""], ""collected_by_sam"": [""velasque, m.""], ""collection_date_sam"": [""2017-11-17""], ""label_sam"": [""dsx knockdown""], ""project_name_sam"": [""doublesex regulates reproductive division of labour in honey bees""], ""replicate_sam_ss_dpl121"": [""biological replicate 2""], ""tissue_type_sam_s_dpl410"": ""whole abdomen"", ""primary_search"": ""454588""}",,2
DRR129214,RNA-Seq,OIST,public,DRX121954,SAMD00116785,Illumina HiSeq 2500,SINGLE,cDNA,TRANSCRIPTOMIC,ILLUMINA,DRS062485,SAMD00116785,Apis mellifera,DRP004203,2018-05-08 00:00:00.000000 UTC,PRJDB6980,27,NA,50,51,NA,,[],2017-10-24,Japan,Asia,"[Japan:Okinawa, OIST]",[],[],[Am_GFP_14],"[run.zq,sra]","[gs,ncbi,s3]","[gs.us-east1,ncbi.public,s3.us-east-1]","{
  ""attributes"": [{
    ""k"": ""sex_calc"",
    ""v"": ""female""
  }, {
    ""k"": ""bases"",
    ""v"": ""51812231""
  }, {
    ""k"": ""bytes"",
    ""v"": ""29081684""
  }, {
    ""k"": ""run_file_create_date"",
    ""v"": ""2018-05-08T00:08:00.000Z""
  }, {
    ""k"": ""age_sam"",
    ""v"": ""10 days""
  }, {
    ""k"": ""biomaterial_provider_sam"",
    ""v"": ""Ecology and Evolution Lab, Mikheyev Unit, Okinawa Institute of Science and Technology""
  }, {
    ""k"": ""collected_by_sam"",
    ""v"": ""Velasque, M.""
  }, {
    ""k"": ""collection_date_sam"",
    ""v"": ""2017-10-24""
  }, {
    ""k"": ""label_sam"",
    ""v"": ""GFP knockdown""
  }, {
    ""k"": ""project_name_sam"",
    ""v"": ""Doublesex regulates reproductive division of labour in honey bees""
  }, {
    ""k"": ""replicate_sam_ss_dpl121"",
    ""v"": ""biological replicate 4""
  }, {
    ""k"": ""tissue_type_sam_s_dpl410"",
    ""v"": ""Whole abdomen""
  }, {
    ""k"": ""primary_search"",
    ""v"": ""454588""
  }, {
    ""k"": ""primary_search"",
    ""v"": ""9010062""
  }, {
    ""k"": ""primary_search"",
    ""v"": ""DRP004203""
  }, {
    ""k"": ""primary_search"",
    ""v"": ""DRR129214""
  }, {
    ""k"": ""primary_search"",
    ""v"": ""DRS062485""
  }, {
    ""k"": ""primary_search"",
    ""v"": ""DRX121954""
  }, {
    ""k"": ""primary_search"",
    ""v"": ""PRJDB6980""
  }, {
    ""k"": ""primary_search"",
    ""v"": ""SAMD00116785""
  }]
}",1,"{""sex_calc"": ""female"", ""bases"": 51812231, ""bytes"": 29081684, ""run_file_create_date"": ""2018-05-08T00:08:00.000Z"", ""age_sam"": [""10 days""], ""biomaterial_provider_sam"": [""Ecology and Evolution Lab, Mikheyev Unit, Okinawa Institute of Science and Technology""], ""collected_by_sam"": [""Velasque, M.""], ""collection_date_sam"": [""2017-10-24""], ""label_sam"": [""GFP knockdown""], ""project_name_sam"": [""Doublesex regulates reproductive division of labour in honey bees""], ""replicate_sam_ss_dpl121"": [""biological replicate 4""], ""tissue_type_sam_s_dpl410"": ""Whole abdomen"", ""primary_search"": ""454588""}","drr129214 rna-seq oist public drx121954 samd00116785 illumina hiseq 2500 single cdna transcriptomic illumina drs062485 samd00116785 apis mellifera drp004203 2018-05-08 00:00:00.000000 utc prjdb6980  [] 2017-10-24 japan asia [japan:okinawa, oist] [] [] [am_gfp_14] [run.zq,sra] [gs,ncbi,s3] [gs.us-east1,ncbi.public,s3.us-east-1] {
  ""attributes"": [{
    ""k"": ""sex_calc"",
    ""v"": ""female""
  }, {
    ""k"": ""bases"",
    ""v"": ""51812231""
  }, {
    ""k"": ""bytes"",
    ""v"": ""29081684""
  }, {
    ""k"": ""run_file_create_date"",
    ""v"": ""2018-05-08t00:08:00.000z""
  }, {
    ""k"": ""age_sam"",
    ""v"": ""10 days""
  }, {
    ""k"": ""biomaterial_provider_sam"",
    ""v"": ""ecology and evolution lab, mikheyev unit, okinawa institute of science and technology""
  }, {
    ""k"": ""collected_by_sam"",
    ""v"": ""velasque, m.""
  }, {
    ""k"": ""collection_date_sam"",
    ""v"": ""2017-10-24""
  }, {
    ""k"": ""label_sam"",
    ""v"": ""gfp knockdown""
  }, {
    ""k"": ""project_name_sam"",
    ""v"": ""doublesex regulates reproductive division of labour in honey bees""
  }, {
    ""k"": ""replicate_sam_ss_dpl121"",
    ""v"": ""biological replicate 4""
  }, {
    ""k"": ""tissue_type_sam_s_dpl410"",
    ""v"": ""whole abdomen""
  }, {
    ""k"": ""primary_search"",
    ""v"": ""454588""
  }, {
    ""k"": ""primary_search"",
    ""v"": ""9010062""
  }, {
    ""k"": ""primary_search"",
    ""v"": ""drp004203""
  }, {
    ""k"": ""primary_search"",
    ""v"": ""drr129214""
  }, {
    ""k"": ""primary_search"",
    ""v"": ""drs062485""
  }, {
    ""k"": ""primary_search"",
    ""v"": ""drx121954""
  }, {
    ""k"": ""primary_search"",
    ""v"": ""prjdb6980""
  }, {
    ""k"": ""primary_search"",
    ""v"": ""samd00116785""
  }]
} {""sex_calc"": ""female"", ""bases"": 51812231, ""bytes"": 29081684, ""run_file_create_date"": ""2018-05-08t00:08:00.000z"", ""age_sam"": [""10 days""], ""biomaterial_provider_sam"": [""ecology and evolution lab, mikheyev unit, okinawa institute of science and technology""], ""collected_by_sam"": [""velasque, m.""], ""collection_date_sam"": [""2017-10-24""], ""label_sam"": [""gfp knockdown""], ""project_name_sam"": [""doublesex regulates reproductive division of labour in honey bees""], ""replicate_sam_ss_dpl121"": [""biological replicate 4""], ""tissue_type_sam_s_dpl410"": ""whole abdomen"", ""primary_search"": ""454588""}",,2
DRR129212,RNA-Seq,OIST,public,DRX121952,SAMD00116783,Illumina HiSeq 2500,SINGLE,cDNA,TRANSCRIPTOMIC,ILLUMINA,DRS062483,SAMD00116783,Apis mellifera,DRP004203,2018-05-08 00:00:00.000000 UTC,PRJDB6980,27,NA,50,50,NA,,[],2017-10-24,Japan,Asia,"[Japan:Okinawa, OIST]",[],[],[Am_GFP_10],"[run.zq,sra]","[gs,ncbi,s3]","[gs.us-east1,ncbi.public,s3.us-east-1]","{
  ""attributes"": [{
    ""k"": ""sex_calc"",
    ""v"": ""female""
  }, {
    ""k"": ""bases"",
    ""v"": ""50348980""
  }, {
    ""k"": ""bytes"",
    ""v"": ""28616865""
  }, {
    ""k"": ""run_file_create_date"",
    ""v"": ""2018-05-08T00:11:00.000Z""
  }, {
    ""k"": ""age_sam"",
    ""v"": ""10 days""
  }, {
    ""k"": ""biomaterial_provider_sam"",
    ""v"": ""Ecology and Evolution Lab, Mikheyev Unit, Okinawa Institute of Science and Technology""
  }, {
    ""k"": ""collected_by_sam"",
    ""v"": ""Velasque, M.""
  }, {
    ""k"": ""collection_date_sam"",
    ""v"": ""2017-10-24""
  }, {
    ""k"": ""label_sam"",
    ""v"": ""GFP knockdown""
  }, {
    ""k"": ""project_name_sam"",
    ""v"": ""Doublesex regulates reproductive division of labour in honey bees""
  }, {
    ""k"": ""replicate_sam_ss_dpl121"",
    ""v"": ""biological replicate 2""
  }, {
    ""k"": ""tissue_type_sam_s_dpl410"",
    ""v"": ""Whole abdomen""
  }, {
    ""k"": ""primary_search"",
    ""v"": ""454588""
  }, {
    ""k"": ""primary_search"",
    ""v"": ""9010060""
  }, {
    ""k"": ""primary_search"",
    ""v"": ""DRP004203""
  }, {
    ""k"": ""primary_search"",
    ""v"": ""DRR129212""
  }, {
    ""k"": ""primary_search"",
    ""v"": ""DRS062483""
  }, {
    ""k"": ""primary_search"",
    ""v"": ""DRX121952""
  }, {
    ""k"": ""primary_search"",
    ""v"": ""PRJDB6980""
  }, {
    ""k"": ""primary_search"",
    ""v"": ""SAMD00116783""
  }]
}",1,"{""sex_calc"": ""female"", ""bases"": 50348980, ""bytes"": 28616865, ""run_file_create_date"": ""2018-05-08T00:11:00.000Z"", ""age_sam"": [""10 days""], ""biomaterial_provider_sam"": [""Ecology and Evolution Lab, Mikheyev Unit, Okinawa Institute of Science and Technology""], ""collected_by_sam"": [""Velasque, M.""], ""collection_date_sam"": [""2017-10-24""], ""label_sam"": [""GFP knockdown""], ""project_name_sam"": [""Doublesex regulates reproductive division of labour in honey bees""], ""replicate_sam_ss_dpl121"": [""biological replicate 2""], ""tissue_type_sam_s_dpl410"": ""Whole abdomen"", ""primary_search"": ""454588""}","drr129212 rna-seq oist public drx121952 samd00116783 illumina hiseq 2500 single cdna transcriptomic illumina drs062483 samd00116783 apis mellifera drp004203 2018-05-08 00:00:00.000000 utc prjdb6980  [] 2017-10-24 japan asia [japan:okinawa, oist] [] [] [am_gfp_10] [run.zq,sra] [gs,ncbi,s3] [gs.us-east1,ncbi.public,s3.us-east-1] {
  ""attributes"": [{
    ""k"": ""sex_calc"",
    ""v"": ""female""
  }, {
    ""k"": ""bases"",
    ""v"": ""50348980""
  }, {
    ""k"": ""bytes"",
    ""v"": ""28616865""
  }, {
    ""k"": ""run_file_create_date"",
    ""v"": ""2018-05-08t00:11:00.000z""
  }, {
    ""k"": ""age_sam"",
    ""v"": ""10 days""
  }, {
    ""k"": ""biomaterial_provider_sam"",
    ""v"": ""ecology and evolution lab, mikheyev unit, okinawa institute of science and technology""
  }, {
    ""k"": ""collected_by_sam"",
    ""v"": ""velasque, m.""
  }, {
    ""k"": ""collection_date_sam"",
    ""v"": ""2017-10-24""
  }, {
    ""k"": ""label_sam"",
    ""v"": ""gfp knockdown""
  }, {
    ""k"": ""project_name_sam"",
    ""v"": ""doublesex regulates reproductive division of labour in honey bees""
  }, {
    ""k"": ""replicate_sam_ss_dpl121"",
    ""v"": ""biological replicate 2""
  }, {
    ""k"": ""tissue_type_sam_s_dpl410"",
    ""v"": ""whole abdomen""
  }, {
    ""k"": ""primary_search"",
    ""v"": ""454588""
  }, {
    ""k"": ""primary_search"",
    ""v"": ""9010060""
  }, {
    ""k"": ""primary_search"",
    ""v"": ""drp004203""
  }, {
    ""k"": ""primary_search"",
    ""v"": ""drr129212""
  }, {
    ""k"": ""primary_search"",
    ""v"": ""drs062483""
  }, {
    ""k"": ""primary_search"",
    ""v"": ""drx121952""
  }, {
    ""k"": ""primary_search"",
    ""v"": ""prjdb6980""
  }, {
    ""k"": ""primary_search"",
    ""v"": ""samd00116783""
  }]
} {""sex_calc"": ""female"", ""bases"": 50348980, ""bytes"": 28616865, ""run_file_create_date"": ""2018-05-08t00:11:00.000z"", ""age_sam"": [""10 days""], ""biomaterial_provider_sam"": [""ecology and evolution lab, mikheyev unit, okinawa institute of science and technology""], ""collected_by_sam"": [""velasque, m.""], ""collection_date_sam"": [""2017-10-24""], ""label_sam"": [""gfp knockdown""], ""project_name_sam"": [""doublesex regulates reproductive division of labour in honey bees""], ""replicate_sam_ss_dpl121"": [""biological replicate 2""], ""tissue_type_sam_s_dpl410"": ""whole abdomen"", ""primary_search"": ""454588""}",,2
DRR129217,RNA-Seq,OIST,public,DRX121957,SAMD00116788,Illumina HiSeq 2500,SINGLE,cDNA,TRANSCRIPTOMIC,ILLUMINA,DRS062488,SAMD00116788,Apis mellifera,DRP004203,2018-05-08 00:00:00.000000 UTC,PRJDB6980,25,NA,50,48,NA,,[],2017-11-17,Japan,Asia,"[Japan:Okinawa, OIST]",[],[],[Am_GFP_45],"[run.zq,sra]","[gs,ncbi,s3]","[gs.us-east1,ncbi.public,s3.us-east-1]","{
  ""attributes"": [{
    ""k"": ""sex_calc"",
    ""v"": ""female""
  }, {
    ""k"": ""bases"",
    ""v"": ""48201582""
  }, {
    ""k"": ""bytes"",
    ""v"": ""27187354""
  }, {
    ""k"": ""run_file_create_date"",
    ""v"": ""2018-05-08T00:10:00.000Z""
  }, {
    ""k"": ""age_sam"",
    ""v"": ""10 days""
  }, {
    ""k"": ""biomaterial_provider_sam"",
    ""v"": ""Ecology and Evolution Lab, Mikheyev Unit, Okinawa Institute of Science and Technology""
  }, {
    ""k"": ""collected_by_sam"",
    ""v"": ""Velasque, M.""
  }, {
    ""k"": ""collection_date_sam"",
    ""v"": ""2017-11-17""
  }, {
    ""k"": ""label_sam"",
    ""v"": ""GFP knockdown""
  }, {
    ""k"": ""project_name_sam"",
    ""v"": ""Doublesex regulates reproductive division of labour in honey bees""
  }, {
    ""k"": ""replicate_sam_ss_dpl121"",
    ""v"": ""biological replicate 7""
  }, {
    ""k"": ""tissue_type_sam_s_dpl410"",
    ""v"": ""Whole abdomen""
  }, {
    ""k"": ""primary_search"",
    ""v"": ""454588""
  }, {
    ""k"": ""primary_search"",
    ""v"": ""9010065""
  }, {
    ""k"": ""primary_search"",
    ""v"": ""DRP004203""
  }, {
    ""k"": ""primary_search"",
    ""v"": ""DRR129217""
  }, {
    ""k"": ""primary_search"",
    ""v"": ""DRS062488""
  }, {
    ""k"": ""primary_search"",
    ""v"": ""DRX121957""
  }, {
    ""k"": ""primary_search"",
    ""v"": ""PRJDB6980""
  }, {
    ""k"": ""primary_search"",
    ""v"": ""SAMD00116788""
  }]
}",1,"{""sex_calc"": ""female"", ""bases"": 48201582, ""bytes"": 27187354, ""run_file_create_date"": ""2018-05-08T00:10:00.000Z"", ""age_sam"": [""10 days""], ""biomaterial_provider_sam"": [""Ecology and Evolution Lab, Mikheyev Unit, Okinawa Institute of Science and Technology""], ""collected_by_sam"": [""Velasque, M.""], ""collection_date_sam"": [""2017-11-17""], ""label_sam"": [""GFP knockdown""], ""project_name_sam"": [""Doublesex regulates reproductive division of labour in honey bees""], ""replicate_sam_ss_dpl121"": [""biological replicate 7""], ""tissue_type_sam_s_dpl410"": ""Whole abdomen"", ""primary_search"": ""454588""}","drr129217 rna-seq oist public drx121957 samd00116788 illumina hiseq 2500 single cdna transcriptomic illumina drs062488 samd00116788 apis mellifera drp004203 2018-05-08 00:00:00.000000 utc prjdb6980  [] 2017-11-17 japan asia [japan:okinawa, oist] [] [] [am_gfp_45] [run.zq,sra] [gs,ncbi,s3] [gs.us-east1,ncbi.public,s3.us-east-1] {
  ""attributes"": [{
    ""k"": ""sex_calc"",
    ""v"": ""female""
  }, {
    ""k"": ""bases"",
    ""v"": ""48201582""
  }, {
    ""k"": ""bytes"",
    ""v"": ""27187354""
  }, {
    ""k"": ""run_file_create_date"",
    ""v"": ""2018-05-08t00:10:00.000z""
  }, {
    ""k"": ""age_sam"",
    ""v"": ""10 days""
  }, {
    ""k"": ""biomaterial_provider_sam"",
    ""v"": ""ecology and evolution lab, mikheyev unit, okinawa institute of science and technology""
  }, {
    ""k"": ""collected_by_sam"",
    ""v"": ""velasque, m.""
  }, {
    ""k"": ""collection_date_sam"",
    ""v"": ""2017-11-17""
  }, {
    ""k"": ""label_sam"",
    ""v"": ""gfp knockdown""
  }, {
    ""k"": ""project_name_sam"",
    ""v"": ""doublesex regulates reproductive division of labour in honey bees""
  }, {
    ""k"": ""replicate_sam_ss_dpl121"",
    ""v"": ""biological replicate 7""
  }, {
    ""k"": ""tissue_type_sam_s_dpl410"",
    ""v"": ""whole abdomen""
  }, {
    ""k"": ""primary_search"",
    ""v"": ""454588""
  }, {
    ""k"": ""primary_search"",
    ""v"": ""9010065""
  }, {
    ""k"": ""primary_search"",
    ""v"": ""drp004203""
  }, {
    ""k"": ""primary_search"",
    ""v"": ""drr129217""
  }, {
    ""k"": ""primary_search"",
    ""v"": ""drs062488""
  }, {
    ""k"": ""primary_search"",
    ""v"": ""drx121957""
  }, {
    ""k"": ""primary_search"",
    ""v"": ""prjdb6980""
  }, {
    ""k"": ""primary_search"",
    ""v"": ""samd00116788""
  }]
} {""sex_calc"": ""female"", ""bases"": 48201582, ""bytes"": 27187354, ""run_file_create_date"": ""2018-05-08t00:10:00.000z"", ""age_sam"": [""10 days""], ""biomaterial_provider_sam"": [""ecology and evolution lab, mikheyev unit, okinawa institute of science and technology""], ""collected_by_sam"": [""velasque, m.""], ""collection_date_sam"": [""2017-11-17""], ""label_sam"": [""gfp knockdown""], ""project_name_sam"": [""doublesex regulates reproductive division of labour in honey bees""], ""replicate_sam_ss_dpl121"": [""biological replicate 7""], ""tissue_type_sam_s_dpl410"": ""whole abdomen"", ""primary_search"": ""454588""}",,2
SRR4002869,RNA-Seq,KU LEUVEN,public,SRX2003123,TRMT1_11AbTh,Illumina HiSeq 2000,PAIRED,RANDOM,TRANSCRIPTOMIC,ILLUMINA,SRS1603196,SAMN05508585,Apis mellifera,SRP080981,2016-12-20 00:00:00.000000 UTC,PRJNA336281,945,NA,180,1437,NA,,[Model organism or animal],,,,[],[],[],[],"[fastq,run.zq,sra]","[gs,ncbi,s3]","[gs.us-east1,ncbi.public,s3.us-east-1]","{
  ""attributes"": [{
    ""k"": ""sex_calc"",
    ""v"": ""female""
  }, {
    ""k"": ""bases"",
    ""v"": ""1437910740""
  }, {
    ""k"": ""bytes"",
    ""v"": ""991247038""
  }, {
    ""k"": ""run_file_create_date"",
    ""v"": ""2016-08-05T06:13:00.000Z""
  }, {
    ""k"": ""dev_stage_sam"",
    ""v"": ""forager""
  }, {
    ""k"": ""isolate_sam_ss_dpl100"",
    ""v"": ""11""
  }, {
    ""k"": ""strain_sam_ss_dpl139"",
    ""v"": ""mellifera""
  }, {
    ""k"": ""tissue_sam_ss_dpl145"",
    ""v"": ""abdomen""
  }, {
    ""k"": ""treatment_sam_ss_dpl55"",
    ""v"": ""TRMT1""
  }, {
    ""k"": ""primary_search"",
    ""v"": ""336281""
  }, {
    ""k"": ""primary_search"",
    ""v"": ""5508585""
  }, {
    ""k"": ""primary_search"",
    ""v"": ""PRJNA336281""
  }, {
    ""k"": ""primary_search"",
    ""v"": ""SAMN05508585""
  }, {
    ""k"": ""primary_search"",
    ""v"": ""SRP080981""
  }, {
    ""k"": ""primary_search"",
    ""v"": ""SRR4002869""
  }, {
    ""k"": ""primary_search"",
    ""v"": ""SRS1603196""
  }, {
    ""k"": ""primary_search"",
    ""v"": ""SRX2003123""
  }, {
    ""k"": ""primary_search"",
    ""v"": ""TRMT1_11AbTh""
  }, {
    ""k"": ""primary_search"",
    ""v"": ""TRMT1_11AbTh_run1""
  }, {
    ""k"": ""primary_search"",
    ""v"": ""TRMT1_11AbTh ""
  }]
}",1,"{""sex_calc"": ""female"", ""bases"": 1437910740, ""bytes"": 991247038, ""run_file_create_date"": ""2016-08-05T06:13:00.000Z"", ""dev_stage_sam"": [""forager""], ""isolate_sam_ss_dpl100"": [""11""], ""strain_sam_ss_dpl139"": [""mellifera""], ""tissue_sam_ss_dpl145"": [""abdomen""], ""treatment_sam_ss_dpl55"": [""TRMT1""], ""primary_search"": ""336281""}","srr4002869 rna-seq ku leuven public srx2003123 trmt1_11abth illumina hiseq 2000 paired random transcriptomic illumina srs1603196 samn05508585 apis mellifera srp080981 2016-12-20 00:00:00.000000 utc prjna336281  [model organism or animal]    [] [] [] [] [fastq,run.zq,sra] [gs,ncbi,s3] [gs.us-east1,ncbi.public,s3.us-east-1] {
  ""attributes"": [{
    ""k"": ""sex_calc"",
    ""v"": ""female""
  }, {
    ""k"": ""bases"",
    ""v"": ""1437910740""
  }, {
    ""k"": ""bytes"",
    ""v"": ""991247038""
  }, {
    ""k"": ""run_file_create_date"",
    ""v"": ""2016-08-05t06:13:00.000z""
  }, {
    ""k"": ""dev_stage_sam"",
    ""v"": ""forager""
  }, {
    ""k"": ""isolate_sam_ss_dpl100"",
    ""v"": ""11""
  }, {
    ""k"": ""strain_sam_ss_dpl139"",
    ""v"": ""mellifera""
  }, {
    ""k"": ""tissue_sam_ss_dpl145"",
    ""v"": ""abdomen""
  }, {
    ""k"": ""treatment_sam_ss_dpl55"",
    ""v"": ""trmt1""
  }, {
    ""k"": ""primary_search"",
    ""v"": ""336281""
  }, {
    ""k"": ""primary_search"",
    ""v"": ""5508585""
  }, {
    ""k"": ""primary_search"",
    ""v"": ""prjna336281""
  }, {
    ""k"": ""primary_search"",
    ""v"": ""samn05508585""
  }, {
    ""k"": ""primary_search"",
    ""v"": ""srp080981""
  }, {
    ""k"": ""primary_search"",
    ""v"": ""srr4002869""
  }, {
    ""k"": ""primary_search"",
    ""v"": ""srs1603196""
  }, {
    ""k"": ""primary_search"",
    ""v"": ""srx2003123""
  }, {
    ""k"": ""primary_search"",
    ""v"": ""trmt1_11abth""
  }, {
    ""k"": ""primary_search"",
    ""v"": ""trmt1_11abth_run1""
  }, {
    ""k"": ""primary_search"",
    ""v"": ""trmt1_11abth ""
  }]
} {""sex_calc"": ""female"", ""bases"": 1437910740, ""bytes"": 991247038, ""run_file_create_date"": ""2016-08-05t06:13:00.000z"", ""dev_stage_sam"": [""forager""], ""isolate_sam_ss_dpl100"": [""11""], ""strain_sam_ss_dpl139"": [""mellifera""], ""tissue_sam_ss_dpl145"": [""abdomen""], ""treatment_sam_ss_dpl55"": [""trmt1""], ""primary_search"": ""336281""}",,3
DRR129203,RNA-Seq,OIST,public,DRX121943,SAMD00116774,Illumina HiSeq 2500,SINGLE,cDNA,TRANSCRIPTOMIC,ILLUMINA,DRS062474,SAMD00116774,Apis mellifera,DRP004203,2018-05-08 00:00:00.000000 UTC,PRJDB6980,22,NA,50,38,NA,,[],2017-11-17,Japan,Asia,"[Japan:Okinawa, OIST]",[],[],[Am_Dsx_36],"[run.zq,sra]","[gs,ncbi,s3]","[gs.us-east1,ncbi.public,s3.us-east-1]","{
  ""attributes"": [{
    ""k"": ""sex_calc"",
    ""v"": ""female""
  }, {
    ""k"": ""bases"",
    ""v"": ""38062076""
  }, {
    ""k"": ""bytes"",
    ""v"": ""23287293""
  }, {
    ""k"": ""run_file_create_date"",
    ""v"": ""2018-05-08T00:11:00.000Z""
  }, {
    ""k"": ""age_sam"",
    ""v"": ""10 days""
  }, {
    ""k"": ""biomaterial_provider_sam"",
    ""v"": ""Ecology and Evolution Lab, Mikheyev Unit, Okinawa Institute of Science and Technology""
  }, {
    ""k"": ""collected_by_sam"",
    ""v"": ""Velasque, M.""
  }, {
    ""k"": ""collection_date_sam"",
    ""v"": ""2017-11-17""
  }, {
    ""k"": ""label_sam"",
    ""v"": ""Dsx knockdown""
  }, {
    ""k"": ""project_name_sam"",
    ""v"": ""Doublesex regulates reproductive division of labour in honey bees""
  }, {
    ""k"": ""replicate_sam_ss_dpl121"",
    ""v"": ""biological replicate 3""
  }, {
    ""k"": ""tissue_type_sam_s_dpl410"",
    ""v"": ""Whole abdomen""
  }, {
    ""k"": ""primary_search"",
    ""v"": ""454588""
  }, {
    ""k"": ""primary_search"",
    ""v"": ""9010051""
  }, {
    ""k"": ""primary_search"",
    ""v"": ""DRP004203""
  }, {
    ""k"": ""primary_search"",
    ""v"": ""DRR129203""
  }, {
    ""k"": ""primary_search"",
    ""v"": ""DRS062474""
  }, {
    ""k"": ""primary_search"",
    ""v"": ""DRX121943""
  }, {
    ""k"": ""primary_search"",
    ""v"": ""PRJDB6980""
  }, {
    ""k"": ""primary_search"",
    ""v"": ""SAMD00116774""
  }]
}",1,"{""sex_calc"": ""female"", ""bases"": 38062076, ""bytes"": 23287293, ""run_file_create_date"": ""2018-05-08T00:11:00.000Z"", ""age_sam"": [""10 days""], ""biomaterial_provider_sam"": [""Ecology and Evolution Lab, Mikheyev Unit, Okinawa Institute of Science and Technology""], ""collected_by_sam"": [""Velasque, M.""], ""collection_date_sam"": [""2017-11-17""], ""label_sam"": [""Dsx knockdown""], ""project_name_sam"": [""Doublesex regulates reproductive division of labour in honey bees""], ""replicate_sam_ss_dpl121"": [""biological replicate 3""], ""tissue_type_sam_s_dpl410"": ""Whole abdomen"", ""primary_search"": ""454588""}","drr129203 rna-seq oist public drx121943 samd00116774 illumina hiseq 2500 single cdna transcriptomic illumina drs062474 samd00116774 apis mellifera drp004203 2018-05-08 00:00:00.000000 utc prjdb6980  [] 2017-11-17 japan asia [japan:okinawa, oist] [] [] [am_dsx_36] [run.zq,sra] [gs,ncbi,s3] [gs.us-east1,ncbi.public,s3.us-east-1] {
  ""attributes"": [{
    ""k"": ""sex_calc"",
    ""v"": ""female""
  }, {
    ""k"": ""bases"",
    ""v"": ""38062076""
  }, {
    ""k"": ""bytes"",
    ""v"": ""23287293""
  }, {
    ""k"": ""run_file_create_date"",
    ""v"": ""2018-05-08t00:11:00.000z""
  }, {
    ""k"": ""age_sam"",
    ""v"": ""10 days""
  }, {
    ""k"": ""biomaterial_provider_sam"",
    ""v"": ""ecology and evolution lab, mikheyev unit, okinawa institute of science and technology""
  }, {
    ""k"": ""collected_by_sam"",
    ""v"": ""velasque, m.""
  }, {
    ""k"": ""collection_date_sam"",
    ""v"": ""2017-11-17""
  }, {
    ""k"": ""label_sam"",
    ""v"": ""dsx knockdown""
  }, {
    ""k"": ""project_name_sam"",
    ""v"": ""doublesex regulates reproductive division of labour in honey bees""
  }, {
    ""k"": ""replicate_sam_ss_dpl121"",
    ""v"": ""biological replicate 3""
  }, {
    ""k"": ""tissue_type_sam_s_dpl410"",
    ""v"": ""whole abdomen""
  }, {
    ""k"": ""primary_search"",
    ""v"": ""454588""
  }, {
    ""k"": ""primary_search"",
    ""v"": ""9010051""
  }, {
    ""k"": ""primary_search"",
    ""v"": ""drp004203""
  }, {
    ""k"": ""primary_search"",
    ""v"": ""drr129203""
  }, {
    ""k"": ""primary_search"",
    ""v"": ""drs062474""
  }, {
    ""k"": ""primary_search"",
    ""v"": ""drx121943""
  }, {
    ""k"": ""primary_search"",
    ""v"": ""prjdb6980""
  }, {
    ""k"": ""primary_search"",
    ""v"": ""samd00116774""
  }]
} {""sex_calc"": ""female"", ""bases"": 38062076, ""bytes"": 23287293, ""run_file_create_date"": ""2018-05-08t00:11:00.000z"", ""age_sam"": [""10 days""], ""biomaterial_provider_sam"": [""ecology and evolution lab, mikheyev unit, okinawa institute of science and technology""], ""collected_by_sam"": [""velasque, m.""], ""collection_date_sam"": [""2017-11-17""], ""label_sam"": [""dsx knockdown""], ""project_name_sam"": [""doublesex regulates reproductive division of labour in honey bees""], ""replicate_sam_ss_dpl121"": [""biological replicate 3""], ""tissue_type_sam_s_dpl410"": ""whole abdomen"", ""primary_search"": ""454588""}",,2
SRR4002883,RNA-Seq,KU LEUVEN,public,SRX2003137,TRMT3_13AbTh,Illumina HiSeq 2000,PAIRED,RANDOM,TRANSCRIPTOMIC,ILLUMINA,SRS1603210,SAMN05508599,Apis mellifera,SRP080981,2016-12-20 00:00:00.000000 UTC,PRJNA336281,942,NA,180,1430,NA,,[Model organism or animal],,,,[],[],[],[],"[fastq,run.zq,sra]","[gs,ncbi,s3]","[gs.us-east1,ncbi.public,s3.us-east-1]","{
  ""attributes"": [{
    ""k"": ""sex_calc"",
    ""v"": ""female""
  }, {
    ""k"": ""bases"",
    ""v"": ""1430772300""
  }, {
    ""k"": ""bytes"",
    ""v"": ""988208103""
  }, {
    ""k"": ""run_file_create_date"",
    ""v"": ""2016-08-05T07:15:00.000Z""
  }, {
    ""k"": ""dev_stage_sam"",
    ""v"": ""forager""
  }, {
    ""k"": ""isolate_sam_ss_dpl100"",
    ""v"": ""13""
  }, {
    ""k"": ""strain_sam_ss_dpl139"",
    ""v"": ""mellifera""
  }, {
    ""k"": ""tissue_sam_ss_dpl145"",
    ""v"": ""abdomen""
  }, {
    ""k"": ""treatment_sam_ss_dpl55"",
    ""v"": ""TRMT3""
  }, {
    ""k"": ""primary_search"",
    ""v"": ""336281""
  }, {
    ""k"": ""primary_search"",
    ""v"": ""5508599""
  }, {
    ""k"": ""primary_search"",
    ""v"": ""PRJNA336281""
  }, {
    ""k"": ""primary_search"",
    ""v"": ""SAMN05508599""
  }, {
    ""k"": ""primary_search"",
    ""v"": ""SRP080981""
  }, {
    ""k"": ""primary_search"",
    ""v"": ""SRR4002883""
  }, {
    ""k"": ""primary_search"",
    ""v"": ""SRS1603210""
  }, {
    ""k"": ""primary_search"",
    ""v"": ""SRX2003137""
  }, {
    ""k"": ""primary_search"",
    ""v"": ""TRMT3_13AbTh""
  }, {
    ""k"": ""primary_search"",
    ""v"": ""TRMT3_13AbTh ""
  }, {
    ""k"": ""primary_search"",
    ""v"": ""TRMT3_13AbTh _run1""
  }]
}",1,"{""sex_calc"": ""female"", ""bases"": 1430772300, ""bytes"": 988208103, ""run_file_create_date"": ""2016-08-05T07:15:00.000Z"", ""dev_stage_sam"": [""forager""], ""isolate_sam_ss_dpl100"": [""13""], ""strain_sam_ss_dpl139"": [""mellifera""], ""tissue_sam_ss_dpl145"": [""abdomen""], ""treatment_sam_ss_dpl55"": [""TRMT3""], ""primary_search"": ""336281""}","srr4002883 rna-seq ku leuven public srx2003137 trmt3_13abth illumina hiseq 2000 paired random transcriptomic illumina srs1603210 samn05508599 apis mellifera srp080981 2016-12-20 00:00:00.000000 utc prjna336281  [model organism or animal]    [] [] [] [] [fastq,run.zq,sra] [gs,ncbi,s3] [gs.us-east1,ncbi.public,s3.us-east-1] {
  ""attributes"": [{
    ""k"": ""sex_calc"",
    ""v"": ""female""
  }, {
    ""k"": ""bases"",
    ""v"": ""1430772300""
  }, {
    ""k"": ""bytes"",
    ""v"": ""988208103""
  }, {
    ""k"": ""run_file_create_date"",
    ""v"": ""2016-08-05t07:15:00.000z""
  }, {
    ""k"": ""dev_stage_sam"",
    ""v"": ""forager""
  }, {
    ""k"": ""isolate_sam_ss_dpl100"",
    ""v"": ""13""
  }, {
    ""k"": ""strain_sam_ss_dpl139"",
    ""v"": ""mellifera""
  }, {
    ""k"": ""tissue_sam_ss_dpl145"",
    ""v"": ""abdomen""
  }, {
    ""k"": ""treatment_sam_ss_dpl55"",
    ""v"": ""trmt3""
  }, {
    ""k"": ""primary_search"",
    ""v"": ""336281""
  }, {
    ""k"": ""primary_search"",
    ""v"": ""5508599""
  }, {
    ""k"": ""primary_search"",
    ""v"": ""prjna336281""
  }, {
    ""k"": ""primary_search"",
    ""v"": ""samn05508599""
  }, {
    ""k"": ""primary_search"",
    ""v"": ""srp080981""
  }, {
    ""k"": ""primary_search"",
    ""v"": ""srr4002883""
  }, {
    ""k"": ""primary_search"",
    ""v"": ""srs1603210""
  }, {
    ""k"": ""primary_search"",
    ""v"": ""srx2003137""
  }, {
    ""k"": ""primary_search"",
    ""v"": ""trmt3_13abth""
  }, {
    ""k"": ""primary_search"",
    ""v"": ""trmt3_13abth ""
  }, {
    ""k"": ""primary_search"",
    ""v"": ""trmt3_13abth _run1""
  }]
} {""sex_calc"": ""female"", ""bases"": 1430772300, ""bytes"": 988208103, ""run_file_create_date"": ""2016-08-05t07:15:00.000z"", ""dev_stage_sam"": [""forager""], ""isolate_sam_ss_dpl100"": [""13""], ""strain_sam_ss_dpl139"": [""mellifera""], ""tissue_sam_ss_dpl145"": [""abdomen""], ""treatment_sam_ss_dpl55"": [""trmt3""], ""primary_search"": ""336281""}",,3
DRR129208,RNA-Seq,OIST,public,DRX121948,SAMD00116779,Illumina HiSeq 2500,SINGLE,cDNA,TRANSCRIPTOMIC,ILLUMINA,DRS062479,SAMD00116779,Apis mellifera,DRP004203,2018-05-08 00:00:00.000000 UTC,PRJDB6980,21,NA,50,39,NA,,[],2017-11-17,Japan,Asia,"[Japan:Okinawa, OIST]",[],[],[Am_Dsx_55],[run.zq],"[gs,ncbi,s3]","[gs.us-east1,ncbi.public,s3.us-east-1]","{
  ""attributes"": [{
    ""k"": ""sex_calc"",
    ""v"": ""female""
  }, {
    ""k"": ""bases"",
    ""v"": ""39143269""
  }, {
    ""k"": ""bytes"",
    ""v"": ""22129525""
  }, {
    ""k"": ""age_sam"",
    ""v"": ""10 days""
  }, {
    ""k"": ""biomaterial_provider_sam"",
    ""v"": ""Ecology and Evolution Lab, Mikheyev Unit, Okinawa Institute of Science and Technology""
  }, {
    ""k"": ""collected_by_sam"",
    ""v"": ""Velasque, M.""
  }, {
    ""k"": ""collection_date_sam"",
    ""v"": ""2017-11-17""
  }, {
    ""k"": ""label_sam"",
    ""v"": ""Dsx knockdown""
  }, {
    ""k"": ""project_name_sam"",
    ""v"": ""Doublesex regulates reproductive division of labour in honey bees""
  }, {
    ""k"": ""replicate_sam_ss_dpl121"",
    ""v"": ""biological replicate 8""
  }, {
    ""k"": ""tissue_type_sam_s_dpl410"",
    ""v"": ""Whole abdomen""
  }, {
    ""k"": ""primary_search"",
    ""v"": ""454588""
  }, {
    ""k"": ""primary_search"",
    ""v"": ""9010056""
  }, {
    ""k"": ""primary_search"",
    ""v"": ""DRP004203""
  }, {
    ""k"": ""primary_search"",
    ""v"": ""DRR129208""
  }, {
    ""k"": ""primary_search"",
    ""v"": ""DRS062479""
  }, {
    ""k"": ""primary_search"",
    ""v"": ""DRX121948""
  }, {
    ""k"": ""primary_search"",
    ""v"": ""PRJDB6980""
  }, {
    ""k"": ""primary_search"",
    ""v"": ""SAMD00116779""
  }]
}",NA,"{""sex_calc"": ""female"", ""bases"": 39143269, ""bytes"": 22129525, ""age_sam"": [""10 days""], ""biomaterial_provider_sam"": [""Ecology and Evolution Lab, Mikheyev Unit, Okinawa Institute of Science and Technology""], ""collected_by_sam"": [""Velasque, M.""], ""collection_date_sam"": [""2017-11-17""], ""label_sam"": [""Dsx knockdown""], ""project_name_sam"": [""Doublesex regulates reproductive division of labour in honey bees""], ""replicate_sam_ss_dpl121"": [""biological replicate 8""], ""tissue_type_sam_s_dpl410"": ""Whole abdomen"", ""primary_search"": ""454588""}","drr129208 rna-seq oist public drx121948 samd00116779 illumina hiseq 2500 single cdna transcriptomic illumina drs062479 samd00116779 apis mellifera drp004203 2018-05-08 00:00:00.000000 utc prjdb6980  [] 2017-11-17 japan asia [japan:okinawa, oist] [] [] [am_dsx_55] [run.zq] [gs,ncbi,s3] [gs.us-east1,ncbi.public,s3.us-east-1] {
  ""attributes"": [{
    ""k"": ""sex_calc"",
    ""v"": ""female""
  }, {
    ""k"": ""bases"",
    ""v"": ""39143269""
  }, {
    ""k"": ""bytes"",
    ""v"": ""22129525""
  }, {
    ""k"": ""age_sam"",
    ""v"": ""10 days""
  }, {
    ""k"": ""biomaterial_provider_sam"",
    ""v"": ""ecology and evolution lab, mikheyev unit, okinawa institute of science and technology""
  }, {
    ""k"": ""collected_by_sam"",
    ""v"": ""velasque, m.""
  }, {
    ""k"": ""collection_date_sam"",
    ""v"": ""2017-11-17""
  }, {
    ""k"": ""label_sam"",
    ""v"": ""dsx knockdown""
  }, {
    ""k"": ""project_name_sam"",
    ""v"": ""doublesex regulates reproductive division of labour in honey bees""
  }, {
    ""k"": ""replicate_sam_ss_dpl121"",
    ""v"": ""biological replicate 8""
  }, {
    ""k"": ""tissue_type_sam_s_dpl410"",
    ""v"": ""whole abdomen""
  }, {
    ""k"": ""primary_search"",
    ""v"": ""454588""
  }, {
    ""k"": ""primary_search"",
    ""v"": ""9010056""
  }, {
    ""k"": ""primary_search"",
    ""v"": ""drp004203""
  }, {
    ""k"": ""primary_search"",
    ""v"": ""drr129208""
  }, {
    ""k"": ""primary_search"",
    ""v"": ""drs062479""
  }, {
    ""k"": ""primary_search"",
    ""v"": ""drx121948""
  }, {
    ""k"": ""primary_search"",
    ""v"": ""prjdb6980""
  }, {
    ""k"": ""primary_search"",
    ""v"": ""samd00116779""
  }]
} {""sex_calc"": ""female"", ""bases"": 39143269, ""bytes"": 22129525, ""age_sam"": [""10 days""], ""biomaterial_provider_sam"": [""ecology and evolution lab, mikheyev unit, okinawa institute of science and technology""], ""collected_by_sam"": [""velasque, m.""], ""collection_date_sam"": [""2017-11-17""], ""label_sam"": [""dsx knockdown""], ""project_name_sam"": [""doublesex regulates reproductive division of labour in honey bees""], ""replicate_sam_ss_dpl121"": [""biological replicate 8""], ""tissue_type_sam_s_dpl410"": ""whole abdomen"", ""primary_search"": ""454588""}",,2
ERR413298,RNA-Seq,WARWICK,public,ERX379603,SAMEA2336984,Illumina HiSeq 2000,SINGLE,RANDOM,TRANSCRIPTOMIC,ILLUMINA,ERS395179,SAMEA2336984,Apis mellifera,ERP004639,2014-05-14 00:00:00.000000 UTC,PRJEB5249,653,NA,101,965,NA,unspecified,[],,,,[],[2014-03-23],[2018-11-16],[Varroa-exposed-Apis_mellifera_newly_emerged_adult-E11],"[fastq,run.zq,sra]","[ena,gs,ncbi,s3]","[ena,gs.us-east1,ncbi.public,s3.us-east-1]","{
  ""attributes"": [{
    ""k"": ""bases"",
    ""v"": ""965126811""
  }, {
    ""k"": ""bytes"",
    ""v"": ""685465572""
  }, {
    ""k"": ""run_file_create_date"",
    ""v"": ""2014-05-07T15:42:00.000Z""
  }, {
    ""k"": ""common_name_sam"",
    ""v"": ""honey bee""
  }, {
    ""k"": ""ena_first_public_sam"",
    ""v"": ""2014-03-23""
  }, {
    ""k"": ""ena_last_update_sam"",
    ""v"": ""2014-01-23""
  }, {
    ""k"": ""external_id_sam"",
    ""v"": ""SAMEA2336984""
  }, {
    ""k"": ""insdc_center_alias_sam"",
    ""v"": ""WARWICK""
  }, {
    ""k"": ""insdc_center_name_sam"",
    ""v"": ""University of Warwick""
  }, {
    ""k"": ""insdc_first_public_sam"",
    ""v"": ""2014-03-23T17:00:37Z""
  }, {
    ""k"": ""insdc_last_update_sam"",
    ""v"": ""2014-01-23T17:30:12Z""
  }, {
    ""k"": ""insdc_status_sam"",
    ""v"": ""public""
  }, {
    ""k"": ""submitter_id_sam"",
    ""v"": ""Varroa-exposed-Apis_mellifera_newly_emerged_adult-E11""
  }, {
    ""k"": ""primary_search"",
    ""v"": ""242514""
  }, {
    ""k"": ""primary_search"",
    ""v"": ""2758398""
  }, {
    ""k"": ""primary_search"",
    ""v"": ""ERP004639""
  }, {
    ""k"": ""primary_search"",
    ""v"": ""ERR413298""
  }, {
    ""k"": ""primary_search"",
    ""v"": ""ERS395179""
  }, {
    ""k"": ""primary_search"",
    ""v"": ""ERX379603""
  }, {
    ""k"": ""primary_search"",
    ""v"": ""PRJEB5249""
  }, {
    ""k"": ""primary_search"",
    ""v"": ""SAMEA2336984""
  }, {
    ""k"": ""primary_search"",
    ""v"": ""Varroa-exposed-Apis_mellifera_newly_emerged_adult-E11""
  }, {
    ""k"": ""primary_search"",
    ""v"": ""ena-EXPERIMENT-WARWICK-23-01-2014-17:29:52:621-6""
  }, {
    ""k"": ""primary_search"",
    ""v"": ""ena-RUN-WARWICK-23-01-2014-17:29:52:621-6""
  }, {
    ""k"": ""primary_search"",
    ""v"": ""ena-STUDY-WARWICK-23-01-2014-17:29:57:454-44""
  }]
}",1,"{""bases"": 965126811, ""bytes"": 685465572, ""run_file_create_date"": ""2014-05-07T15:42:00.000Z"", ""common_name_sam"": [""honey bee""], ""ena_first_public_sam"": [""2014-03-23""], ""ena_last_update_sam"": [""2014-01-23""], ""external_id_sam"": ""SAMEA2336984"", ""insdc_center_alias_sam"": [""WARWICK""], ""insdc_center_name_sam"": [""University of Warwick""], ""insdc_first_public_sam"": [""2014-03-23T17:00:37Z""], ""insdc_last_update_sam"": [""2014-01-23T17:30:12Z""], ""insdc_status_sam"": [""public""], ""submitter_id_sam"": [""Varroa-exposed-Apis_mellifera_newly_emerged_adult-E11""], ""primary_search"": ""242514""}","err413298 rna-seq warwick public erx379603 samea2336984 illumina hiseq 2000 single random transcriptomic illumina ers395179 samea2336984 apis mellifera erp004639 2014-05-14 00:00:00.000000 utc prjeb5249 unspecified []    [] [2014-03-23] [2018-11-16] [varroa-exposed-apis_mellifera_newly_emerged_adult-e11] [fastq,run.zq,sra] [ena,gs,ncbi,s3] [ena,gs.us-east1,ncbi.public,s3.us-east-1] {
  ""attributes"": [{
    ""k"": ""bases"",
    ""v"": ""965126811""
  }, {
    ""k"": ""bytes"",
    ""v"": ""685465572""
  }, {
    ""k"": ""run_file_create_date"",
    ""v"": ""2014-05-07t15:42:00.000z""
  }, {
    ""k"": ""common_name_sam"",
    ""v"": ""honey bee""
  }, {
    ""k"": ""ena_first_public_sam"",
    ""v"": ""2014-03-23""
  }, {
    ""k"": ""ena_last_update_sam"",
    ""v"": ""2014-01-23""
  }, {
    ""k"": ""external_id_sam"",
    ""v"": ""samea2336984""
  }, {
    ""k"": ""insdc_center_alias_sam"",
    ""v"": ""warwick""
  }, {
    ""k"": ""insdc_center_name_sam"",
    ""v"": ""university of warwick""
  }, {
    ""k"": ""insdc_first_public_sam"",
    ""v"": ""2014-03-23t17:00:37z""
  }, {
    ""k"": ""insdc_last_update_sam"",
    ""v"": ""2014-01-23t17:30:12z""
  }, {
    ""k"": ""insdc_status_sam"",
    ""v"": ""public""
  }, {
    ""k"": ""submitter_id_sam"",
    ""v"": ""varroa-exposed-apis_mellifera_newly_emerged_adult-e11""
  }, {
    ""k"": ""primary_search"",
    ""v"": ""242514""
  }, {
    ""k"": ""primary_search"",
    ""v"": ""2758398""
  }, {
    ""k"": ""primary_search"",
    ""v"": ""erp004639""
  }, {
    ""k"": ""primary_search"",
    ""v"": ""err413298""
  }, {
    ""k"": ""primary_search"",
    ""v"": ""ers395179""
  }, {
    ""k"": ""primary_search"",
    ""v"": ""erx379603""
  }, {
    ""k"": ""primary_search"",
    ""v"": ""prjeb5249""
  }, {
    ""k"": ""primary_search"",
    ""v"": ""samea2336984""
  }, {
    ""k"": ""primary_search"",
    ""v"": ""varroa-exposed-apis_mellifera_newly_emerged_adult-e11""
  }, {
    ""k"": ""primary_search"",
    ""v"": ""ena-experiment-warwick-23-01-2014-17:29:52:621-6""
  }, {
    ""k"": ""primary_search"",
    ""v"": ""ena-run-warwick-23-01-2014-17:29:52:621-6""
  }, {
    ""k"": ""primary_search"",
    ""v"": ""ena-study-warwick-23-01-2014-17:29:57:454-44""
  }]
} {""bases"": 965126811, ""bytes"": 685465572, ""run_file_create_date"": ""2014-05-07t15:42:00.000z"", ""common_name_sam"": [""honey bee""], ""ena_first_public_sam"": [""2014-03-23""], ""ena_last_update_sam"": [""2014-01-23""], ""external_id_sam"": ""samea2336984"", ""insdc_center_alias_sam"": [""warwick""], ""insdc_center_name_sam"": [""university of warwick""], ""insdc_first_public_sam"": [""2014-03-23t17:00:37z""], ""insdc_last_update_sam"": [""2014-01-23t17:30:12z""], ""insdc_status_sam"": [""public""], ""submitter_id_sam"": [""varroa-exposed-apis_mellifera_newly_emerged_adult-e11""], ""primary_search"": ""242514""}",,0
DRR129219,RNA-Seq,OIST,public,DRX121959,SAMD00116790,Illumina HiSeq 2500,SINGLE,cDNA,TRANSCRIPTOMIC,ILLUMINA,DRS062490,SAMD00116790,Apis mellifera,DRP004203,2018-05-08 00:00:00.000000 UTC,PRJDB6980,26,NA,50,49,NA,,[],2017-11-17,Japan,Asia,"[Japan:Okinawa, OIST]",[],[],[Am_GFP_57],"[run.zq,sra]","[gs,ncbi,s3]","[gs.us-east1,ncbi.public,s3.us-east-1]","{
  ""attributes"": [{
    ""k"": ""sex_calc"",
    ""v"": ""female""
  }, {
    ""k"": ""bases"",
    ""v"": ""49061440""
  }, {
    ""k"": ""bytes"",
    ""v"": ""27683595""
  }, {
    ""k"": ""run_file_create_date"",
    ""v"": ""2018-05-08T00:08:00.000Z""
  }, {
    ""k"": ""age_sam"",
    ""v"": ""10 days""
  }, {
    ""k"": ""biomaterial_provider_sam"",
    ""v"": ""Ecology and Evolution Lab, Mikheyev Unit, Okinawa Institute of Science and Technology""
  }, {
    ""k"": ""collected_by_sam"",
    ""v"": ""Velasque, M.""
  }, {
    ""k"": ""collection_date_sam"",
    ""v"": ""2017-11-17""
  }, {
    ""k"": ""label_sam"",
    ""v"": ""GFP knockdown""
  }, {
    ""k"": ""project_name_sam"",
    ""v"": ""Doublesex regulates reproductive division of labour in honey bees""
  }, {
    ""k"": ""replicate_sam_ss_dpl121"",
    ""v"": ""biological replicate 9""
  }, {
    ""k"": ""tissue_type_sam_s_dpl410"",
    ""v"": ""Whole abdomen""
  }, {
    ""k"": ""primary_search"",
    ""v"": ""454588""
  }, {
    ""k"": ""primary_search"",
    ""v"": ""9010067""
  }, {
    ""k"": ""primary_search"",
    ""v"": ""DRP004203""
  }, {
    ""k"": ""primary_search"",
    ""v"": ""DRR129219""
  }, {
    ""k"": ""primary_search"",
    ""v"": ""DRS062490""
  }, {
    ""k"": ""primary_search"",
    ""v"": ""DRX121959""
  }, {
    ""k"": ""primary_search"",
    ""v"": ""PRJDB6980""
  }, {
    ""k"": ""primary_search"",
    ""v"": ""SAMD00116790""
  }]
}",1,"{""sex_calc"": ""female"", ""bases"": 49061440, ""bytes"": 27683595, ""run_file_create_date"": ""2018-05-08T00:08:00.000Z"", ""age_sam"": [""10 days""], ""biomaterial_provider_sam"": [""Ecology and Evolution Lab, Mikheyev Unit, Okinawa Institute of Science and Technology""], ""collected_by_sam"": [""Velasque, M.""], ""collection_date_sam"": [""2017-11-17""], ""label_sam"": [""GFP knockdown""], ""project_name_sam"": [""Doublesex regulates reproductive division of labour in honey bees""], ""replicate_sam_ss_dpl121"": [""biological replicate 9""], ""tissue_type_sam_s_dpl410"": ""Whole abdomen"", ""primary_search"": ""454588""}","drr129219 rna-seq oist public drx121959 samd00116790 illumina hiseq 2500 single cdna transcriptomic illumina drs062490 samd00116790 apis mellifera drp004203 2018-05-08 00:00:00.000000 utc prjdb6980  [] 2017-11-17 japan asia [japan:okinawa, oist] [] [] [am_gfp_57] [run.zq,sra] [gs,ncbi,s3] [gs.us-east1,ncbi.public,s3.us-east-1] {
  ""attributes"": [{
    ""k"": ""sex_calc"",
    ""v"": ""female""
  }, {
    ""k"": ""bases"",
    ""v"": ""49061440""
  }, {
    ""k"": ""bytes"",
    ""v"": ""27683595""
  }, {
    ""k"": ""run_file_create_date"",
    ""v"": ""2018-05-08t00:08:00.000z""
  }, {
    ""k"": ""age_sam"",
    ""v"": ""10 days""
  }, {
    ""k"": ""biomaterial_provider_sam"",
    ""v"": ""ecology and evolution lab, mikheyev unit, okinawa institute of science and technology""
  }, {
    ""k"": ""collected_by_sam"",
    ""v"": ""velasque, m.""
  }, {
    ""k"": ""collection_date_sam"",
    ""v"": ""2017-11-17""
  }, {
    ""k"": ""label_sam"",
    ""v"": ""gfp knockdown""
  }, {
    ""k"": ""project_name_sam"",
    ""v"": ""doublesex regulates reproductive division of labour in honey bees""
  }, {
    ""k"": ""replicate_sam_ss_dpl121"",
    ""v"": ""biological replicate 9""
  }, {
    ""k"": ""tissue_type_sam_s_dpl410"",
    ""v"": ""whole abdomen""
  }, {
    ""k"": ""primary_search"",
    ""v"": ""454588""
  }, {
    ""k"": ""primary_search"",
    ""v"": ""9010067""
  }, {
    ""k"": ""primary_search"",
    ""v"": ""drp004203""
  }, {
    ""k"": ""primary_search"",
    ""v"": ""drr129219""
  }, {
    ""k"": ""primary_search"",
    ""v"": ""drs062490""
  }, {
    ""k"": ""primary_search"",
    ""v"": ""drx121959""
  }, {
    ""k"": ""primary_search"",
    ""v"": ""prjdb6980""
  }, {
    ""k"": ""primary_search"",
    ""v"": ""samd00116790""
  }]
} {""sex_calc"": ""female"", ""bases"": 49061440, ""bytes"": 27683595, ""run_file_create_date"": ""2018-05-08t00:08:00.000z"", ""age_sam"": [""10 days""], ""biomaterial_provider_sam"": [""ecology and evolution lab, mikheyev unit, okinawa institute of science and technology""], ""collected_by_sam"": [""velasque, m.""], ""collection_date_sam"": [""2017-11-17""], ""label_sam"": [""gfp knockdown""], ""project_name_sam"": [""doublesex regulates reproductive division of labour in honey bees""], ""replicate_sam_ss_dpl121"": [""biological replicate 9""], ""tissue_type_sam_s_dpl410"": ""whole abdomen"", ""primary_search"": ""454588""}",,2
DRR333155,RNA-Seq,OIST,public,DRX322152,SAMD00430102,Illumina NovaSeq 6000,PAIRED,PCR,TRANSCRIPTOMIC,ILLUMINA,DRS214557,SAMD00430102,Apis mellifera,DRP007970,2021-12-10 00:00:00.000000 UTC,PRJDB12699,512,NA,100,1648,NA,RNA_Sequencing,[],,,,[],[],[],[adult_AG1-2],"[run.zq,sra]","[gs,ncbi,s3]","[gs.us-east1,ncbi.public,s3.us-east-1]","{
  ""attributes"": [{
    ""k"": ""bases"",
    ""v"": ""1648938829""
  }, {
    ""k"": ""bytes"",
    ""v"": ""537887841""
  }, {
    ""k"": ""run_file_create_date"",
    ""v"": ""2021-12-10T15:01:00.000Z""
  }, {
    ""k"": ""primary_search"",
    ""v"": ""23891099""
  }, {
    ""k"": ""primary_search"",
    ""v"": ""785480""
  }, {
    ""k"": ""primary_search"",
    ""v"": ""DRP007970""
  }, {
    ""k"": ""primary_search"",
    ""v"": ""DRR333155""
  }, {
    ""k"": ""primary_search"",
    ""v"": ""DRS214557""
  }, {
    ""k"": ""primary_search"",
    ""v"": ""DRX322152""
  }, {
    ""k"": ""primary_search"",
    ""v"": ""PRJDB12699""
  }, {
    ""k"": ""primary_search"",
    ""v"": ""SAMD00430102""
  }]
}",1,"{""bases"": 1648938829, ""bytes"": 537887841, ""run_file_create_date"": ""2021-12-10T15:01:00.000Z"", ""primary_search"": ""23891099""}","drr333155 rna-seq oist public drx322152 samd00430102 illumina novaseq 6000 paired pcr transcriptomic illumina drs214557 samd00430102 apis mellifera drp007970 2021-12-10 00:00:00.000000 utc prjdb12699 rna_sequencing []    [] [] [] [adult_ag1-2] [run.zq,sra] [gs,ncbi,s3] [gs.us-east1,ncbi.public,s3.us-east-1] {
  ""attributes"": [{
    ""k"": ""bases"",
    ""v"": ""1648938829""
  }, {
    ""k"": ""bytes"",
    ""v"": ""537887841""
  }, {
    ""k"": ""run_file_create_date"",
    ""v"": ""2021-12-10t15:01:00.000z""
  }, {
    ""k"": ""primary_search"",
    ""v"": ""23891099""
  }, {
    ""k"": ""primary_search"",
    ""v"": ""785480""
  }, {
    ""k"": ""primary_search"",
    ""v"": ""drp007970""
  }, {
    ""k"": ""primary_search"",
    ""v"": ""drr333155""
  }, {
    ""k"": ""primary_search"",
    ""v"": ""drs214557""
  }, {
    ""k"": ""primary_search"",
    ""v"": ""drx322152""
  }, {
    ""k"": ""primary_search"",
    ""v"": ""prjdb12699""
  }, {
    ""k"": ""primary_search"",
    ""v"": ""samd00430102""
  }]
} {""bases"": 1648938829, ""bytes"": 537887841, ""run_file_create_date"": ""2021-12-10t15:01:00.000z"", ""primary_search"": ""23891099""}",,0
DRR333161,RNA-Seq,OIST,public,DRX322158,SAMD00430108,Illumina NovaSeq 6000,PAIRED,PCR,TRANSCRIPTOMIC,ILLUMINA,DRS214563,SAMD00430108,Apis mellifera,DRP007970,2021-12-10 00:00:00.000000 UTC,PRJDB12699,490,NA,100,1576,NA,RNA_Sequencing,[],,,,[],[],[],[adult_C3-1],"[run.zq,sra]","[gs,ncbi,s3]","[gs.us-east1,ncbi.public,s3.us-east-1]","{
  ""attributes"": [{
    ""k"": ""bases"",
    ""v"": ""1576399525""
  }, {
    ""k"": ""bytes"",
    ""v"": ""513897753""
  }, {
    ""k"": ""run_file_create_date"",
    ""v"": ""2021-12-10T14:32:00.000Z""
  }, {
    ""k"": ""primary_search"",
    ""v"": ""23891105""
  }, {
    ""k"": ""primary_search"",
    ""v"": ""785480""
  }, {
    ""k"": ""primary_search"",
    ""v"": ""DRP007970""
  }, {
    ""k"": ""primary_search"",
    ""v"": ""DRR333161""
  }, {
    ""k"": ""primary_search"",
    ""v"": ""DRS214563""
  }, {
    ""k"": ""primary_search"",
    ""v"": ""DRX322158""
  }, {
    ""k"": ""primary_search"",
    ""v"": ""PRJDB12699""
  }, {
    ""k"": ""primary_search"",
    ""v"": ""SAMD00430108""
  }]
}",1,"{""bases"": 1576399525, ""bytes"": 513897753, ""run_file_create_date"": ""2021-12-10T14:32:00.000Z"", ""primary_search"": ""23891105""}","drr333161 rna-seq oist public drx322158 samd00430108 illumina novaseq 6000 paired pcr transcriptomic illumina drs214563 samd00430108 apis mellifera drp007970 2021-12-10 00:00:00.000000 utc prjdb12699 rna_sequencing []    [] [] [] [adult_c3-1] [run.zq,sra] [gs,ncbi,s3] [gs.us-east1,ncbi.public,s3.us-east-1] {
  ""attributes"": [{
    ""k"": ""bases"",
    ""v"": ""1576399525""
  }, {
    ""k"": ""bytes"",
    ""v"": ""513897753""
  }, {
    ""k"": ""run_file_create_date"",
    ""v"": ""2021-12-10t14:32:00.000z""
  }, {
    ""k"": ""primary_search"",
    ""v"": ""23891105""
  }, {
    ""k"": ""primary_search"",
    ""v"": ""785480""
  }, {
    ""k"": ""primary_search"",
    ""v"": ""drp007970""
  }, {
    ""k"": ""primary_search"",
    ""v"": ""drr333161""
  }, {
    ""k"": ""primary_search"",
    ""v"": ""drs214563""
  }, {
    ""k"": ""primary_search"",
    ""v"": ""drx322158""
  }, {
    ""k"": ""primary_search"",
    ""v"": ""prjdb12699""
  }, {
    ""k"": ""primary_search"",
    ""v"": ""samd00430108""
  }]
} {""bases"": 1576399525, ""bytes"": 513897753, ""run_file_create_date"": ""2021-12-10t14:32:00.000z"", ""primary_search"": ""23891105""}",,0
DRR333156,RNA-Seq,OIST,public,DRX322153,SAMD00430103,Illumina NovaSeq 6000,PAIRED,PCR,TRANSCRIPTOMIC,ILLUMINA,DRS214558,SAMD00430103,Apis mellifera,DRP007970,2021-12-10 00:00:00.000000 UTC,PRJDB12699,390,NA,100,1246,NA,RNA_Sequencing,[],,,,[],[],[],[adult_AG3],"[run.zq,sra]","[gs,ncbi,s3]","[gs.us-east1,ncbi.public,s3.us-east-1]","{
  ""attributes"": [{
    ""k"": ""bases"",
    ""v"": ""1246894508""
  }, {
    ""k"": ""bytes"",
    ""v"": ""409983607""
  }, {
    ""k"": ""run_file_create_date"",
    ""v"": ""2021-12-10T15:02:00.000Z""
  }, {
    ""k"": ""primary_search"",
    ""v"": ""23891100""
  }, {
    ""k"": ""primary_search"",
    ""v"": ""785480""
  }, {
    ""k"": ""primary_search"",
    ""v"": ""DRP007970""
  }, {
    ""k"": ""primary_search"",
    ""v"": ""DRR333156""
  }, {
    ""k"": ""primary_search"",
    ""v"": ""DRS214558""
  }, {
    ""k"": ""primary_search"",
    ""v"": ""DRX322153""
  }, {
    ""k"": ""primary_search"",
    ""v"": ""PRJDB12699""
  }, {
    ""k"": ""primary_search"",
    ""v"": ""SAMD00430103""
  }]
}",1,"{""bases"": 1246894508, ""bytes"": 409983607, ""run_file_create_date"": ""2021-12-10T15:02:00.000Z"", ""primary_search"": ""23891100""}","drr333156 rna-seq oist public drx322153 samd00430103 illumina novaseq 6000 paired pcr transcriptomic illumina drs214558 samd00430103 apis mellifera drp007970 2021-12-10 00:00:00.000000 utc prjdb12699 rna_sequencing []    [] [] [] [adult_ag3] [run.zq,sra] [gs,ncbi,s3] [gs.us-east1,ncbi.public,s3.us-east-1] {
  ""attributes"": [{
    ""k"": ""bases"",
    ""v"": ""1246894508""
  }, {
    ""k"": ""bytes"",
    ""v"": ""409983607""
  }, {
    ""k"": ""run_file_create_date"",
    ""v"": ""2021-12-10t15:02:00.000z""
  }, {
    ""k"": ""primary_search"",
    ""v"": ""23891100""
  }, {
    ""k"": ""primary_search"",
    ""v"": ""785480""
  }, {
    ""k"": ""primary_search"",
    ""v"": ""drp007970""
  }, {
    ""k"": ""primary_search"",
    ""v"": ""drr333156""
  }, {
    ""k"": ""primary_search"",
    ""v"": ""drs214558""
  }, {
    ""k"": ""primary_search"",
    ""v"": ""drx322153""
  }, {
    ""k"": ""primary_search"",
    ""v"": ""prjdb12699""
  }, {
    ""k"": ""primary_search"",
    ""v"": ""samd00430103""
  }]
} {""bases"": 1246894508, ""bytes"": 409983607, ""run_file_create_date"": ""2021-12-10t15:02:00.000z"", ""primary_search"": ""23891100""}",,0
DRR333170,RNA-Seq,OIST,public,DRX322167,SAMD00430117,Illumina NovaSeq 6000,PAIRED,PCR,TRANSCRIPTOMIC,ILLUMINA,DRS214572,SAMD00430117,Apis mellifera,DRP007970,2021-12-10 00:00:00.000000 UTC,PRJDB12699,455,NA,100,1483,NA,RNA_Sequencing,[],,,,[],[],[],[adult_LGBB2],"[run.zq,sra]","[gs,ncbi,s3]","[gs.us-east1,ncbi.public,s3.us-east-1]","{
  ""attributes"": [{
    ""k"": ""bases"",
    ""v"": ""1483747312""
  }, {
    ""k"": ""bytes"",
    ""v"": ""477923974""
  }, {
    ""k"": ""run_file_create_date"",
    ""v"": ""2021-12-10T14:31:00.000Z""
  }, {
    ""k"": ""primary_search"",
    ""v"": ""23891114""
  }, {
    ""k"": ""primary_search"",
    ""v"": ""785480""
  }, {
    ""k"": ""primary_search"",
    ""v"": ""DRP007970""
  }, {
    ""k"": ""primary_search"",
    ""v"": ""DRR333170""
  }, {
    ""k"": ""primary_search"",
    ""v"": ""DRS214572""
  }, {
    ""k"": ""primary_search"",
    ""v"": ""DRX322167""
  }, {
    ""k"": ""primary_search"",
    ""v"": ""PRJDB12699""
  }, {
    ""k"": ""primary_search"",
    ""v"": ""SAMD00430117""
  }]
}",1,"{""bases"": 1483747312, ""bytes"": 477923974, ""run_file_create_date"": ""2021-12-10T14:31:00.000Z"", ""primary_search"": ""23891114""}","drr333170 rna-seq oist public drx322167 samd00430117 illumina novaseq 6000 paired pcr transcriptomic illumina drs214572 samd00430117 apis mellifera drp007970 2021-12-10 00:00:00.000000 utc prjdb12699 rna_sequencing []    [] [] [] [adult_lgbb2] [run.zq,sra] [gs,ncbi,s3] [gs.us-east1,ncbi.public,s3.us-east-1] {
  ""attributes"": [{
    ""k"": ""bases"",
    ""v"": ""1483747312""
  }, {
    ""k"": ""bytes"",
    ""v"": ""477923974""
  }, {
    ""k"": ""run_file_create_date"",
    ""v"": ""2021-12-10t14:31:00.000z""
  }, {
    ""k"": ""primary_search"",
    ""v"": ""23891114""
  }, {
    ""k"": ""primary_search"",
    ""v"": ""785480""
  }, {
    ""k"": ""primary_search"",
    ""v"": ""drp007970""
  }, {
    ""k"": ""primary_search"",
    ""v"": ""drr333170""
  }, {
    ""k"": ""primary_search"",
    ""v"": ""drs214572""
  }, {
    ""k"": ""primary_search"",
    ""v"": ""drx322167""
  }, {
    ""k"": ""primary_search"",
    ""v"": ""prjdb12699""
  }, {
    ""k"": ""primary_search"",
    ""v"": ""samd00430117""
  }]
} {""bases"": 1483747312, ""bytes"": 477923974, ""run_file_create_date"": ""2021-12-10t14:31:00.000z"", ""primary_search"": ""23891114""}",,0
DRR333171,RNA-Seq,OIST,public,DRX322168,SAMD00430118,Illumina NovaSeq 6000,PAIRED,PCR,TRANSCRIPTOMIC,ILLUMINA,DRS214573,SAMD00430118,Apis mellifera,DRP007970,2021-12-10 00:00:00.000000 UTC,PRJDB12699,499,NA,100,1614,NA,RNA_Sequencing,[],,,,[],[],[],[adult_LGBB3],"[run.zq,sra]","[gs,ncbi,s3]","[gs.us-east1,ncbi.public,s3.us-east-1]","{
  ""attributes"": [{
    ""k"": ""bases"",
    ""v"": ""1614551512""
  }, {
    ""k"": ""bytes"",
    ""v"": ""523263921""
  }, {
    ""k"": ""run_file_create_date"",
    ""v"": ""2021-12-10T15:02:00.000Z""
  }, {
    ""k"": ""primary_search"",
    ""v"": ""23891115""
  }, {
    ""k"": ""primary_search"",
    ""v"": ""785480""
  }, {
    ""k"": ""primary_search"",
    ""v"": ""DRP007970""
  }, {
    ""k"": ""primary_search"",
    ""v"": ""DRR333171""
  }, {
    ""k"": ""primary_search"",
    ""v"": ""DRS214573""
  }, {
    ""k"": ""primary_search"",
    ""v"": ""DRX322168""
  }, {
    ""k"": ""primary_search"",
    ""v"": ""PRJDB12699""
  }, {
    ""k"": ""primary_search"",
    ""v"": ""SAMD00430118""
  }]
}",1,"{""bases"": 1614551512, ""bytes"": 523263921, ""run_file_create_date"": ""2021-12-10T15:02:00.000Z"", ""primary_search"": ""23891115""}","drr333171 rna-seq oist public drx322168 samd00430118 illumina novaseq 6000 paired pcr transcriptomic illumina drs214573 samd00430118 apis mellifera drp007970 2021-12-10 00:00:00.000000 utc prjdb12699 rna_sequencing []    [] [] [] [adult_lgbb3] [run.zq,sra] [gs,ncbi,s3] [gs.us-east1,ncbi.public,s3.us-east-1] {
  ""attributes"": [{
    ""k"": ""bases"",
    ""v"": ""1614551512""
  }, {
    ""k"": ""bytes"",
    ""v"": ""523263921""
  }, {
    ""k"": ""run_file_create_date"",
    ""v"": ""2021-12-10t15:02:00.000z""
  }, {
    ""k"": ""primary_search"",
    ""v"": ""23891115""
  }, {
    ""k"": ""primary_search"",
    ""v"": ""785480""
  }, {
    ""k"": ""primary_search"",
    ""v"": ""drp007970""
  }, {
    ""k"": ""primary_search"",
    ""v"": ""drr333171""
  }, {
    ""k"": ""primary_search"",
    ""v"": ""drs214573""
  }, {
    ""k"": ""primary_search"",
    ""v"": ""drx322168""
  }, {
    ""k"": ""primary_search"",
    ""v"": ""prjdb12699""
  }, {
    ""k"": ""primary_search"",
    ""v"": ""samd00430118""
  }]
} {""bases"": 1614551512, ""bytes"": 523263921, ""run_file_create_date"": ""2021-12-10t15:02:00.000z"", ""primary_search"": ""23891115""}",,0
DRR333160,RNA-Seq,OIST,public,DRX322157,SAMD00430107,Illumina NovaSeq 6000,PAIRED,PCR,TRANSCRIPTOMIC,ILLUMINA,DRS214562,SAMD00430107,Apis mellifera,DRP007970,2021-12-10 00:00:00.000000 UTC,PRJDB12699,419,NA,100,1353,NA,RNA_Sequencing,[],,,,[],[],[],[adult_C2],"[run.zq,sra]","[gs,ncbi,s3]","[gs.us-east1,ncbi.public,s3.us-east-1]","{
  ""attributes"": [{
    ""k"": ""bases"",
    ""v"": ""1353332266""
  }, {
    ""k"": ""bytes"",
    ""v"": ""439596620""
  }, {
    ""k"": ""run_file_create_date"",
    ""v"": ""2021-12-10T15:02:00.000Z""
  }, {
    ""k"": ""primary_search"",
    ""v"": ""23891104""
  }, {
    ""k"": ""primary_search"",
    ""v"": ""785480""
  }, {
    ""k"": ""primary_search"",
    ""v"": ""DRP007970""
  }, {
    ""k"": ""primary_search"",
    ""v"": ""DRR333160""
  }, {
    ""k"": ""primary_search"",
    ""v"": ""DRS214562""
  }, {
    ""k"": ""primary_search"",
    ""v"": ""DRX322157""
  }, {
    ""k"": ""primary_search"",
    ""v"": ""PRJDB12699""
  }, {
    ""k"": ""primary_search"",
    ""v"": ""SAMD00430107""
  }]
}",1,"{""bases"": 1353332266, ""bytes"": 439596620, ""run_file_create_date"": ""2021-12-10T15:02:00.000Z"", ""primary_search"": ""23891104""}","drr333160 rna-seq oist public drx322157 samd00430107 illumina novaseq 6000 paired pcr transcriptomic illumina drs214562 samd00430107 apis mellifera drp007970 2021-12-10 00:00:00.000000 utc prjdb12699 rna_sequencing []    [] [] [] [adult_c2] [run.zq,sra] [gs,ncbi,s3] [gs.us-east1,ncbi.public,s3.us-east-1] {
  ""attributes"": [{
    ""k"": ""bases"",
    ""v"": ""1353332266""
  }, {
    ""k"": ""bytes"",
    ""v"": ""439596620""
  }, {
    ""k"": ""run_file_create_date"",
    ""v"": ""2021-12-10t15:02:00.000z""
  }, {
    ""k"": ""primary_search"",
    ""v"": ""23891104""
  }, {
    ""k"": ""primary_search"",
    ""v"": ""785480""
  }, {
    ""k"": ""primary_search"",
    ""v"": ""drp007970""
  }, {
    ""k"": ""primary_search"",
    ""v"": ""drr333160""
  }, {
    ""k"": ""primary_search"",
    ""v"": ""drs214562""
  }, {
    ""k"": ""primary_search"",
    ""v"": ""drx322157""
  }, {
    ""k"": ""primary_search"",
    ""v"": ""prjdb12699""
  }, {
    ""k"": ""primary_search"",
    ""v"": ""samd00430107""
  }]
} {""bases"": 1353332266, ""bytes"": 439596620, ""run_file_create_date"": ""2021-12-10t15:02:00.000z"", ""primary_search"": ""23891104""}",,0
DRR333159,RNA-Seq,OIST,public,DRX322156,SAMD00430106,Illumina NovaSeq 6000,PAIRED,PCR,TRANSCRIPTOMIC,ILLUMINA,DRS214561,SAMD00430106,Apis mellifera,DRP007970,2021-12-10 00:00:00.000000 UTC,PRJDB12699,488,NA,100,1576,NA,RNA_Sequencing,[],,,,[],[],[],[adult_BB3],"[run.zq,sra]","[gs,ncbi,s3]","[gs.us-east1,ncbi.public,s3.us-east-1]","{
  ""attributes"": [{
    ""k"": ""bases"",
    ""v"": ""1576091506""
  }, {
    ""k"": ""bytes"",
    ""v"": ""511709133""
  }, {
    ""k"": ""run_file_create_date"",
    ""v"": ""2021-12-10T14:31:00.000Z""
  }, {
    ""k"": ""primary_search"",
    ""v"": ""23891103""
  }, {
    ""k"": ""primary_search"",
    ""v"": ""785480""
  }, {
    ""k"": ""primary_search"",
    ""v"": ""DRP007970""
  }, {
    ""k"": ""primary_search"",
    ""v"": ""DRR333159""
  }, {
    ""k"": ""primary_search"",
    ""v"": ""DRS214561""
  }, {
    ""k"": ""primary_search"",
    ""v"": ""DRX322156""
  }, {
    ""k"": ""primary_search"",
    ""v"": ""PRJDB12699""
  }, {
    ""k"": ""primary_search"",
    ""v"": ""SAMD00430106""
  }]
}",1,"{""bases"": 1576091506, ""bytes"": 511709133, ""run_file_create_date"": ""2021-12-10T14:31:00.000Z"", ""primary_search"": ""23891103""}","drr333159 rna-seq oist public drx322156 samd00430106 illumina novaseq 6000 paired pcr transcriptomic illumina drs214561 samd00430106 apis mellifera drp007970 2021-12-10 00:00:00.000000 utc prjdb12699 rna_sequencing []    [] [] [] [adult_bb3] [run.zq,sra] [gs,ncbi,s3] [gs.us-east1,ncbi.public,s3.us-east-1] {
  ""attributes"": [{
    ""k"": ""bases"",
    ""v"": ""1576091506""
  }, {
    ""k"": ""bytes"",
    ""v"": ""511709133""
  }, {
    ""k"": ""run_file_create_date"",
    ""v"": ""2021-12-10t14:31:00.000z""
  }, {
    ""k"": ""primary_search"",
    ""v"": ""23891103""
  }, {
    ""k"": ""primary_search"",
    ""v"": ""785480""
  }, {
    ""k"": ""primary_search"",
    ""v"": ""drp007970""
  }, {
    ""k"": ""primary_search"",
    ""v"": ""drr333159""
  }, {
    ""k"": ""primary_search"",
    ""v"": ""drs214561""
  }, {
    ""k"": ""primary_search"",
    ""v"": ""drx322156""
  }, {
    ""k"": ""primary_search"",
    ""v"": ""prjdb12699""
  }, {
    ""k"": ""primary_search"",
    ""v"": ""samd00430106""
  }]
} {""bases"": 1576091506, ""bytes"": 511709133, ""run_file_create_date"": ""2021-12-10t14:31:00.000z"", ""primary_search"": ""23891103""}",,0
DRR333154,RNA-Seq,OIST,public,DRX322151,SAMD00430101,Illumina NovaSeq 6000,PAIRED,PCR,TRANSCRIPTOMIC,ILLUMINA,DRS214556,SAMD00430101,Apis mellifera,DRP007970,2021-12-10 00:00:00.000000 UTC,PRJDB12699,405,NA,101,1308,NA,RNA_Sequencing,[],,,,[],[],[],[adult_AG1-1],"[run.zq,sra]","[gs,ncbi,s3]","[gs.us-east1,ncbi.public,s3.us-east-1]","{
  ""attributes"": [{
    ""k"": ""bases"",
    ""v"": ""1308106302""
  }, {
    ""k"": ""bytes"",
    ""v"": ""424908664""
  }, {
    ""k"": ""run_file_create_date"",
    ""v"": ""2021-12-10T15:02:00.000Z""
  }, {
    ""k"": ""primary_search"",
    ""v"": ""23891098""
  }, {
    ""k"": ""primary_search"",
    ""v"": ""785480""
  }, {
    ""k"": ""primary_search"",
    ""v"": ""DRP007970""
  }, {
    ""k"": ""primary_search"",
    ""v"": ""DRR333154""
  }, {
    ""k"": ""primary_search"",
    ""v"": ""DRS214556""
  }, {
    ""k"": ""primary_search"",
    ""v"": ""DRX322151""
  }, {
    ""k"": ""primary_search"",
    ""v"": ""PRJDB12699""
  }, {
    ""k"": ""primary_search"",
    ""v"": ""SAMD00430101""
  }]
}",1,"{""bases"": 1308106302, ""bytes"": 424908664, ""run_file_create_date"": ""2021-12-10T15:02:00.000Z"", ""primary_search"": ""23891098""}","drr333154 rna-seq oist public drx322151 samd00430101 illumina novaseq 6000 paired pcr transcriptomic illumina drs214556 samd00430101 apis mellifera drp007970 2021-12-10 00:00:00.000000 utc prjdb12699 rna_sequencing []    [] [] [] [adult_ag1-1] [run.zq,sra] [gs,ncbi,s3] [gs.us-east1,ncbi.public,s3.us-east-1] {
  ""attributes"": [{
    ""k"": ""bases"",
    ""v"": ""1308106302""
  }, {
    ""k"": ""bytes"",
    ""v"": ""424908664""
  }, {
    ""k"": ""run_file_create_date"",
    ""v"": ""2021-12-10t15:02:00.000z""
  }, {
    ""k"": ""primary_search"",
    ""v"": ""23891098""
  }, {
    ""k"": ""primary_search"",
    ""v"": ""785480""
  }, {
    ""k"": ""primary_search"",
    ""v"": ""drp007970""
  }, {
    ""k"": ""primary_search"",
    ""v"": ""drr333154""
  }, {
    ""k"": ""primary_search"",
    ""v"": ""drs214556""
  }, {
    ""k"": ""primary_search"",
    ""v"": ""drx322151""
  }, {
    ""k"": ""primary_search"",
    ""v"": ""prjdb12699""
  }, {
    ""k"": ""primary_search"",
    ""v"": ""samd00430101""
  }]
} {""bases"": 1308106302, ""bytes"": 424908664, ""run_file_create_date"": ""2021-12-10t15:02:00.000z"", ""primary_search"": ""23891098""}",,0
DRR333168,RNA-Seq,OIST,public,DRX322165,SAMD00430115,Illumina NovaSeq 6000,PAIRED,PCR,TRANSCRIPTOMIC,ILLUMINA,DRS214570,SAMD00430115,Apis mellifera,DRP007970,2021-12-10 00:00:00.000000 UTC,PRJDB12699,492,NA,100,1558,NA,RNA_Sequencing,[],,,,[],[],[],[adult_LG3],"[run.zq,sra]","[gs,ncbi,s3]","[gs.us-east1,ncbi.public,s3.us-east-1]","{
  ""attributes"": [{
    ""k"": ""bases"",
    ""v"": ""1558073183""
  }, {
    ""k"": ""bytes"",
    ""v"": ""516728759""
  }, {
    ""k"": ""run_file_create_date"",
    ""v"": ""2021-12-10T14:32:00.000Z""
  }, {
    ""k"": ""primary_search"",
    ""v"": ""23891112""
  }, {
    ""k"": ""primary_search"",
    ""v"": ""785480""
  }, {
    ""k"": ""primary_search"",
    ""v"": ""DRP007970""
  }, {
    ""k"": ""primary_search"",
    ""v"": ""DRR333168""
  }, {
    ""k"": ""primary_search"",
    ""v"": ""DRS214570""
  }, {
    ""k"": ""primary_search"",
    ""v"": ""DRX322165""
  }, {
    ""k"": ""primary_search"",
    ""v"": ""PRJDB12699""
  }, {
    ""k"": ""primary_search"",
    ""v"": ""SAMD00430115""
  }]
}",1,"{""bases"": 1558073183, ""bytes"": 516728759, ""run_file_create_date"": ""2021-12-10T14:32:00.000Z"", ""primary_search"": ""23891112""}","drr333168 rna-seq oist public drx322165 samd00430115 illumina novaseq 6000 paired pcr transcriptomic illumina drs214570 samd00430115 apis mellifera drp007970 2021-12-10 00:00:00.000000 utc prjdb12699 rna_sequencing []    [] [] [] [adult_lg3] [run.zq,sra] [gs,ncbi,s3] [gs.us-east1,ncbi.public,s3.us-east-1] {
  ""attributes"": [{
    ""k"": ""bases"",
    ""v"": ""1558073183""
  }, {
    ""k"": ""bytes"",
    ""v"": ""516728759""
  }, {
    ""k"": ""run_file_create_date"",
    ""v"": ""2021-12-10t14:32:00.000z""
  }, {
    ""k"": ""primary_search"",
    ""v"": ""23891112""
  }, {
    ""k"": ""primary_search"",
    ""v"": ""785480""
  }, {
    ""k"": ""primary_search"",
    ""v"": ""drp007970""
  }, {
    ""k"": ""primary_search"",
    ""v"": ""drr333168""
  }, {
    ""k"": ""primary_search"",
    ""v"": ""drs214570""
  }, {
    ""k"": ""primary_search"",
    ""v"": ""drx322165""
  }, {
    ""k"": ""primary_search"",
    ""v"": ""prjdb12699""
  }, {
    ""k"": ""primary_search"",
    ""v"": ""samd00430115""
  }]
} {""bases"": 1558073183, ""bytes"": 516728759, ""run_file_create_date"": ""2021-12-10t14:32:00.000z"", ""primary_search"": ""23891112""}",,0
DRR333164,RNA-Seq,OIST,public,DRX322161,SAMD00430111,Illumina NovaSeq 6000,PAIRED,PCR,TRANSCRIPTOMIC,ILLUMINA,DRS214566,SAMD00430111,Apis mellifera,DRP007970,2021-12-10 00:00:00.000000 UTC,PRJDB12699,449,NA,100,1466,NA,RNA_Sequencing,[],,,,[],[],[],[adult_Hive2],"[run.zq,sra]","[gs,ncbi,s3]","[gs.us-east1,ncbi.public,s3.us-east-1]","{
  ""attributes"": [{
    ""k"": ""bases"",
    ""v"": ""1466185442""
  }, {
    ""k"": ""bytes"",
    ""v"": ""471792823""
  }, {
    ""k"": ""run_file_create_date"",
    ""v"": ""2021-12-10T14:31:00.000Z""
  }, {
    ""k"": ""primary_search"",
    ""v"": ""23891108""
  }, {
    ""k"": ""primary_search"",
    ""v"": ""785480""
  }, {
    ""k"": ""primary_search"",
    ""v"": ""DRP007970""
  }, {
    ""k"": ""primary_search"",
    ""v"": ""DRR333164""
  }, {
    ""k"": ""primary_search"",
    ""v"": ""DRS214566""
  }, {
    ""k"": ""primary_search"",
    ""v"": ""DRX322161""
  }, {
    ""k"": ""primary_search"",
    ""v"": ""PRJDB12699""
  }, {
    ""k"": ""primary_search"",
    ""v"": ""SAMD00430111""
  }]
}",1,"{""bases"": 1466185442, ""bytes"": 471792823, ""run_file_create_date"": ""2021-12-10T14:31:00.000Z"", ""primary_search"": ""23891108""}","drr333164 rna-seq oist public drx322161 samd00430111 illumina novaseq 6000 paired pcr transcriptomic illumina drs214566 samd00430111 apis mellifera drp007970 2021-12-10 00:00:00.000000 utc prjdb12699 rna_sequencing []    [] [] [] [adult_hive2] [run.zq,sra] [gs,ncbi,s3] [gs.us-east1,ncbi.public,s3.us-east-1] {
  ""attributes"": [{
    ""k"": ""bases"",
    ""v"": ""1466185442""
  }, {
    ""k"": ""bytes"",
    ""v"": ""471792823""
  }, {
    ""k"": ""run_file_create_date"",
    ""v"": ""2021-12-10t14:31:00.000z""
  }, {
    ""k"": ""primary_search"",
    ""v"": ""23891108""
  }, {
    ""k"": ""primary_search"",
    ""v"": ""785480""
  }, {
    ""k"": ""primary_search"",
    ""v"": ""drp007970""
  }, {
    ""k"": ""primary_search"",
    ""v"": ""drr333164""
  }, {
    ""k"": ""primary_search"",
    ""v"": ""drs214566""
  }, {
    ""k"": ""primary_search"",
    ""v"": ""drx322161""
  }, {
    ""k"": ""primary_search"",
    ""v"": ""prjdb12699""
  }, {
    ""k"": ""primary_search"",
    ""v"": ""samd00430111""
  }]
} {""bases"": 1466185442, ""bytes"": 471792823, ""run_file_create_date"": ""2021-12-10t14:31:00.000z"", ""primary_search"": ""23891108""}",,0
DRR333158,RNA-Seq,OIST,public,DRX322155,SAMD00430105,Illumina NovaSeq 6000,PAIRED,PCR,TRANSCRIPTOMIC,ILLUMINA,DRS214560,SAMD00430105,Apis mellifera,DRP007970,2021-12-10 00:00:00.000000 UTC,PRJDB12699,292,NA,101,708,NA,RNA_Sequencing,[],,,,[],[],[],[adult_BB2],"[run.zq,sra]","[gs,ncbi,s3]","[gs.us-east1,ncbi.public,s3.us-east-1]","{
  ""attributes"": [{
    ""k"": ""bases"",
    ""v"": ""708202488""
  }, {
    ""k"": ""bytes"",
    ""v"": ""306805452""
  }, {
    ""k"": ""run_file_create_date"",
    ""v"": ""2021-12-10T15:02:00.000Z""
  }, {
    ""k"": ""primary_search"",
    ""v"": ""23891102""
  }, {
    ""k"": ""primary_search"",
    ""v"": ""785480""
  }, {
    ""k"": ""primary_search"",
    ""v"": ""DRP007970""
  }, {
    ""k"": ""primary_search"",
    ""v"": ""DRR333158""
  }, {
    ""k"": ""primary_search"",
    ""v"": ""DRS214560""
  }, {
    ""k"": ""primary_search"",
    ""v"": ""DRX322155""
  }, {
    ""k"": ""primary_search"",
    ""v"": ""PRJDB12699""
  }, {
    ""k"": ""primary_search"",
    ""v"": ""SAMD00430105""
  }]
}",1,"{""bases"": 708202488, ""bytes"": 306805452, ""run_file_create_date"": ""2021-12-10T15:02:00.000Z"", ""primary_search"": ""23891102""}","drr333158 rna-seq oist public drx322155 samd00430105 illumina novaseq 6000 paired pcr transcriptomic illumina drs214560 samd00430105 apis mellifera drp007970 2021-12-10 00:00:00.000000 utc prjdb12699 rna_sequencing []    [] [] [] [adult_bb2] [run.zq,sra] [gs,ncbi,s3] [gs.us-east1,ncbi.public,s3.us-east-1] {
  ""attributes"": [{
    ""k"": ""bases"",
    ""v"": ""708202488""
  }, {
    ""k"": ""bytes"",
    ""v"": ""306805452""
  }, {
    ""k"": ""run_file_create_date"",
    ""v"": ""2021-12-10t15:02:00.000z""
  }, {
    ""k"": ""primary_search"",
    ""v"": ""23891102""
  }, {
    ""k"": ""primary_search"",
    ""v"": ""785480""
  }, {
    ""k"": ""primary_search"",
    ""v"": ""drp007970""
  }, {
    ""k"": ""primary_search"",
    ""v"": ""drr333158""
  }, {
    ""k"": ""primary_search"",
    ""v"": ""drs214560""
  }, {
    ""k"": ""primary_search"",
    ""v"": ""drx322155""
  }, {
    ""k"": ""primary_search"",
    ""v"": ""prjdb12699""
  }, {
    ""k"": ""primary_search"",
    ""v"": ""samd00430105""
  }]
} {""bases"": 708202488, ""bytes"": 306805452, ""run_file_create_date"": ""2021-12-10t15:02:00.000z"", ""primary_search"": ""23891102""}",,0
DRR333167,RNA-Seq,OIST,public,DRX322164,SAMD00430114,Illumina NovaSeq 6000,PAIRED,PCR,TRANSCRIPTOMIC,ILLUMINA,DRS214569,SAMD00430114,Apis mellifera,DRP007970,2021-12-10 00:00:00.000000 UTC,PRJDB12699,426,NA,100,1381,NA,RNA_Sequencing,[],,,,[],[],[],[adult_LG2],"[run.zq,sra]","[gs,ncbi,s3]","[gs.us-east1,ncbi.public,s3.us-east-1]","{
  ""attributes"": [{
    ""k"": ""bases"",
    ""v"": ""1381955194""
  }, {
    ""k"": ""bytes"",
    ""v"": ""447272932""
  }, {
    ""k"": ""run_file_create_date"",
    ""v"": ""2021-12-10T15:03:00.000Z""
  }, {
    ""k"": ""primary_search"",
    ""v"": ""23891111""
  }, {
    ""k"": ""primary_search"",
    ""v"": ""785480""
  }, {
    ""k"": ""primary_search"",
    ""v"": ""DRP007970""
  }, {
    ""k"": ""primary_search"",
    ""v"": ""DRR333167""
  }, {
    ""k"": ""primary_search"",
    ""v"": ""DRS214569""
  }, {
    ""k"": ""primary_search"",
    ""v"": ""DRX322164""
  }, {
    ""k"": ""primary_search"",
    ""v"": ""PRJDB12699""
  }, {
    ""k"": ""primary_search"",
    ""v"": ""SAMD00430114""
  }]
}",1,"{""bases"": 1381955194, ""bytes"": 447272932, ""run_file_create_date"": ""2021-12-10T15:03:00.000Z"", ""primary_search"": ""23891111""}","drr333167 rna-seq oist public drx322164 samd00430114 illumina novaseq 6000 paired pcr transcriptomic illumina drs214569 samd00430114 apis mellifera drp007970 2021-12-10 00:00:00.000000 utc prjdb12699 rna_sequencing []    [] [] [] [adult_lg2] [run.zq,sra] [gs,ncbi,s3] [gs.us-east1,ncbi.public,s3.us-east-1] {
  ""attributes"": [{
    ""k"": ""bases"",
    ""v"": ""1381955194""
  }, {
    ""k"": ""bytes"",
    ""v"": ""447272932""
  }, {
    ""k"": ""run_file_create_date"",
    ""v"": ""2021-12-10t15:03:00.000z""
  }, {
    ""k"": ""primary_search"",
    ""v"": ""23891111""
  }, {
    ""k"": ""primary_search"",
    ""v"": ""785480""
  }, {
    ""k"": ""primary_search"",
    ""v"": ""drp007970""
  }, {
    ""k"": ""primary_search"",
    ""v"": ""drr333167""
  }, {
    ""k"": ""primary_search"",
    ""v"": ""drs214569""
  }, {
    ""k"": ""primary_search"",
    ""v"": ""drx322164""
  }, {
    ""k"": ""primary_search"",
    ""v"": ""prjdb12699""
  }, {
    ""k"": ""primary_search"",
    ""v"": ""samd00430114""
  }]
} {""bases"": 1381955194, ""bytes"": 447272932, ""run_file_create_date"": ""2021-12-10t15:03:00.000z"", ""primary_search"": ""23891111""}",,0
DRR333163,RNA-Seq,OIST,public,DRX322160,SAMD00430110,Illumina NovaSeq 6000,PAIRED,PCR,TRANSCRIPTOMIC,ILLUMINA,DRS214565,SAMD00430110,Apis mellifera,DRP007970,2021-12-10 00:00:00.000000 UTC,PRJDB12699,501,NA,100,1615,NA,RNA_Sequencing,[],,,,[],[],[],[adult_Hive1],"[run.zq,sra]","[gs,ncbi,s3]","[gs.us-east1,ncbi.public,s3.us-east-1]","{
  ""attributes"": [{
    ""k"": ""bases"",
    ""v"": ""1615629372""
  }, {
    ""k"": ""bytes"",
    ""v"": ""525395810""
  }, {
    ""k"": ""run_file_create_date"",
    ""v"": ""2021-12-10T14:32:00.000Z""
  }, {
    ""k"": ""primary_search"",
    ""v"": ""23891107""
  }, {
    ""k"": ""primary_search"",
    ""v"": ""785480""
  }, {
    ""k"": ""primary_search"",
    ""v"": ""DRP007970""
  }, {
    ""k"": ""primary_search"",
    ""v"": ""DRR333163""
  }, {
    ""k"": ""primary_search"",
    ""v"": ""DRS214565""
  }, {
    ""k"": ""primary_search"",
    ""v"": ""DRX322160""
  }, {
    ""k"": ""primary_search"",
    ""v"": ""PRJDB12699""
  }, {
    ""k"": ""primary_search"",
    ""v"": ""SAMD00430110""
  }]
}",1,"{""bases"": 1615629372, ""bytes"": 525395810, ""run_file_create_date"": ""2021-12-10T14:32:00.000Z"", ""primary_search"": ""23891107""}","drr333163 rna-seq oist public drx322160 samd00430110 illumina novaseq 6000 paired pcr transcriptomic illumina drs214565 samd00430110 apis mellifera drp007970 2021-12-10 00:00:00.000000 utc prjdb12699 rna_sequencing []    [] [] [] [adult_hive1] [run.zq,sra] [gs,ncbi,s3] [gs.us-east1,ncbi.public,s3.us-east-1] {
  ""attributes"": [{
    ""k"": ""bases"",
    ""v"": ""1615629372""
  }, {
    ""k"": ""bytes"",
    ""v"": ""525395810""
  }, {
    ""k"": ""run_file_create_date"",
    ""v"": ""2021-12-10t14:32:00.000z""
  }, {
    ""k"": ""primary_search"",
    ""v"": ""23891107""
  }, {
    ""k"": ""primary_search"",
    ""v"": ""785480""
  }, {
    ""k"": ""primary_search"",
    ""v"": ""drp007970""
  }, {
    ""k"": ""primary_search"",
    ""v"": ""drr333163""
  }, {
    ""k"": ""primary_search"",
    ""v"": ""drs214565""
  }, {
    ""k"": ""primary_search"",
    ""v"": ""drx322160""
  }, {
    ""k"": ""primary_search"",
    ""v"": ""prjdb12699""
  }, {
    ""k"": ""primary_search"",
    ""v"": ""samd00430110""
  }]
} {""bases"": 1615629372, ""bytes"": 525395810, ""run_file_create_date"": ""2021-12-10t14:32:00.000z"", ""primary_search"": ""23891107""}",,0
DRR333162,RNA-Seq,OIST,public,DRX322159,SAMD00430109,Illumina NovaSeq 6000,PAIRED,PCR,TRANSCRIPTOMIC,ILLUMINA,DRS214564,SAMD00430109,Apis mellifera,DRP007970,2021-12-10 00:00:00.000000 UTC,PRJDB12699,446,NA,100,1356,NA,RNA_Sequencing,[],,,,[],[],[],[adult_C3-2],"[run.zq,sra]","[gs,ncbi,s3]","[gs.us-east1,ncbi.public,s3.us-east-1]","{
  ""attributes"": [{
    ""k"": ""bases"",
    ""v"": ""1356688465""
  }, {
    ""k"": ""bytes"",
    ""v"": ""468244447""
  }, {
    ""k"": ""run_file_create_date"",
    ""v"": ""2021-12-10T14:30:00.000Z""
  }, {
    ""k"": ""primary_search"",
    ""v"": ""23891106""
  }, {
    ""k"": ""primary_search"",
    ""v"": ""785480""
  }, {
    ""k"": ""primary_search"",
    ""v"": ""DRP007970""
  }, {
    ""k"": ""primary_search"",
    ""v"": ""DRR333162""
  }, {
    ""k"": ""primary_search"",
    ""v"": ""DRS214564""
  }, {
    ""k"": ""primary_search"",
    ""v"": ""DRX322159""
  }, {
    ""k"": ""primary_search"",
    ""v"": ""PRJDB12699""
  }, {
    ""k"": ""primary_search"",
    ""v"": ""SAMD00430109""
  }]
}",1,"{""bases"": 1356688465, ""bytes"": 468244447, ""run_file_create_date"": ""2021-12-10T14:30:00.000Z"", ""primary_search"": ""23891106""}","drr333162 rna-seq oist public drx322159 samd00430109 illumina novaseq 6000 paired pcr transcriptomic illumina drs214564 samd00430109 apis mellifera drp007970 2021-12-10 00:00:00.000000 utc prjdb12699 rna_sequencing []    [] [] [] [adult_c3-2] [run.zq,sra] [gs,ncbi,s3] [gs.us-east1,ncbi.public,s3.us-east-1] {
  ""attributes"": [{
    ""k"": ""bases"",
    ""v"": ""1356688465""
  }, {
    ""k"": ""bytes"",
    ""v"": ""468244447""
  }, {
    ""k"": ""run_file_create_date"",
    ""v"": ""2021-12-10t14:30:00.000z""
  }, {
    ""k"": ""primary_search"",
    ""v"": ""23891106""
  }, {
    ""k"": ""primary_search"",
    ""v"": ""785480""
  }, {
    ""k"": ""primary_search"",
    ""v"": ""drp007970""
  }, {
    ""k"": ""primary_search"",
    ""v"": ""drr333162""
  }, {
    ""k"": ""primary_search"",
    ""v"": ""drs214564""
  }, {
    ""k"": ""primary_search"",
    ""v"": ""drx322159""
  }, {
    ""k"": ""primary_search"",
    ""v"": ""prjdb12699""
  }, {
    ""k"": ""primary_search"",
    ""v"": ""samd00430109""
  }]
} {""bases"": 1356688465, ""bytes"": 468244447, ""run_file_create_date"": ""2021-12-10t14:30:00.000z"", ""primary_search"": ""23891106""}",,0
DRR333172,RNA-Seq,OIST,public,DRX322169,SAMD00430138,Illumina NovaSeq 6000,PAIRED,PCR,TRANSCRIPTOMIC,ILLUMINA,DRS214593,SAMD00430138,Apis mellifera,DRP007970,2021-12-10 00:00:00.000000 UTC,PRJDB12699,5,NA,101,16,NA,RNA_Sequencing,[],,,,[],[],[],[adult_Negative_control],"[run.zq,sra]","[gs,ncbi,s3]","[gs.us-east1,ncbi.public,s3.us-east-1]","{
  ""attributes"": [{
    ""k"": ""bases"",
    ""v"": ""16570993""
  }, {
    ""k"": ""bytes"",
    ""v"": ""5497060""
  }, {
    ""k"": ""run_file_create_date"",
    ""v"": ""2021-12-10T14:30:00.000Z""
  }, {
    ""k"": ""primary_search"",
    ""v"": ""23891135""
  }, {
    ""k"": ""primary_search"",
    ""v"": ""785480""
  }, {
    ""k"": ""primary_search"",
    ""v"": ""DRP007970""
  }, {
    ""k"": ""primary_search"",
    ""v"": ""DRR333172""
  }, {
    ""k"": ""primary_search"",
    ""v"": ""DRS214593""
  }, {
    ""k"": ""primary_search"",
    ""v"": ""DRX322169""
  }, {
    ""k"": ""primary_search"",
    ""v"": ""PRJDB12699""
  }, {
    ""k"": ""primary_search"",
    ""v"": ""SAMD00430138""
  }]
}",1,"{""bases"": 16570993, ""bytes"": 5497060, ""run_file_create_date"": ""2021-12-10T14:30:00.000Z"", ""primary_search"": ""23891135""}","drr333172 rna-seq oist public drx322169 samd00430138 illumina novaseq 6000 paired pcr transcriptomic illumina drs214593 samd00430138 apis mellifera drp007970 2021-12-10 00:00:00.000000 utc prjdb12699 rna_sequencing []    [] [] [] [adult_negative_control] [run.zq,sra] [gs,ncbi,s3] [gs.us-east1,ncbi.public,s3.us-east-1] {
  ""attributes"": [{
    ""k"": ""bases"",
    ""v"": ""16570993""
  }, {
    ""k"": ""bytes"",
    ""v"": ""5497060""
  }, {
    ""k"": ""run_file_create_date"",
    ""v"": ""2021-12-10t14:30:00.000z""
  }, {
    ""k"": ""primary_search"",
    ""v"": ""23891135""
  }, {
    ""k"": ""primary_search"",
    ""v"": ""785480""
  }, {
    ""k"": ""primary_search"",
    ""v"": ""drp007970""
  }, {
    ""k"": ""primary_search"",
    ""v"": ""drr333172""
  }, {
    ""k"": ""primary_search"",
    ""v"": ""drs214593""
  }, {
    ""k"": ""primary_search"",
    ""v"": ""drx322169""
  }, {
    ""k"": ""primary_search"",
    ""v"": ""prjdb12699""
  }, {
    ""k"": ""primary_search"",
    ""v"": ""samd00430138""
  }]
} {""bases"": 16570993, ""bytes"": 5497060, ""run_file_create_date"": ""2021-12-10t14:30:00.000z"", ""primary_search"": ""23891135""}",,0
DRR333166,RNA-Seq,OIST,public,DRX322163,SAMD00430113,Illumina NovaSeq 6000,PAIRED,PCR,TRANSCRIPTOMIC,ILLUMINA,DRS214568,SAMD00430113,Apis mellifera,DRP007970,2021-12-10 00:00:00.000000 UTC,PRJDB12699,461,NA,100,1496,NA,RNA_Sequencing,[],,,,[],[],[],[adult_LG1],"[run.zq,sra]","[gs,ncbi,s3]","[gs.us-east1,ncbi.public,s3.us-east-1]","{
  ""attributes"": [{
    ""k"": ""bases"",
    ""v"": ""1496328591""
  }, {
    ""k"": ""bytes"",
    ""v"": ""484383298""
  }, {
    ""k"": ""run_file_create_date"",
    ""v"": ""2021-12-10T14:32:00.000Z""
  }, {
    ""k"": ""primary_search"",
    ""v"": ""23891110""
  }, {
    ""k"": ""primary_search"",
    ""v"": ""785480""
  }, {
    ""k"": ""primary_search"",
    ""v"": ""DRP007970""
  }, {
    ""k"": ""primary_search"",
    ""v"": ""DRR333166""
  }, {
    ""k"": ""primary_search"",
    ""v"": ""DRS214568""
  }, {
    ""k"": ""primary_search"",
    ""v"": ""DRX322163""
  }, {
    ""k"": ""primary_search"",
    ""v"": ""PRJDB12699""
  }, {
    ""k"": ""primary_search"",
    ""v"": ""SAMD00430113""
  }]
}",1,"{""bases"": 1496328591, ""bytes"": 484383298, ""run_file_create_date"": ""2021-12-10T14:32:00.000Z"", ""primary_search"": ""23891110""}","drr333166 rna-seq oist public drx322163 samd00430113 illumina novaseq 6000 paired pcr transcriptomic illumina drs214568 samd00430113 apis mellifera drp007970 2021-12-10 00:00:00.000000 utc prjdb12699 rna_sequencing []    [] [] [] [adult_lg1] [run.zq,sra] [gs,ncbi,s3] [gs.us-east1,ncbi.public,s3.us-east-1] {
  ""attributes"": [{
    ""k"": ""bases"",
    ""v"": ""1496328591""
  }, {
    ""k"": ""bytes"",
    ""v"": ""484383298""
  }, {
    ""k"": ""run_file_create_date"",
    ""v"": ""2021-12-10t14:32:00.000z""
  }, {
    ""k"": ""primary_search"",
    ""v"": ""23891110""
  }, {
    ""k"": ""primary_search"",
    ""v"": ""785480""
  }, {
    ""k"": ""primary_search"",
    ""v"": ""drp007970""
  }, {
    ""k"": ""primary_search"",
    ""v"": ""drr333166""
  }, {
    ""k"": ""primary_search"",
    ""v"": ""drs214568""
  }, {
    ""k"": ""primary_search"",
    ""v"": ""drx322163""
  }, {
    ""k"": ""primary_search"",
    ""v"": ""prjdb12699""
  }, {
    ""k"": ""primary_search"",
    ""v"": ""samd00430113""
  }]
} {""bases"": 1496328591, ""bytes"": 484383298, ""run_file_create_date"": ""2021-12-10t14:32:00.000z"", ""primary_search"": ""23891110""}",,0
SRR8121095,RNA-Seq,GEO,public,SRX4947383,GSM3449455,Illumina HiSeq 2500,SINGLE,cDNA,TRANSCRIPTOMIC,ILLUMINA,SRS3989677,SAMN10338920,Apis mellifera,SRP167074,2018-10-31 00:00:00.000000 UTC,PRJNA498919,337,NA,100,657,NA,,[],,,,[],[],[],[],"[fastq,run.zq,sra]","[gs,ncbi,s3]","[gs.us-east1,ncbi.public,s3.us-east-1]","{
  ""attributes"": [{
    ""k"": ""geo_accession_exp"",
    ""v"": ""GSM3449455""
  }, {
    ""k"": ""bases"",
    ""v"": ""657146800""
  }, {
    ""k"": ""bytes"",
    ""v"": ""353427623""
  }, {
    ""k"": ""run_file_create_date"",
    ""v"": ""2018-10-29T06:32:00.000Z""
  }, {
    ""k"": ""diet_sam"",
    ""v"": ""Rockrose""
  }, {
    ""k"": ""source_name_sam"",
    ""v"": ""Whole body tissue""
  }, {
    ""k"": ""tissue_sam_ss_dpl145"",
    ""v"": ""Whole body""
  }, {
    ""k"": ""virus_sam"",
    ""v"": ""Not infected with IAPV""
  }, {
    ""k"": ""primary_search"",
    ""v"": ""10338920""
  }, {
    ""k"": ""primary_search"",
    ""v"": ""498919""
  }, {
    ""k"": ""primary_search"",
    ""v"": ""GSE121885""
  }, {
    ""k"": ""primary_search"",
    ""v"": ""GSM3449455""
  }, {
    ""k"": ""primary_search"",
    ""v"": ""GSM3449455_r1""
  }, {
    ""k"": ""primary_search"",
    ""v"": ""PRJNA498919""
  }, {
    ""k"": ""primary_search"",
    ""v"": ""SAMN10338920""
  }, {
    ""k"": ""primary_search"",
    ""v"": ""SRP167074""
  }, {
    ""k"": ""primary_search"",
    ""v"": ""SRR8121095""
  }, {
    ""k"": ""primary_search"",
    ""v"": ""SRS3989677""
  }, {
    ""k"": ""primary_search"",
    ""v"": ""SRX4947383""
  }]
}",1,"{""geo_accession_exp"": [""GSM3449455""], ""bases"": 657146800, ""bytes"": 353427623, ""run_file_create_date"": ""2018-10-29T06:32:00.000Z"", ""diet_sam"": [""Rockrose""], ""source_name_sam"": [""Whole body tissue""], ""tissue_sam_ss_dpl145"": [""Whole body""], ""virus_sam"": ""Not infected with IAPV"", ""primary_search"": ""10338920""}","srr8121095 rna-seq geo public srx4947383 gsm3449455 illumina hiseq 2500 single cdna transcriptomic illumina srs3989677 samn10338920 apis mellifera srp167074 2018-10-31 00:00:00.000000 utc prjna498919  []    [] [] [] [] [fastq,run.zq,sra] [gs,ncbi,s3] [gs.us-east1,ncbi.public,s3.us-east-1] {
  ""attributes"": [{
    ""k"": ""geo_accession_exp"",
    ""v"": ""gsm3449455""
  }, {
    ""k"": ""bases"",
    ""v"": ""657146800""
  }, {
    ""k"": ""bytes"",
    ""v"": ""353427623""
  }, {
    ""k"": ""run_file_create_date"",
    ""v"": ""2018-10-29t06:32:00.000z""
  }, {
    ""k"": ""diet_sam"",
    ""v"": ""rockrose""
  }, {
    ""k"": ""source_name_sam"",
    ""v"": ""whole body tissue""
  }, {
    ""k"": ""tissue_sam_ss_dpl145"",
    ""v"": ""whole body""
  }, {
    ""k"": ""virus_sam"",
    ""v"": ""not infected with iapv""
  }, {
    ""k"": ""primary_search"",
    ""v"": ""10338920""
  }, {
    ""k"": ""primary_search"",
    ""v"": ""498919""
  }, {
    ""k"": ""primary_search"",
    ""v"": ""gse121885""
  }, {
    ""k"": ""primary_search"",
    ""v"": ""gsm3449455""
  }, {
    ""k"": ""primary_search"",
    ""v"": ""gsm3449455_r1""
  }, {
    ""k"": ""primary_search"",
    ""v"": ""prjna498919""
  }, {
    ""k"": ""primary_search"",
    ""v"": ""samn10338920""
  }, {
    ""k"": ""primary_search"",
    ""v"": ""srp167074""
  }, {
    ""k"": ""primary_search"",
    ""v"": ""srr8121095""
  }, {
    ""k"": ""primary_search"",
    ""v"": ""srs3989677""
  }, {
    ""k"": ""primary_search"",
    ""v"": ""srx4947383""
  }]
} {""geo_accession_exp"": [""gsm3449455""], ""bases"": 657146800, ""bytes"": 353427623, ""run_file_create_date"": ""2018-10-29t06:32:00.000z"", ""diet_sam"": [""rockrose""], ""source_name_sam"": [""whole body tissue""], ""tissue_sam_ss_dpl145"": [""whole body""], ""virus_sam"": ""not infected with iapv"", ""primary_search"": ""10338920""}",,1
SRR8121090,RNA-Seq,GEO,public,SRX4947380,GSM3449452,Illumina HiSeq 2500,SINGLE,cDNA,TRANSCRIPTOMIC,ILLUMINA,SRS3989674,SAMN10338923,Apis mellifera,SRP167074,2018-10-31 00:00:00.000000 UTC,PRJNA498919,346,NA,100,680,NA,,[],,,,[],[],[],[],"[fastq,run.zq,sra]","[gs,ncbi,s3]","[gs.us-east1,ncbi.public,s3.us-east-1]","{
  ""attributes"": [{
    ""k"": ""geo_accession_exp"",
    ""v"": ""GSM3449452""
  }, {
    ""k"": ""bases"",
    ""v"": ""680655200""
  }, {
    ""k"": ""bytes"",
    ""v"": ""363657590""
  }, {
    ""k"": ""run_file_create_date"",
    ""v"": ""2018-10-29T06:32:00.000Z""
  }, {
    ""k"": ""diet_sam"",
    ""v"": ""Rockrose""
  }, {
    ""k"": ""source_name_sam"",
    ""v"": ""Whole body tissue""
  }, {
    ""k"": ""tissue_sam_ss_dpl145"",
    ""v"": ""Whole body""
  }, {
    ""k"": ""virus_sam"",
    ""v"": ""Not infected with IAPV""
  }, {
    ""k"": ""primary_search"",
    ""v"": ""10338923""
  }, {
    ""k"": ""primary_search"",
    ""v"": ""498919""
  }, {
    ""k"": ""primary_search"",
    ""v"": ""GSE121885""
  }, {
    ""k"": ""primary_search"",
    ""v"": ""GSM3449452""
  }, {
    ""k"": ""primary_search"",
    ""v"": ""GSM3449452_r2""
  }, {
    ""k"": ""primary_search"",
    ""v"": ""PRJNA498919""
  }, {
    ""k"": ""primary_search"",
    ""v"": ""SAMN10338923""
  }, {
    ""k"": ""primary_search"",
    ""v"": ""SRP167074""
  }, {
    ""k"": ""primary_search"",
    ""v"": ""SRR8121090""
  }, {
    ""k"": ""primary_search"",
    ""v"": ""SRS3989674""
  }, {
    ""k"": ""primary_search"",
    ""v"": ""SRX4947380""
  }]
}",1,"{""geo_accession_exp"": [""GSM3449452""], ""bases"": 680655200, ""bytes"": 363657590, ""run_file_create_date"": ""2018-10-29T06:32:00.000Z"", ""diet_sam"": [""Rockrose""], ""source_name_sam"": [""Whole body tissue""], ""tissue_sam_ss_dpl145"": [""Whole body""], ""virus_sam"": ""Not infected with IAPV"", ""primary_search"": ""10338923""}","srr8121090 rna-seq geo public srx4947380 gsm3449452 illumina hiseq 2500 single cdna transcriptomic illumina srs3989674 samn10338923 apis mellifera srp167074 2018-10-31 00:00:00.000000 utc prjna498919  []    [] [] [] [] [fastq,run.zq,sra] [gs,ncbi,s3] [gs.us-east1,ncbi.public,s3.us-east-1] {
  ""attributes"": [{
    ""k"": ""geo_accession_exp"",
    ""v"": ""gsm3449452""
  }, {
    ""k"": ""bases"",
    ""v"": ""680655200""
  }, {
    ""k"": ""bytes"",
    ""v"": ""363657590""
  }, {
    ""k"": ""run_file_create_date"",
    ""v"": ""2018-10-29t06:32:00.000z""
  }, {
    ""k"": ""diet_sam"",
    ""v"": ""rockrose""
  }, {
    ""k"": ""source_name_sam"",
    ""v"": ""whole body tissue""
  }, {
    ""k"": ""tissue_sam_ss_dpl145"",
    ""v"": ""whole body""
  }, {
    ""k"": ""virus_sam"",
    ""v"": ""not infected with iapv""
  }, {
    ""k"": ""primary_search"",
    ""v"": ""10338923""
  }, {
    ""k"": ""primary_search"",
    ""v"": ""498919""
  }, {
    ""k"": ""primary_search"",
    ""v"": ""gse121885""
  }, {
    ""k"": ""primary_search"",
    ""v"": ""gsm3449452""
  }, {
    ""k"": ""primary_search"",
    ""v"": ""gsm3449452_r2""
  }, {
    ""k"": ""primary_search"",
    ""v"": ""prjna498919""
  }, {
    ""k"": ""primary_search"",
    ""v"": ""samn10338923""
  }, {
    ""k"": ""primary_search"",
    ""v"": ""srp167074""
  }, {
    ""k"": ""primary_search"",
    ""v"": ""srr8121090""
  }, {
    ""k"": ""primary_search"",
    ""v"": ""srs3989674""
  }, {
    ""k"": ""primary_search"",
    ""v"": ""srx4947380""
  }]
} {""geo_accession_exp"": [""gsm3449452""], ""bases"": 680655200, ""bytes"": 363657590, ""run_file_create_date"": ""2018-10-29t06:32:00.000z"", ""diet_sam"": [""rockrose""], ""source_name_sam"": [""whole body tissue""], ""tissue_sam_ss_dpl145"": [""whole body""], ""virus_sam"": ""not infected with iapv"", ""primary_search"": ""10338923""}",,1
SRR8121087,RNA-Seq,GEO,public,SRX4947379,GSM3449451,Illumina HiSeq 2500,SINGLE,cDNA,TRANSCRIPTOMIC,ILLUMINA,SRS3989673,SAMN10338924,Apis mellifera,SRP167074,2018-10-31 00:00:00.000000 UTC,PRJNA498919,261,NA,100,507,NA,,[],,,,[],[],[],[],"[fastq,run.zq,sra]","[gs,ncbi,s3]","[gs.us-east1,ncbi.public,s3.us-east-1]","{
  ""attributes"": [{
    ""k"": ""geo_accession_exp"",
    ""v"": ""GSM3449451""
  }, {
    ""k"": ""bases"",
    ""v"": ""507637500""
  }, {
    ""k"": ""bytes"",
    ""v"": ""274582416""
  }, {
    ""k"": ""run_file_create_date"",
    ""v"": ""2018-10-29T06:32:00.000Z""
  }, {
    ""k"": ""diet_sam"",
    ""v"": ""Chestnut""
  }, {
    ""k"": ""source_name_sam"",
    ""v"": ""Whole body tissue""
  }, {
    ""k"": ""tissue_sam_ss_dpl145"",
    ""v"": ""Whole body""
  }, {
    ""k"": ""virus_sam"",
    ""v"": ""Not infected with IAPV""
  }, {
    ""k"": ""primary_search"",
    ""v"": ""10338924""
  }, {
    ""k"": ""primary_search"",
    ""v"": ""498919""
  }, {
    ""k"": ""primary_search"",
    ""v"": ""GSE121885""
  }, {
    ""k"": ""primary_search"",
    ""v"": ""GSM3449451""
  }, {
    ""k"": ""primary_search"",
    ""v"": ""GSM3449451_r1""
  }, {
    ""k"": ""primary_search"",
    ""v"": ""PRJNA498919""
  }, {
    ""k"": ""primary_search"",
    ""v"": ""SAMN10338924""
  }, {
    ""k"": ""primary_search"",
    ""v"": ""SRP167074""
  }, {
    ""k"": ""primary_search"",
    ""v"": ""SRR8121087""
  }, {
    ""k"": ""primary_search"",
    ""v"": ""SRS3989673""
  }, {
    ""k"": ""primary_search"",
    ""v"": ""SRX4947379""
  }]
}",1,"{""geo_accession_exp"": [""GSM3449451""], ""bases"": 507637500, ""bytes"": 274582416, ""run_file_create_date"": ""2018-10-29T06:32:00.000Z"", ""diet_sam"": [""Chestnut""], ""source_name_sam"": [""Whole body tissue""], ""tissue_sam_ss_dpl145"": [""Whole body""], ""virus_sam"": ""Not infected with IAPV"", ""primary_search"": ""10338924""}","srr8121087 rna-seq geo public srx4947379 gsm3449451 illumina hiseq 2500 single cdna transcriptomic illumina srs3989673 samn10338924 apis mellifera srp167074 2018-10-31 00:00:00.000000 utc prjna498919  []    [] [] [] [] [fastq,run.zq,sra] [gs,ncbi,s3] [gs.us-east1,ncbi.public,s3.us-east-1] {
  ""attributes"": [{
    ""k"": ""geo_accession_exp"",
    ""v"": ""gsm3449451""
  }, {
    ""k"": ""bases"",
    ""v"": ""507637500""
  }, {
    ""k"": ""bytes"",
    ""v"": ""274582416""
  }, {
    ""k"": ""run_file_create_date"",
    ""v"": ""2018-10-29t06:32:00.000z""
  }, {
    ""k"": ""diet_sam"",
    ""v"": ""chestnut""
  }, {
    ""k"": ""source_name_sam"",
    ""v"": ""whole body tissue""
  }, {
    ""k"": ""tissue_sam_ss_dpl145"",
    ""v"": ""whole body""
  }, {
    ""k"": ""virus_sam"",
    ""v"": ""not infected with iapv""
  }, {
    ""k"": ""primary_search"",
    ""v"": ""10338924""
  }, {
    ""k"": ""primary_search"",
    ""v"": ""498919""
  }, {
    ""k"": ""primary_search"",
    ""v"": ""gse121885""
  }, {
    ""k"": ""primary_search"",
    ""v"": ""gsm3449451""
  }, {
    ""k"": ""primary_search"",
    ""v"": ""gsm3449451_r1""
  }, {
    ""k"": ""primary_search"",
    ""v"": ""prjna498919""
  }, {
    ""k"": ""primary_search"",
    ""v"": ""samn10338924""
  }, {
    ""k"": ""primary_search"",
    ""v"": ""srp167074""
  }, {
    ""k"": ""primary_search"",
    ""v"": ""srr8121087""
  }, {
    ""k"": ""primary_search"",
    ""v"": ""srs3989673""
  }, {
    ""k"": ""primary_search"",
    ""v"": ""srx4947379""
  }]
} {""geo_accession_exp"": [""gsm3449451""], ""bases"": 507637500, ""bytes"": 274582416, ""run_file_create_date"": ""2018-10-29t06:32:00.000z"", ""diet_sam"": [""chestnut""], ""source_name_sam"": [""whole body tissue""], ""tissue_sam_ss_dpl145"": [""whole body""], ""virus_sam"": ""not infected with iapv"", ""primary_search"": ""10338924""}",,1
SRR8121120,RNA-Seq,GEO,public,SRX4947395,GSM3449467,Illumina HiSeq 2500,SINGLE,cDNA,TRANSCRIPTOMIC,ILLUMINA,SRS3989690,SAMN10338908,Apis mellifera,SRP167074,2018-10-31 00:00:00.000000 UTC,PRJNA498919,338,NA,100,659,NA,,[],,,,[],[],[],[],"[fastq,run.zq,sra]","[gs,ncbi,s3]","[gs.us-east1,ncbi.public,s3.us-east-1]","{
  ""attributes"": [{
    ""k"": ""geo_accession_exp"",
    ""v"": ""GSM3449467""
  }, {
    ""k"": ""bases"",
    ""v"": ""659950500""
  }, {
    ""k"": ""bytes"",
    ""v"": ""354694875""
  }, {
    ""k"": ""run_file_create_date"",
    ""v"": ""2018-10-29T06:32:00.000Z""
  }, {
    ""k"": ""diet_sam"",
    ""v"": ""Rockrose""
  }, {
    ""k"": ""source_name_sam"",
    ""v"": ""Whole body tissue""
  }, {
    ""k"": ""tissue_sam_ss_dpl145"",
    ""v"": ""Whole body""
  }, {
    ""k"": ""virus_sam"",
    ""v"": ""Infected with IAPV""
  }, {
    ""k"": ""primary_search"",
    ""v"": ""10338908""
  }, {
    ""k"": ""primary_search"",
    ""v"": ""498919""
  }, {
    ""k"": ""primary_search"",
    ""v"": ""GSE121885""
  }, {
    ""k"": ""primary_search"",
    ""v"": ""GSM3449467""
  }, {
    ""k"": ""primary_search"",
    ""v"": ""GSM3449467_r2""
  }, {
    ""k"": ""primary_search"",
    ""v"": ""PRJNA498919""
  }, {
    ""k"": ""primary_search"",
    ""v"": ""SAMN10338908""
  }, {
    ""k"": ""primary_search"",
    ""v"": ""SRP167074""
  }, {
    ""k"": ""primary_search"",
    ""v"": ""SRR8121120""
  }, {
    ""k"": ""primary_search"",
    ""v"": ""SRS3989690""
  }, {
    ""k"": ""primary_search"",
    ""v"": ""SRX4947395""
  }]
}",1,"{""geo_accession_exp"": [""GSM3449467""], ""bases"": 659950500, ""bytes"": 354694875, ""run_file_create_date"": ""2018-10-29T06:32:00.000Z"", ""diet_sam"": [""Rockrose""], ""source_name_sam"": [""Whole body tissue""], ""tissue_sam_ss_dpl145"": [""Whole body""], ""virus_sam"": ""Infected with IAPV"", ""primary_search"": ""10338908""}","srr8121120 rna-seq geo public srx4947395 gsm3449467 illumina hiseq 2500 single cdna transcriptomic illumina srs3989690 samn10338908 apis mellifera srp167074 2018-10-31 00:00:00.000000 utc prjna498919  []    [] [] [] [] [fastq,run.zq,sra] [gs,ncbi,s3] [gs.us-east1,ncbi.public,s3.us-east-1] {
  ""attributes"": [{
    ""k"": ""geo_accession_exp"",
    ""v"": ""gsm3449467""
  }, {
    ""k"": ""bases"",
    ""v"": ""659950500""
  }, {
    ""k"": ""bytes"",
    ""v"": ""354694875""
  }, {
    ""k"": ""run_file_create_date"",
    ""v"": ""2018-10-29t06:32:00.000z""
  }, {
    ""k"": ""diet_sam"",
    ""v"": ""rockrose""
  }, {
    ""k"": ""source_name_sam"",
    ""v"": ""whole body tissue""
  }, {
    ""k"": ""tissue_sam_ss_dpl145"",
    ""v"": ""whole body""
  }, {
    ""k"": ""virus_sam"",
    ""v"": ""infected with iapv""
  }, {
    ""k"": ""primary_search"",
    ""v"": ""10338908""
  }, {
    ""k"": ""primary_search"",
    ""v"": ""498919""
  }, {
    ""k"": ""primary_search"",
    ""v"": ""gse121885""
  }, {
    ""k"": ""primary_search"",
    ""v"": ""gsm3449467""
  }, {
    ""k"": ""primary_search"",
    ""v"": ""gsm3449467_r2""
  }, {
    ""k"": ""primary_search"",
    ""v"": ""prjna498919""
  }, {
    ""k"": ""primary_search"",
    ""v"": ""samn10338908""
  }, {
    ""k"": ""primary_search"",
    ""v"": ""srp167074""
  }, {
    ""k"": ""primary_search"",
    ""v"": ""srr8121120""
  }, {
    ""k"": ""primary_search"",
    ""v"": ""srs3989690""
  }, {
    ""k"": ""primary_search"",
    ""v"": ""srx4947395""
  }]
} {""geo_accession_exp"": [""gsm3449467""], ""bases"": 659950500, ""bytes"": 354694875, ""run_file_create_date"": ""2018-10-29t06:32:00.000z"", ""diet_sam"": [""rockrose""], ""source_name_sam"": [""whole body tissue""], ""tissue_sam_ss_dpl145"": [""whole body""], ""virus_sam"": ""infected with iapv"", ""primary_search"": ""10338908""}",,1
SRR8121088,RNA-Seq,GEO,public,SRX4947379,GSM3449451,Illumina HiSeq 2500,SINGLE,cDNA,TRANSCRIPTOMIC,ILLUMINA,SRS3989673,SAMN10338924,Apis mellifera,SRP167074,2018-10-31 00:00:00.000000 UTC,PRJNA498919,263,NA,100,507,NA,,[],,,,[],[],[],[],"[fastq,run.zq,sra]","[gs,ncbi,s3]","[gs.us-east1,ncbi.public,s3.us-east-1]","{
  ""attributes"": [{
    ""k"": ""geo_accession_exp"",
    ""v"": ""GSM3449451""
  }, {
    ""k"": ""bases"",
    ""v"": ""507927200""
  }, {
    ""k"": ""bytes"",
    ""v"": ""276258408""
  }, {
    ""k"": ""run_file_create_date"",
    ""v"": ""2018-10-29T06:32:00.000Z""
  }, {
    ""k"": ""diet_sam"",
    ""v"": ""Chestnut""
  }, {
    ""k"": ""source_name_sam"",
    ""v"": ""Whole body tissue""
  }, {
    ""k"": ""tissue_sam_ss_dpl145"",
    ""v"": ""Whole body""
  }, {
    ""k"": ""virus_sam"",
    ""v"": ""Not infected with IAPV""
  }, {
    ""k"": ""primary_search"",
    ""v"": ""10338924""
  }, {
    ""k"": ""primary_search"",
    ""v"": ""498919""
  }, {
    ""k"": ""primary_search"",
    ""v"": ""GSE121885""
  }, {
    ""k"": ""primary_search"",
    ""v"": ""GSM3449451""
  }, {
    ""k"": ""primary_search"",
    ""v"": ""GSM3449451_r2""
  }, {
    ""k"": ""primary_search"",
    ""v"": ""PRJNA498919""
  }, {
    ""k"": ""primary_search"",
    ""v"": ""SAMN10338924""
  }, {
    ""k"": ""primary_search"",
    ""v"": ""SRP167074""
  }, {
    ""k"": ""primary_search"",
    ""v"": ""SRR8121088""
  }, {
    ""k"": ""primary_search"",
    ""v"": ""SRS3989673""
  }, {
    ""k"": ""primary_search"",
    ""v"": ""SRX4947379""
  }]
}",1,"{""geo_accession_exp"": [""GSM3449451""], ""bases"": 507927200, ""bytes"": 276258408, ""run_file_create_date"": ""2018-10-29T06:32:00.000Z"", ""diet_sam"": [""Chestnut""], ""source_name_sam"": [""Whole body tissue""], ""tissue_sam_ss_dpl145"": [""Whole body""], ""virus_sam"": ""Not infected with IAPV"", ""primary_search"": ""10338924""}","srr8121088 rna-seq geo public srx4947379 gsm3449451 illumina hiseq 2500 single cdna transcriptomic illumina srs3989673 samn10338924 apis mellifera srp167074 2018-10-31 00:00:00.000000 utc prjna498919  []    [] [] [] [] [fastq,run.zq,sra] [gs,ncbi,s3] [gs.us-east1,ncbi.public,s3.us-east-1] {
  ""attributes"": [{
    ""k"": ""geo_accession_exp"",
    ""v"": ""gsm3449451""
  }, {
    ""k"": ""bases"",
    ""v"": ""507927200""
  }, {
    ""k"": ""bytes"",
    ""v"": ""276258408""
  }, {
    ""k"": ""run_file_create_date"",
    ""v"": ""2018-10-29t06:32:00.000z""
  }, {
    ""k"": ""diet_sam"",
    ""v"": ""chestnut""
  }, {
    ""k"": ""source_name_sam"",
    ""v"": ""whole body tissue""
  }, {
    ""k"": ""tissue_sam_ss_dpl145"",
    ""v"": ""whole body""
  }, {
    ""k"": ""virus_sam"",
    ""v"": ""not infected with iapv""
  }, {
    ""k"": ""primary_search"",
    ""v"": ""10338924""
  }, {
    ""k"": ""primary_search"",
    ""v"": ""498919""
  }, {
    ""k"": ""primary_search"",
    ""v"": ""gse121885""
  }, {
    ""k"": ""primary_search"",
    ""v"": ""gsm3449451""
  }, {
    ""k"": ""primary_search"",
    ""v"": ""gsm3449451_r2""
  }, {
    ""k"": ""primary_search"",
    ""v"": ""prjna498919""
  }, {
    ""k"": ""primary_search"",
    ""v"": ""samn10338924""
  }, {
    ""k"": ""primary_search"",
    ""v"": ""srp167074""
  }, {
    ""k"": ""primary_search"",
    ""v"": ""srr8121088""
  }, {
    ""k"": ""primary_search"",
    ""v"": ""srs3989673""
  }, {
    ""k"": ""primary_search"",
    ""v"": ""srx4947379""
  }]
} {""geo_accession_exp"": [""gsm3449451""], ""bases"": 507927200, ""bytes"": 276258408, ""run_file_create_date"": ""2018-10-29t06:32:00.000z"", ""diet_sam"": [""chestnut""], ""source_name_sam"": [""whole body tissue""], ""tissue_sam_ss_dpl145"": [""whole body""], ""virus_sam"": ""not infected with iapv"", ""primary_search"": ""10338924""}",,1
SRR8121113,RNA-Seq,GEO,public,SRX4947392,GSM3449464,Illumina HiSeq 2500,SINGLE,cDNA,TRANSCRIPTOMIC,ILLUMINA,SRS3989687,SAMN10338911,Apis mellifera,SRP167074,2018-10-31 00:00:00.000000 UTC,PRJNA498919,369,NA,100,714,NA,,[],,,,[],[],[],[],"[fastq,run.zq,sra]","[gs,ncbi,s3]","[gs.us-east1,ncbi.public,s3.us-east-1]","{
  ""attributes"": [{
    ""k"": ""geo_accession_exp"",
    ""v"": ""GSM3449464""
  }, {
    ""k"": ""bases"",
    ""v"": ""714580700""
  }, {
    ""k"": ""bytes"",
    ""v"": ""387625003""
  }, {
    ""k"": ""run_file_create_date"",
    ""v"": ""2018-10-29T06:32:00.000Z""
  }, {
    ""k"": ""diet_sam"",
    ""v"": ""Rockrose""
  }, {
    ""k"": ""source_name_sam"",
    ""v"": ""Whole body tissue""
  }, {
    ""k"": ""tissue_sam_ss_dpl145"",
    ""v"": ""Whole body""
  }, {
    ""k"": ""virus_sam"",
    ""v"": ""Infected with IAPV""
  }, {
    ""k"": ""primary_search"",
    ""v"": ""10338911""
  }, {
    ""k"": ""primary_search"",
    ""v"": ""498919""
  }, {
    ""k"": ""primary_search"",
    ""v"": ""GSE121885""
  }, {
    ""k"": ""primary_search"",
    ""v"": ""GSM3449464""
  }, {
    ""k"": ""primary_search"",
    ""v"": ""GSM3449464_r1""
  }, {
    ""k"": ""primary_search"",
    ""v"": ""PRJNA498919""
  }, {
    ""k"": ""primary_search"",
    ""v"": ""SAMN10338911""
  }, {
    ""k"": ""primary_search"",
    ""v"": ""SRP167074""
  }, {
    ""k"": ""primary_search"",
    ""v"": ""SRR8121113""
  }, {
    ""k"": ""primary_search"",
    ""v"": ""SRS3989687""
  }, {
    ""k"": ""primary_search"",
    ""v"": ""SRX4947392""
  }]
}",1,"{""geo_accession_exp"": [""GSM3449464""], ""bases"": 714580700, ""bytes"": 387625003, ""run_file_create_date"": ""2018-10-29T06:32:00.000Z"", ""diet_sam"": [""Rockrose""], ""source_name_sam"": [""Whole body tissue""], ""tissue_sam_ss_dpl145"": [""Whole body""], ""virus_sam"": ""Infected with IAPV"", ""primary_search"": ""10338911""}","srr8121113 rna-seq geo public srx4947392 gsm3449464 illumina hiseq 2500 single cdna transcriptomic illumina srs3989687 samn10338911 apis mellifera srp167074 2018-10-31 00:00:00.000000 utc prjna498919  []    [] [] [] [] [fastq,run.zq,sra] [gs,ncbi,s3] [gs.us-east1,ncbi.public,s3.us-east-1] {
  ""attributes"": [{
    ""k"": ""geo_accession_exp"",
    ""v"": ""gsm3449464""
  }, {
    ""k"": ""bases"",
    ""v"": ""714580700""
  }, {
    ""k"": ""bytes"",
    ""v"": ""387625003""
  }, {
    ""k"": ""run_file_create_date"",
    ""v"": ""2018-10-29t06:32:00.000z""
  }, {
    ""k"": ""diet_sam"",
    ""v"": ""rockrose""
  }, {
    ""k"": ""source_name_sam"",
    ""v"": ""whole body tissue""
  }, {
    ""k"": ""tissue_sam_ss_dpl145"",
    ""v"": ""whole body""
  }, {
    ""k"": ""virus_sam"",
    ""v"": ""infected with iapv""
  }, {
    ""k"": ""primary_search"",
    ""v"": ""10338911""
  }, {
    ""k"": ""primary_search"",
    ""v"": ""498919""
  }, {
    ""k"": ""primary_search"",
    ""v"": ""gse121885""
  }, {
    ""k"": ""primary_search"",
    ""v"": ""gsm3449464""
  }, {
    ""k"": ""primary_search"",
    ""v"": ""gsm3449464_r1""
  }, {
    ""k"": ""primary_search"",
    ""v"": ""prjna498919""
  }, {
    ""k"": ""primary_search"",
    ""v"": ""samn10338911""
  }, {
    ""k"": ""primary_search"",
    ""v"": ""srp167074""
  }, {
    ""k"": ""primary_search"",
    ""v"": ""srr8121113""
  }, {
    ""k"": ""primary_search"",
    ""v"": ""srs3989687""
  }, {
    ""k"": ""primary_search"",
    ""v"": ""srx4947392""
  }]
} {""geo_accession_exp"": [""gsm3449464""], ""bases"": 714580700, ""bytes"": 387625003, ""run_file_create_date"": ""2018-10-29t06:32:00.000z"", ""diet_sam"": [""rockrose""], ""source_name_sam"": [""whole body tissue""], ""tissue_sam_ss_dpl145"": [""whole body""], ""virus_sam"": ""infected with iapv"", ""primary_search"": ""10338911""}",,1
SRR8121119,RNA-Seq,GEO,public,SRX4947395,GSM3449467,Illumina HiSeq 2500,SINGLE,cDNA,TRANSCRIPTOMIC,ILLUMINA,SRS3989690,SAMN10338908,Apis mellifera,SRP167074,2018-10-31 00:00:00.000000 UTC,PRJNA498919,336,NA,100,659,NA,,[],,,,[],[],[],[],"[fastq,run.zq,sra]","[gs,ncbi,s3]","[gs.us-east1,ncbi.public,s3.us-east-1]","{
  ""attributes"": [{
    ""k"": ""geo_accession_exp"",
    ""v"": ""GSM3449467""
  }, {
    ""k"": ""bases"",
    ""v"": ""659995100""
  }, {
    ""k"": ""bytes"",
    ""v"": ""352834384""
  }, {
    ""k"": ""run_file_create_date"",
    ""v"": ""2018-10-29T06:32:00.000Z""
  }, {
    ""k"": ""diet_sam"",
    ""v"": ""Rockrose""
  }, {
    ""k"": ""source_name_sam"",
    ""v"": ""Whole body tissue""
  }, {
    ""k"": ""tissue_sam_ss_dpl145"",
    ""v"": ""Whole body""
  }, {
    ""k"": ""virus_sam"",
    ""v"": ""Infected with IAPV""
  }, {
    ""k"": ""primary_search"",
    ""v"": ""10338908""
  }, {
    ""k"": ""primary_search"",
    ""v"": ""498919""
  }, {
    ""k"": ""primary_search"",
    ""v"": ""GSE121885""
  }, {
    ""k"": ""primary_search"",
    ""v"": ""GSM3449467""
  }, {
    ""k"": ""primary_search"",
    ""v"": ""GSM3449467_r1""
  }, {
    ""k"": ""primary_search"",
    ""v"": ""PRJNA498919""
  }, {
    ""k"": ""primary_search"",
    ""v"": ""SAMN10338908""
  }, {
    ""k"": ""primary_search"",
    ""v"": ""SRP167074""
  }, {
    ""k"": ""primary_search"",
    ""v"": ""SRR8121119""
  }, {
    ""k"": ""primary_search"",
    ""v"": ""SRS3989690""
  }, {
    ""k"": ""primary_search"",
    ""v"": ""SRX4947395""
  }]
}",1,"{""geo_accession_exp"": [""GSM3449467""], ""bases"": 659995100, ""bytes"": 352834384, ""run_file_create_date"": ""2018-10-29T06:32:00.000Z"", ""diet_sam"": [""Rockrose""], ""source_name_sam"": [""Whole body tissue""], ""tissue_sam_ss_dpl145"": [""Whole body""], ""virus_sam"": ""Infected with IAPV"", ""primary_search"": ""10338908""}","srr8121119 rna-seq geo public srx4947395 gsm3449467 illumina hiseq 2500 single cdna transcriptomic illumina srs3989690 samn10338908 apis mellifera srp167074 2018-10-31 00:00:00.000000 utc prjna498919  []    [] [] [] [] [fastq,run.zq,sra] [gs,ncbi,s3] [gs.us-east1,ncbi.public,s3.us-east-1] {
  ""attributes"": [{
    ""k"": ""geo_accession_exp"",
    ""v"": ""gsm3449467""
  }, {
    ""k"": ""bases"",
    ""v"": ""659995100""
  }, {
    ""k"": ""bytes"",
    ""v"": ""352834384""
  }, {
    ""k"": ""run_file_create_date"",
    ""v"": ""2018-10-29t06:32:00.000z""
  }, {
    ""k"": ""diet_sam"",
    ""v"": ""rockrose""
  }, {
    ""k"": ""source_name_sam"",
    ""v"": ""whole body tissue""
  }, {
    ""k"": ""tissue_sam_ss_dpl145"",
    ""v"": ""whole body""
  }, {
    ""k"": ""virus_sam"",
    ""v"": ""infected with iapv""
  }, {
    ""k"": ""primary_search"",
    ""v"": ""10338908""
  }, {
    ""k"": ""primary_search"",
    ""v"": ""498919""
  }, {
    ""k"": ""primary_search"",
    ""v"": ""gse121885""
  }, {
    ""k"": ""primary_search"",
    ""v"": ""gsm3449467""
  }, {
    ""k"": ""primary_search"",
    ""v"": ""gsm3449467_r1""
  }, {
    ""k"": ""primary_search"",
    ""v"": ""prjna498919""
  }, {
    ""k"": ""primary_search"",
    ""v"": ""samn10338908""
  }, {
    ""k"": ""primary_search"",
    ""v"": ""srp167074""
  }, {
    ""k"": ""primary_search"",
    ""v"": ""srr8121119""
  }, {
    ""k"": ""primary_search"",
    ""v"": ""srs3989690""
  }, {
    ""k"": ""primary_search"",
    ""v"": ""srx4947395""
  }]
} {""geo_accession_exp"": [""gsm3449467""], ""bases"": 659995100, ""bytes"": 352834384, ""run_file_create_date"": ""2018-10-29t06:32:00.000z"", ""diet_sam"": [""rockrose""], ""source_name_sam"": [""whole body tissue""], ""tissue_sam_ss_dpl145"": [""whole body""], ""virus_sam"": ""infected with iapv"", ""primary_search"": ""10338908""}",,1
SRR8121121,RNA-Seq,GEO,public,SRX4947396,GSM3449468,Illumina HiSeq 2500,SINGLE,cDNA,TRANSCRIPTOMIC,ILLUMINA,SRS3989691,SAMN10338907,Apis mellifera,SRP167074,2018-10-31 00:00:00.000000 UTC,PRJNA498919,375,NA,100,739,NA,,[],,,,[],[],[],[],"[fastq,run.zq,sra]","[gs,ncbi,s3]","[gs.us-east1,ncbi.public,s3.us-east-1]","{
  ""attributes"": [{
    ""k"": ""geo_accession_exp"",
    ""v"": ""GSM3449468""
  }, {
    ""k"": ""bases"",
    ""v"": ""739623200""
  }, {
    ""k"": ""bytes"",
    ""v"": ""393417995""
  }, {
    ""k"": ""run_file_create_date"",
    ""v"": ""2018-10-29T06:32:00.000Z""
  }, {
    ""k"": ""diet_sam"",
    ""v"": ""Rockrose""
  }, {
    ""k"": ""source_name_sam"",
    ""v"": ""Whole body tissue""
  }, {
    ""k"": ""tissue_sam_ss_dpl145"",
    ""v"": ""Whole body""
  }, {
    ""k"": ""virus_sam"",
    ""v"": ""Infected with IAPV""
  }, {
    ""k"": ""primary_search"",
    ""v"": ""10338907""
  }, {
    ""k"": ""primary_search"",
    ""v"": ""498919""
  }, {
    ""k"": ""primary_search"",
    ""v"": ""GSE121885""
  }, {
    ""k"": ""primary_search"",
    ""v"": ""GSM3449468""
  }, {
    ""k"": ""primary_search"",
    ""v"": ""GSM3449468_r1""
  }, {
    ""k"": ""primary_search"",
    ""v"": ""PRJNA498919""
  }, {
    ""k"": ""primary_search"",
    ""v"": ""SAMN10338907""
  }, {
    ""k"": ""primary_search"",
    ""v"": ""SRP167074""
  }, {
    ""k"": ""primary_search"",
    ""v"": ""SRR8121121""
  }, {
    ""k"": ""primary_search"",
    ""v"": ""SRS3989691""
  }, {
    ""k"": ""primary_search"",
    ""v"": ""SRX4947396""
  }]
}",1,"{""geo_accession_exp"": [""GSM3449468""], ""bases"": 739623200, ""bytes"": 393417995, ""run_file_create_date"": ""2018-10-29T06:32:00.000Z"", ""diet_sam"": [""Rockrose""], ""source_name_sam"": [""Whole body tissue""], ""tissue_sam_ss_dpl145"": [""Whole body""], ""virus_sam"": ""Infected with IAPV"", ""primary_search"": ""10338907""}","srr8121121 rna-seq geo public srx4947396 gsm3449468 illumina hiseq 2500 single cdna transcriptomic illumina srs3989691 samn10338907 apis mellifera srp167074 2018-10-31 00:00:00.000000 utc prjna498919  []    [] [] [] [] [fastq,run.zq,sra] [gs,ncbi,s3] [gs.us-east1,ncbi.public,s3.us-east-1] {
  ""attributes"": [{
    ""k"": ""geo_accession_exp"",
    ""v"": ""gsm3449468""
  }, {
    ""k"": ""bases"",
    ""v"": ""739623200""
  }, {
    ""k"": ""bytes"",
    ""v"": ""393417995""
  }, {
    ""k"": ""run_file_create_date"",
    ""v"": ""2018-10-29t06:32:00.000z""
  }, {
    ""k"": ""diet_sam"",
    ""v"": ""rockrose""
  }, {
    ""k"": ""source_name_sam"",
    ""v"": ""whole body tissue""
  }, {
    ""k"": ""tissue_sam_ss_dpl145"",
    ""v"": ""whole body""
  }, {
    ""k"": ""virus_sam"",
    ""v"": ""infected with iapv""
  }, {
    ""k"": ""primary_search"",
    ""v"": ""10338907""
  }, {
    ""k"": ""primary_search"",
    ""v"": ""498919""
  }, {
    ""k"": ""primary_search"",
    ""v"": ""gse121885""
  }, {
    ""k"": ""primary_search"",
    ""v"": ""gsm3449468""
  }, {
    ""k"": ""primary_search"",
    ""v"": ""gsm3449468_r1""
  }, {
    ""k"": ""primary_search"",
    ""v"": ""prjna498919""
  }, {
    ""k"": ""primary_search"",
    ""v"": ""samn10338907""
  }, {
    ""k"": ""primary_search"",
    ""v"": ""srp167074""
  }, {
    ""k"": ""primary_search"",
    ""v"": ""srr8121121""
  }, {
    ""k"": ""primary_search"",
    ""v"": ""srs3989691""
  }, {
    ""k"": ""primary_search"",
    ""v"": ""srx4947396""
  }]
} {""geo_accession_exp"": [""gsm3449468""], ""bases"": 739623200, ""bytes"": 393417995, ""run_file_create_date"": ""2018-10-29t06:32:00.000z"", ""diet_sam"": [""rockrose""], ""source_name_sam"": [""whole body tissue""], ""tissue_sam_ss_dpl145"": [""whole body""], ""virus_sam"": ""infected with iapv"", ""primary_search"": ""10338907""}",,1
SRR8121083,RNA-Seq,GEO,public,SRX4947377,GSM3449449,Illumina HiSeq 2500,SINGLE,cDNA,TRANSCRIPTOMIC,ILLUMINA,SRS3989671,SAMN10338926,Apis mellifera,SRP167074,2018-10-31 00:00:00.000000 UTC,PRJNA498919,343,NA,100,662,NA,,[],,,,[],[],[],[],"[fastq,run.zq,sra]","[gs,ncbi,s3]","[gs.us-east1,ncbi.public,s3.us-east-1]","{
  ""attributes"": [{
    ""k"": ""geo_accession_exp"",
    ""v"": ""GSM3449449""
  }, {
    ""k"": ""bases"",
    ""v"": ""662327800""
  }, {
    ""k"": ""bytes"",
    ""v"": ""360059409""
  }, {
    ""k"": ""run_file_create_date"",
    ""v"": ""2018-10-29T06:31:00.000Z""
  }, {
    ""k"": ""diet_sam"",
    ""v"": ""Chestnut""
  }, {
    ""k"": ""source_name_sam"",
    ""v"": ""Whole body tissue""
  }, {
    ""k"": ""tissue_sam_ss_dpl145"",
    ""v"": ""Whole body""
  }, {
    ""k"": ""virus_sam"",
    ""v"": ""Not infected with IAPV""
  }, {
    ""k"": ""primary_search"",
    ""v"": ""10338926""
  }, {
    ""k"": ""primary_search"",
    ""v"": ""498919""
  }, {
    ""k"": ""primary_search"",
    ""v"": ""GSE121885""
  }, {
    ""k"": ""primary_search"",
    ""v"": ""GSM3449449""
  }, {
    ""k"": ""primary_search"",
    ""v"": ""GSM3449449_r1""
  }, {
    ""k"": ""primary_search"",
    ""v"": ""PRJNA498919""
  }, {
    ""k"": ""primary_search"",
    ""v"": ""SAMN10338926""
  }, {
    ""k"": ""primary_search"",
    ""v"": ""SRP167074""
  }, {
    ""k"": ""primary_search"",
    ""v"": ""SRR8121083""
  }, {
    ""k"": ""primary_search"",
    ""v"": ""SRS3989671""
  }, {
    ""k"": ""primary_search"",
    ""v"": ""SRX4947377""
  }]
}",1,"{""geo_accession_exp"": [""GSM3449449""], ""bases"": 662327800, ""bytes"": 360059409, ""run_file_create_date"": ""2018-10-29T06:31:00.000Z"", ""diet_sam"": [""Chestnut""], ""source_name_sam"": [""Whole body tissue""], ""tissue_sam_ss_dpl145"": [""Whole body""], ""virus_sam"": ""Not infected with IAPV"", ""primary_search"": ""10338926""}","srr8121083 rna-seq geo public srx4947377 gsm3449449 illumina hiseq 2500 single cdna transcriptomic illumina srs3989671 samn10338926 apis mellifera srp167074 2018-10-31 00:00:00.000000 utc prjna498919  []    [] [] [] [] [fastq,run.zq,sra] [gs,ncbi,s3] [gs.us-east1,ncbi.public,s3.us-east-1] {
  ""attributes"": [{
    ""k"": ""geo_accession_exp"",
    ""v"": ""gsm3449449""
  }, {
    ""k"": ""bases"",
    ""v"": ""662327800""
  }, {
    ""k"": ""bytes"",
    ""v"": ""360059409""
  }, {
    ""k"": ""run_file_create_date"",
    ""v"": ""2018-10-29t06:31:00.000z""
  }, {
    ""k"": ""diet_sam"",
    ""v"": ""chestnut""
  }, {
    ""k"": ""source_name_sam"",
    ""v"": ""whole body tissue""
  }, {
    ""k"": ""tissue_sam_ss_dpl145"",
    ""v"": ""whole body""
  }, {
    ""k"": ""virus_sam"",
    ""v"": ""not infected with iapv""
  }, {
    ""k"": ""primary_search"",
    ""v"": ""10338926""
  }, {
    ""k"": ""primary_search"",
    ""v"": ""498919""
  }, {
    ""k"": ""primary_search"",
    ""v"": ""gse121885""
  }, {
    ""k"": ""primary_search"",
    ""v"": ""gsm3449449""
  }, {
    ""k"": ""primary_search"",
    ""v"": ""gsm3449449_r1""
  }, {
    ""k"": ""primary_search"",
    ""v"": ""prjna498919""
  }, {
    ""k"": ""primary_search"",
    ""v"": ""samn10338926""
  }, {
    ""k"": ""primary_search"",
    ""v"": ""srp167074""
  }, {
    ""k"": ""primary_search"",
    ""v"": ""srr8121083""
  }, {
    ""k"": ""primary_search"",
    ""v"": ""srs3989671""
  }, {
    ""k"": ""primary_search"",
    ""v"": ""srx4947377""
  }]
} {""geo_accession_exp"": [""gsm3449449""], ""bases"": 662327800, ""bytes"": 360059409, ""run_file_create_date"": ""2018-10-29t06:31:00.000z"", ""diet_sam"": [""chestnut""], ""source_name_sam"": [""whole body tissue""], ""tissue_sam_ss_dpl145"": [""whole body""], ""virus_sam"": ""not infected with iapv"", ""primary_search"": ""10338926""}",,1
SRR8121086,RNA-Seq,GEO,public,SRX4947378,GSM3449450,Illumina HiSeq 2500,SINGLE,cDNA,TRANSCRIPTOMIC,ILLUMINA,SRS3989672,SAMN10338925,Apis mellifera,SRP167074,2018-10-31 00:00:00.000000 UTC,PRJNA498919,291,NA,100,570,NA,,[],,,,[],[],[],[],"[fastq,run.zq,sra]","[gs,ncbi,s3]","[gs.us-east1,ncbi.public,s3.us-east-1]","{
  ""attributes"": [{
    ""k"": ""geo_accession_exp"",
    ""v"": ""GSM3449450""
  }, {
    ""k"": ""bases"",
    ""v"": ""570145000""
  }, {
    ""k"": ""bytes"",
    ""v"": ""305604882""
  }, {
    ""k"": ""run_file_create_date"",
    ""v"": ""2018-10-29T06:32:00.000Z""
  }, {
    ""k"": ""diet_sam"",
    ""v"": ""Chestnut""
  }, {
    ""k"": ""source_name_sam"",
    ""v"": ""Whole body tissue""
  }, {
    ""k"": ""tissue_sam_ss_dpl145"",
    ""v"": ""Whole body""
  }, {
    ""k"": ""virus_sam"",
    ""v"": ""Not infected with IAPV""
  }, {
    ""k"": ""primary_search"",
    ""v"": ""10338925""
  }, {
    ""k"": ""primary_search"",
    ""v"": ""498919""
  }, {
    ""k"": ""primary_search"",
    ""v"": ""GSE121885""
  }, {
    ""k"": ""primary_search"",
    ""v"": ""GSM3449450""
  }, {
    ""k"": ""primary_search"",
    ""v"": ""GSM3449450_r2""
  }, {
    ""k"": ""primary_search"",
    ""v"": ""PRJNA498919""
  }, {
    ""k"": ""primary_search"",
    ""v"": ""SAMN10338925""
  }, {
    ""k"": ""primary_search"",
    ""v"": ""SRP167074""
  }, {
    ""k"": ""primary_search"",
    ""v"": ""SRR8121086""
  }, {
    ""k"": ""primary_search"",
    ""v"": ""SRS3989672""
  }, {
    ""k"": ""primary_search"",
    ""v"": ""SRX4947378""
  }]
}",1,"{""geo_accession_exp"": [""GSM3449450""], ""bases"": 570145000, ""bytes"": 305604882, ""run_file_create_date"": ""2018-10-29T06:32:00.000Z"", ""diet_sam"": [""Chestnut""], ""source_name_sam"": [""Whole body tissue""], ""tissue_sam_ss_dpl145"": [""Whole body""], ""virus_sam"": ""Not infected with IAPV"", ""primary_search"": ""10338925""}","srr8121086 rna-seq geo public srx4947378 gsm3449450 illumina hiseq 2500 single cdna transcriptomic illumina srs3989672 samn10338925 apis mellifera srp167074 2018-10-31 00:00:00.000000 utc prjna498919  []    [] [] [] [] [fastq,run.zq,sra] [gs,ncbi,s3] [gs.us-east1,ncbi.public,s3.us-east-1] {
  ""attributes"": [{
    ""k"": ""geo_accession_exp"",
    ""v"": ""gsm3449450""
  }, {
    ""k"": ""bases"",
    ""v"": ""570145000""
  }, {
    ""k"": ""bytes"",
    ""v"": ""305604882""
  }, {
    ""k"": ""run_file_create_date"",
    ""v"": ""2018-10-29t06:32:00.000z""
  }, {
    ""k"": ""diet_sam"",
    ""v"": ""chestnut""
  }, {
    ""k"": ""source_name_sam"",
    ""v"": ""whole body tissue""
  }, {
    ""k"": ""tissue_sam_ss_dpl145"",
    ""v"": ""whole body""
  }, {
    ""k"": ""virus_sam"",
    ""v"": ""not infected with iapv""
  }, {
    ""k"": ""primary_search"",
    ""v"": ""10338925""
  }, {
    ""k"": ""primary_search"",
    ""v"": ""498919""
  }, {
    ""k"": ""primary_search"",
    ""v"": ""gse121885""
  }, {
    ""k"": ""primary_search"",
    ""v"": ""gsm3449450""
  }, {
    ""k"": ""primary_search"",
    ""v"": ""gsm3449450_r2""
  }, {
    ""k"": ""primary_search"",
    ""v"": ""prjna498919""
  }, {
    ""k"": ""primary_search"",
    ""v"": ""samn10338925""
  }, {
    ""k"": ""primary_search"",
    ""v"": ""srp167074""
  }, {
    ""k"": ""primary_search"",
    ""v"": ""srr8121086""
  }, {
    ""k"": ""primary_search"",
    ""v"": ""srs3989672""
  }, {
    ""k"": ""primary_search"",
    ""v"": ""srx4947378""
  }]
} {""geo_accession_exp"": [""gsm3449450""], ""bases"": 570145000, ""bytes"": 305604882, ""run_file_create_date"": ""2018-10-29t06:32:00.000z"", ""diet_sam"": [""chestnut""], ""source_name_sam"": [""whole body tissue""], ""tissue_sam_ss_dpl145"": [""whole body""], ""virus_sam"": ""not infected with iapv"", ""primary_search"": ""10338925""}",,1
SRR8121097,RNA-Seq,GEO,public,SRX4947384,GSM3449456,Illumina HiSeq 2500,SINGLE,cDNA,TRANSCRIPTOMIC,ILLUMINA,SRS3989678,SAMN10338919,Apis mellifera,SRP167074,2018-10-31 00:00:00.000000 UTC,PRJNA498919,400,NA,100,785,NA,,[],,,,[],[],[],[],"[fastq,run.zq,sra]","[gs,ncbi,s3]","[gs.us-east1,ncbi.public,s3.us-east-1]","{
  ""attributes"": [{
    ""k"": ""geo_accession_exp"",
    ""v"": ""GSM3449456""
  }, {
    ""k"": ""bases"",
    ""v"": ""785899000""
  }, {
    ""k"": ""bytes"",
    ""v"": ""420069811""
  }, {
    ""k"": ""run_file_create_date"",
    ""v"": ""2018-10-29T06:32:00.000Z""
  }, {
    ""k"": ""diet_sam"",
    ""v"": ""Rockrose""
  }, {
    ""k"": ""source_name_sam"",
    ""v"": ""Whole body tissue""
  }, {
    ""k"": ""tissue_sam_ss_dpl145"",
    ""v"": ""Whole body""
  }, {
    ""k"": ""virus_sam"",
    ""v"": ""Not infected with IAPV""
  }, {
    ""k"": ""primary_search"",
    ""v"": ""10338919""
  }, {
    ""k"": ""primary_search"",
    ""v"": ""498919""
  }, {
    ""k"": ""primary_search"",
    ""v"": ""GSE121885""
  }, {
    ""k"": ""primary_search"",
    ""v"": ""GSM3449456""
  }, {
    ""k"": ""primary_search"",
    ""v"": ""GSM3449456_r1""
  }, {
    ""k"": ""primary_search"",
    ""v"": ""PRJNA498919""
  }, {
    ""k"": ""primary_search"",
    ""v"": ""SAMN10338919""
  }, {
    ""k"": ""primary_search"",
    ""v"": ""SRP167074""
  }, {
    ""k"": ""primary_search"",
    ""v"": ""SRR8121097""
  }, {
    ""k"": ""primary_search"",
    ""v"": ""SRS3989678""
  }, {
    ""k"": ""primary_search"",
    ""v"": ""SRX4947384""
  }]
}",1,"{""geo_accession_exp"": [""GSM3449456""], ""bases"": 785899000, ""bytes"": 420069811, ""run_file_create_date"": ""2018-10-29T06:32:00.000Z"", ""diet_sam"": [""Rockrose""], ""source_name_sam"": [""Whole body tissue""], ""tissue_sam_ss_dpl145"": [""Whole body""], ""virus_sam"": ""Not infected with IAPV"", ""primary_search"": ""10338919""}","srr8121097 rna-seq geo public srx4947384 gsm3449456 illumina hiseq 2500 single cdna transcriptomic illumina srs3989678 samn10338919 apis mellifera srp167074 2018-10-31 00:00:00.000000 utc prjna498919  []    [] [] [] [] [fastq,run.zq,sra] [gs,ncbi,s3] [gs.us-east1,ncbi.public,s3.us-east-1] {
  ""attributes"": [{
    ""k"": ""geo_accession_exp"",
    ""v"": ""gsm3449456""
  }, {
    ""k"": ""bases"",
    ""v"": ""785899000""
  }, {
    ""k"": ""bytes"",
    ""v"": ""420069811""
  }, {
    ""k"": ""run_file_create_date"",
    ""v"": ""2018-10-29t06:32:00.000z""
  }, {
    ""k"": ""diet_sam"",
    ""v"": ""rockrose""
  }, {
    ""k"": ""source_name_sam"",
    ""v"": ""whole body tissue""
  }, {
    ""k"": ""tissue_sam_ss_dpl145"",
    ""v"": ""whole body""
  }, {
    ""k"": ""virus_sam"",
    ""v"": ""not infected with iapv""
  }, {
    ""k"": ""primary_search"",
    ""v"": ""10338919""
  }, {
    ""k"": ""primary_search"",
    ""v"": ""498919""
  }, {
    ""k"": ""primary_search"",
    ""v"": ""gse121885""
  }, {
    ""k"": ""primary_search"",
    ""v"": ""gsm3449456""
  }, {
    ""k"": ""primary_search"",
    ""v"": ""gsm3449456_r1""
  }, {
    ""k"": ""primary_search"",
    ""v"": ""prjna498919""
  }, {
    ""k"": ""primary_search"",
    ""v"": ""samn10338919""
  }, {
    ""k"": ""primary_search"",
    ""v"": ""srp167074""
  }, {
    ""k"": ""primary_search"",
    ""v"": ""srr8121097""
  }, {
    ""k"": ""primary_search"",
    ""v"": ""srs3989678""
  }, {
    ""k"": ""primary_search"",
    ""v"": ""srx4947384""
  }]
} {""geo_accession_exp"": [""gsm3449456""], ""bases"": 785899000, ""bytes"": 420069811, ""run_file_create_date"": ""2018-10-29t06:32:00.000z"", ""diet_sam"": [""rockrose""], ""source_name_sam"": [""whole body tissue""], ""tissue_sam_ss_dpl145"": [""whole body""], ""virus_sam"": ""not infected with iapv"", ""primary_search"": ""10338919""}",,1
SRR8121077,RNA-Seq,GEO,public,SRX4947374,GSM3449446,Illumina HiSeq 2500,SINGLE,cDNA,TRANSCRIPTOMIC,ILLUMINA,SRS3989668,SAMN10338905,Apis mellifera,SRP167074,2018-10-31 00:00:00.000000 UTC,PRJNA498919,402,NA,100,782,NA,,[],,,,[],[],[],[],"[fastq,run.zq,sra]","[gs,ncbi,s3]","[gs.us-east1,ncbi.public,s3.us-east-1]","{
  ""attributes"": [{
    ""k"": ""geo_accession_exp"",
    ""v"": ""GSM3449446""
  }, {
    ""k"": ""bases"",
    ""v"": ""782909100""
  }, {
    ""k"": ""bytes"",
    ""v"": ""422543066""
  }, {
    ""k"": ""run_file_create_date"",
    ""v"": ""2018-10-29T06:32:00.000Z""
  }, {
    ""k"": ""diet_sam"",
    ""v"": ""Chestnut""
  }, {
    ""k"": ""source_name_sam"",
    ""v"": ""Whole body tissue""
  }, {
    ""k"": ""tissue_sam_ss_dpl145"",
    ""v"": ""Whole body""
  }, {
    ""k"": ""virus_sam"",
    ""v"": ""Not infected with IAPV""
  }, {
    ""k"": ""primary_search"",
    ""v"": ""10338905""
  }, {
    ""k"": ""primary_search"",
    ""v"": ""498919""
  }, {
    ""k"": ""primary_search"",
    ""v"": ""GSE121885""
  }, {
    ""k"": ""primary_search"",
    ""v"": ""GSM3449446""
  }, {
    ""k"": ""primary_search"",
    ""v"": ""GSM3449446_r1""
  }, {
    ""k"": ""primary_search"",
    ""v"": ""PRJNA498919""
  }, {
    ""k"": ""primary_search"",
    ""v"": ""SAMN10338905""
  }, {
    ""k"": ""primary_search"",
    ""v"": ""SRP167074""
  }, {
    ""k"": ""primary_search"",
    ""v"": ""SRR8121077""
  }, {
    ""k"": ""primary_search"",
    ""v"": ""SRS3989668""
  }, {
    ""k"": ""primary_search"",
    ""v"": ""SRX4947374""
  }]
}",1,"{""geo_accession_exp"": [""GSM3449446""], ""bases"": 782909100, ""bytes"": 422543066, ""run_file_create_date"": ""2018-10-29T06:32:00.000Z"", ""diet_sam"": [""Chestnut""], ""source_name_sam"": [""Whole body tissue""], ""tissue_sam_ss_dpl145"": [""Whole body""], ""virus_sam"": ""Not infected with IAPV"", ""primary_search"": ""10338905""}","srr8121077 rna-seq geo public srx4947374 gsm3449446 illumina hiseq 2500 single cdna transcriptomic illumina srs3989668 samn10338905 apis mellifera srp167074 2018-10-31 00:00:00.000000 utc prjna498919  []    [] [] [] [] [fastq,run.zq,sra] [gs,ncbi,s3] [gs.us-east1,ncbi.public,s3.us-east-1] {
  ""attributes"": [{
    ""k"": ""geo_accession_exp"",
    ""v"": ""gsm3449446""
  }, {
    ""k"": ""bases"",
    ""v"": ""782909100""
  }, {
    ""k"": ""bytes"",
    ""v"": ""422543066""
  }, {
    ""k"": ""run_file_create_date"",
    ""v"": ""2018-10-29t06:32:00.000z""
  }, {
    ""k"": ""diet_sam"",
    ""v"": ""chestnut""
  }, {
    ""k"": ""source_name_sam"",
    ""v"": ""whole body tissue""
  }, {
    ""k"": ""tissue_sam_ss_dpl145"",
    ""v"": ""whole body""
  }, {
    ""k"": ""virus_sam"",
    ""v"": ""not infected with iapv""
  }, {
    ""k"": ""primary_search"",
    ""v"": ""10338905""
  }, {
    ""k"": ""primary_search"",
    ""v"": ""498919""
  }, {
    ""k"": ""primary_search"",
    ""v"": ""gse121885""
  }, {
    ""k"": ""primary_search"",
    ""v"": ""gsm3449446""
  }, {
    ""k"": ""primary_search"",
    ""v"": ""gsm3449446_r1""
  }, {
    ""k"": ""primary_search"",
    ""v"": ""prjna498919""
  }, {
    ""k"": ""primary_search"",
    ""v"": ""samn10338905""
  }, {
    ""k"": ""primary_search"",
    ""v"": ""srp167074""
  }, {
    ""k"": ""primary_search"",
    ""v"": ""srr8121077""
  }, {
    ""k"": ""primary_search"",
    ""v"": ""srs3989668""
  }, {
    ""k"": ""primary_search"",
    ""v"": ""srx4947374""
  }]
} {""geo_accession_exp"": [""gsm3449446""], ""bases"": 782909100, ""bytes"": 422543066, ""run_file_create_date"": ""2018-10-29t06:32:00.000z"", ""diet_sam"": [""chestnut""], ""source_name_sam"": [""whole body tissue""], ""tissue_sam_ss_dpl145"": [""whole body""], ""virus_sam"": ""not infected with iapv"", ""primary_search"": ""10338905""}",,1
SRR8121092,RNA-Seq,GEO,public,SRX4947381,GSM3449453,Illumina HiSeq 2500,SINGLE,cDNA,TRANSCRIPTOMIC,ILLUMINA,SRS3989675,SAMN10338922,Apis mellifera,SRP167074,2018-10-31 00:00:00.000000 UTC,PRJNA498919,279,NA,100,551,NA,,[],,,,[],[],[],[],"[fastq,run.zq,sra]","[gs,ncbi,s3]","[gs.us-east1,ncbi.public,s3.us-east-1]","{
  ""attributes"": [{
    ""k"": ""geo_accession_exp"",
    ""v"": ""GSM3449453""
  }, {
    ""k"": ""bases"",
    ""v"": ""551321900""
  }, {
    ""k"": ""bytes"",
    ""v"": ""293458748""
  }, {
    ""k"": ""run_file_create_date"",
    ""v"": ""2018-10-29T06:32:00.000Z""
  }, {
    ""k"": ""diet_sam"",
    ""v"": ""Rockrose""
  }, {
    ""k"": ""source_name_sam"",
    ""v"": ""Whole body tissue""
  }, {
    ""k"": ""tissue_sam_ss_dpl145"",
    ""v"": ""Whole body""
  }, {
    ""k"": ""virus_sam"",
    ""v"": ""Not infected with IAPV""
  }, {
    ""k"": ""primary_search"",
    ""v"": ""10338922""
  }, {
    ""k"": ""primary_search"",
    ""v"": ""498919""
  }, {
    ""k"": ""primary_search"",
    ""v"": ""GSE121885""
  }, {
    ""k"": ""primary_search"",
    ""v"": ""GSM3449453""
  }, {
    ""k"": ""primary_search"",
    ""v"": ""GSM3449453_r2""
  }, {
    ""k"": ""primary_search"",
    ""v"": ""PRJNA498919""
  }, {
    ""k"": ""primary_search"",
    ""v"": ""SAMN10338922""
  }, {
    ""k"": ""primary_search"",
    ""v"": ""SRP167074""
  }, {
    ""k"": ""primary_search"",
    ""v"": ""SRR8121092""
  }, {
    ""k"": ""primary_search"",
    ""v"": ""SRS3989675""
  }, {
    ""k"": ""primary_search"",
    ""v"": ""SRX4947381""
  }]
}",1,"{""geo_accession_exp"": [""GSM3449453""], ""bases"": 551321900, ""bytes"": 293458748, ""run_file_create_date"": ""2018-10-29T06:32:00.000Z"", ""diet_sam"": [""Rockrose""], ""source_name_sam"": [""Whole body tissue""], ""tissue_sam_ss_dpl145"": [""Whole body""], ""virus_sam"": ""Not infected with IAPV"", ""primary_search"": ""10338922""}","srr8121092 rna-seq geo public srx4947381 gsm3449453 illumina hiseq 2500 single cdna transcriptomic illumina srs3989675 samn10338922 apis mellifera srp167074 2018-10-31 00:00:00.000000 utc prjna498919  []    [] [] [] [] [fastq,run.zq,sra] [gs,ncbi,s3] [gs.us-east1,ncbi.public,s3.us-east-1] {
  ""attributes"": [{
    ""k"": ""geo_accession_exp"",
    ""v"": ""gsm3449453""
  }, {
    ""k"": ""bases"",
    ""v"": ""551321900""
  }, {
    ""k"": ""bytes"",
    ""v"": ""293458748""
  }, {
    ""k"": ""run_file_create_date"",
    ""v"": ""2018-10-29t06:32:00.000z""
  }, {
    ""k"": ""diet_sam"",
    ""v"": ""rockrose""
  }, {
    ""k"": ""source_name_sam"",
    ""v"": ""whole body tissue""
  }, {
    ""k"": ""tissue_sam_ss_dpl145"",
    ""v"": ""whole body""
  }, {
    ""k"": ""virus_sam"",
    ""v"": ""not infected with iapv""
  }, {
    ""k"": ""primary_search"",
    ""v"": ""10338922""
  }, {
    ""k"": ""primary_search"",
    ""v"": ""498919""
  }, {
    ""k"": ""primary_search"",
    ""v"": ""gse121885""
  }, {
    ""k"": ""primary_search"",
    ""v"": ""gsm3449453""
  }, {
    ""k"": ""primary_search"",
    ""v"": ""gsm3449453_r2""
  }, {
    ""k"": ""primary_search"",
    ""v"": ""prjna498919""
  }, {
    ""k"": ""primary_search"",
    ""v"": ""samn10338922""
  }, {
    ""k"": ""primary_search"",
    ""v"": ""srp167074""
  }, {
    ""k"": ""primary_search"",
    ""v"": ""srr8121092""
  }, {
    ""k"": ""primary_search"",
    ""v"": ""srs3989675""
  }, {
    ""k"": ""primary_search"",
    ""v"": ""srx4947381""
  }]
} {""geo_accession_exp"": [""gsm3449453""], ""bases"": 551321900, ""bytes"": 293458748, ""run_file_create_date"": ""2018-10-29t06:32:00.000z"", ""diet_sam"": [""rockrose""], ""source_name_sam"": [""whole body tissue""], ""tissue_sam_ss_dpl145"": [""whole body""], ""virus_sam"": ""not infected with iapv"", ""primary_search"": ""10338922""}",,1
SRR8121106,RNA-Seq,GEO,public,SRX4947388,GSM3449460,Illumina HiSeq 2500,SINGLE,cDNA,TRANSCRIPTOMIC,ILLUMINA,SRS3989683,SAMN10338915,Apis mellifera,SRP167074,2018-10-31 00:00:00.000000 UTC,PRJNA498919,381,NA,100,748,NA,,[],,,,[],[],[],[],"[fastq,run.zq,sra]","[gs,ncbi,s3]","[gs.us-east1,ncbi.public,s3.us-east-1]","{
  ""attributes"": [{
    ""k"": ""geo_accession_exp"",
    ""v"": ""GSM3449460""
  }, {
    ""k"": ""bases"",
    ""v"": ""748970200""
  }, {
    ""k"": ""bytes"",
    ""v"": ""399751810""
  }, {
    ""k"": ""run_file_create_date"",
    ""v"": ""2018-10-29T06:32:00.000Z""
  }, {
    ""k"": ""diet_sam"",
    ""v"": ""Chestnut""
  }, {
    ""k"": ""source_name_sam"",
    ""v"": ""Whole body tissue""
  }, {
    ""k"": ""tissue_sam_ss_dpl145"",
    ""v"": ""Whole body""
  }, {
    ""k"": ""virus_sam"",
    ""v"": ""Infected with IAPV""
  }, {
    ""k"": ""primary_search"",
    ""v"": ""10338915""
  }, {
    ""k"": ""primary_search"",
    ""v"": ""498919""
  }, {
    ""k"": ""primary_search"",
    ""v"": ""GSE121885""
  }, {
    ""k"": ""primary_search"",
    ""v"": ""GSM3449460""
  }, {
    ""k"": ""primary_search"",
    ""v"": ""GSM3449460_r2""
  }, {
    ""k"": ""primary_search"",
    ""v"": ""PRJNA498919""
  }, {
    ""k"": ""primary_search"",
    ""v"": ""SAMN10338915""
  }, {
    ""k"": ""primary_search"",
    ""v"": ""SRP167074""
  }, {
    ""k"": ""primary_search"",
    ""v"": ""SRR8121106""
  }, {
    ""k"": ""primary_search"",
    ""v"": ""SRS3989683""
  }, {
    ""k"": ""primary_search"",
    ""v"": ""SRX4947388""
  }]
}",1,"{""geo_accession_exp"": [""GSM3449460""], ""bases"": 748970200, ""bytes"": 399751810, ""run_file_create_date"": ""2018-10-29T06:32:00.000Z"", ""diet_sam"": [""Chestnut""], ""source_name_sam"": [""Whole body tissue""], ""tissue_sam_ss_dpl145"": [""Whole body""], ""virus_sam"": ""Infected with IAPV"", ""primary_search"": ""10338915""}","srr8121106 rna-seq geo public srx4947388 gsm3449460 illumina hiseq 2500 single cdna transcriptomic illumina srs3989683 samn10338915 apis mellifera srp167074 2018-10-31 00:00:00.000000 utc prjna498919  []    [] [] [] [] [fastq,run.zq,sra] [gs,ncbi,s3] [gs.us-east1,ncbi.public,s3.us-east-1] {
  ""attributes"": [{
    ""k"": ""geo_accession_exp"",
    ""v"": ""gsm3449460""
  }, {
    ""k"": ""bases"",
    ""v"": ""748970200""
  }, {
    ""k"": ""bytes"",
    ""v"": ""399751810""
  }, {
    ""k"": ""run_file_create_date"",
    ""v"": ""2018-10-29t06:32:00.000z""
  }, {
    ""k"": ""diet_sam"",
    ""v"": ""chestnut""
  }, {
    ""k"": ""source_name_sam"",
    ""v"": ""whole body tissue""
  }, {
    ""k"": ""tissue_sam_ss_dpl145"",
    ""v"": ""whole body""
  }, {
    ""k"": ""virus_sam"",
    ""v"": ""infected with iapv""
  }, {
    ""k"": ""primary_search"",
    ""v"": ""10338915""
  }, {
    ""k"": ""primary_search"",
    ""v"": ""498919""
  }, {
    ""k"": ""primary_search"",
    ""v"": ""gse121885""
  }, {
    ""k"": ""primary_search"",
    ""v"": ""gsm3449460""
  }, {
    ""k"": ""primary_search"",
    ""v"": ""gsm3449460_r2""
  }, {
    ""k"": ""primary_search"",
    ""v"": ""prjna498919""
  }, {
    ""k"": ""primary_search"",
    ""v"": ""samn10338915""
  }, {
    ""k"": ""primary_search"",
    ""v"": ""srp167074""
  }, {
    ""k"": ""primary_search"",
    ""v"": ""srr8121106""
  }, {
    ""k"": ""primary_search"",
    ""v"": ""srs3989683""
  }, {
    ""k"": ""primary_search"",
    ""v"": ""srx4947388""
  }]
} {""geo_accession_exp"": [""gsm3449460""], ""bases"": 748970200, ""bytes"": 399751810, ""run_file_create_date"": ""2018-10-29t06:32:00.000z"", ""diet_sam"": [""chestnut""], ""source_name_sam"": [""whole body tissue""], ""tissue_sam_ss_dpl145"": [""whole body""], ""virus_sam"": ""infected with iapv"", ""primary_search"": ""10338915""}",,1
SRR8121123,RNA-Seq,GEO,public,SRX4947397,GSM3449469,Illumina HiSeq 2500,SINGLE,cDNA,TRANSCRIPTOMIC,ILLUMINA,SRS3989692,SAMN10338906,Apis mellifera,SRP167074,2018-10-31 00:00:00.000000 UTC,PRJNA498919,297,NA,100,583,NA,,[],,,,[],[],[],[],"[fastq,run.zq,sra]","[gs,ncbi,s3]","[gs.us-east1,ncbi.public,s3.us-east-1]","{
  ""attributes"": [{
    ""k"": ""geo_accession_exp"",
    ""v"": ""GSM3449469""
  }, {
    ""k"": ""bases"",
    ""v"": ""583255100""
  }, {
    ""k"": ""bytes"",
    ""v"": ""311588570""
  }, {
    ""k"": ""run_file_create_date"",
    ""v"": ""2018-10-29T06:32:00.000Z""
  }, {
    ""k"": ""diet_sam"",
    ""v"": ""Rockrose""
  }, {
    ""k"": ""source_name_sam"",
    ""v"": ""Whole body tissue""
  }, {
    ""k"": ""tissue_sam_ss_dpl145"",
    ""v"": ""Whole body""
  }, {
    ""k"": ""virus_sam"",
    ""v"": ""Infected with IAPV""
  }, {
    ""k"": ""primary_search"",
    ""v"": ""10338906""
  }, {
    ""k"": ""primary_search"",
    ""v"": ""498919""
  }, {
    ""k"": ""primary_search"",
    ""v"": ""GSE121885""
  }, {
    ""k"": ""primary_search"",
    ""v"": ""GSM3449469""
  }, {
    ""k"": ""primary_search"",
    ""v"": ""GSM3449469_r1""
  }, {
    ""k"": ""primary_search"",
    ""v"": ""PRJNA498919""
  }, {
    ""k"": ""primary_search"",
    ""v"": ""SAMN10338906""
  }, {
    ""k"": ""primary_search"",
    ""v"": ""SRP167074""
  }, {
    ""k"": ""primary_search"",
    ""v"": ""SRR8121123""
  }, {
    ""k"": ""primary_search"",
    ""v"": ""SRS3989692""
  }, {
    ""k"": ""primary_search"",
    ""v"": ""SRX4947397""
  }]
}",1,"{""geo_accession_exp"": [""GSM3449469""], ""bases"": 583255100, ""bytes"": 311588570, ""run_file_create_date"": ""2018-10-29T06:32:00.000Z"", ""diet_sam"": [""Rockrose""], ""source_name_sam"": [""Whole body tissue""], ""tissue_sam_ss_dpl145"": [""Whole body""], ""virus_sam"": ""Infected with IAPV"", ""primary_search"": ""10338906""}","srr8121123 rna-seq geo public srx4947397 gsm3449469 illumina hiseq 2500 single cdna transcriptomic illumina srs3989692 samn10338906 apis mellifera srp167074 2018-10-31 00:00:00.000000 utc prjna498919  []    [] [] [] [] [fastq,run.zq,sra] [gs,ncbi,s3] [gs.us-east1,ncbi.public,s3.us-east-1] {
  ""attributes"": [{
    ""k"": ""geo_accession_exp"",
    ""v"": ""gsm3449469""
  }, {
    ""k"": ""bases"",
    ""v"": ""583255100""
  }, {
    ""k"": ""bytes"",
    ""v"": ""311588570""
  }, {
    ""k"": ""run_file_create_date"",
    ""v"": ""2018-10-29t06:32:00.000z""
  }, {
    ""k"": ""diet_sam"",
    ""v"": ""rockrose""
  }, {
    ""k"": ""source_name_sam"",
    ""v"": ""whole body tissue""
  }, {
    ""k"": ""tissue_sam_ss_dpl145"",
    ""v"": ""whole body""
  }, {
    ""k"": ""virus_sam"",
    ""v"": ""infected with iapv""
  }, {
    ""k"": ""primary_search"",
    ""v"": ""10338906""
  }, {
    ""k"": ""primary_search"",
    ""v"": ""498919""
  }, {
    ""k"": ""primary_search"",
    ""v"": ""gse121885""
  }, {
    ""k"": ""primary_search"",
    ""v"": ""gsm3449469""
  }, {
    ""k"": ""primary_search"",
    ""v"": ""gsm3449469_r1""
  }, {
    ""k"": ""primary_search"",
    ""v"": ""prjna498919""
  }, {
    ""k"": ""primary_search"",
    ""v"": ""samn10338906""
  }, {
    ""k"": ""primary_search"",
    ""v"": ""srp167074""
  }, {
    ""k"": ""primary_search"",
    ""v"": ""srr8121123""
  }, {
    ""k"": ""primary_search"",
    ""v"": ""srs3989692""
  }, {
    ""k"": ""primary_search"",
    ""v"": ""srx4947397""
  }]
} {""geo_accession_exp"": [""gsm3449469""], ""bases"": 583255100, ""bytes"": 311588570, ""run_file_create_date"": ""2018-10-29t06:32:00.000z"", ""diet_sam"": [""rockrose""], ""source_name_sam"": [""whole body tissue""], ""tissue_sam_ss_dpl145"": [""whole body""], ""virus_sam"": ""infected with iapv"", ""primary_search"": ""10338906""}",,1
SRR8121109,RNA-Seq,GEO,public,SRX4947390,GSM3449462,Illumina HiSeq 2500,SINGLE,cDNA,TRANSCRIPTOMIC,ILLUMINA,SRS3989685,SAMN10338913,Apis mellifera,SRP167074,2018-10-31 00:00:00.000000 UTC,PRJNA498919,419,NA,100,820,NA,,[],,,,[],[],[],[],"[fastq,run.zq,sra]","[gs,ncbi,s3]","[gs.us-east1,ncbi.public,s3.us-east-1]","{
  ""attributes"": [{
    ""k"": ""geo_accession_exp"",
    ""v"": ""GSM3449462""
  }, {
    ""k"": ""bases"",
    ""v"": ""820943400""
  }, {
    ""k"": ""bytes"",
    ""v"": ""440032843""
  }, {
    ""k"": ""run_file_create_date"",
    ""v"": ""2018-10-29T06:33:00.000Z""
  }, {
    ""k"": ""diet_sam"",
    ""v"": ""Chestnut""
  }, {
    ""k"": ""source_name_sam"",
    ""v"": ""Whole body tissue""
  }, {
    ""k"": ""tissue_sam_ss_dpl145"",
    ""v"": ""Whole body""
  }, {
    ""k"": ""virus_sam"",
    ""v"": ""Infected with IAPV""
  }, {
    ""k"": ""primary_search"",
    ""v"": ""10338913""
  }, {
    ""k"": ""primary_search"",
    ""v"": ""498919""
  }, {
    ""k"": ""primary_search"",
    ""v"": ""GSE121885""
  }, {
    ""k"": ""primary_search"",
    ""v"": ""GSM3449462""
  }, {
    ""k"": ""primary_search"",
    ""v"": ""GSM3449462_r1""
  }, {
    ""k"": ""primary_search"",
    ""v"": ""PRJNA498919""
  }, {
    ""k"": ""primary_search"",
    ""v"": ""SAMN10338913""
  }, {
    ""k"": ""primary_search"",
    ""v"": ""SRP167074""
  }, {
    ""k"": ""primary_search"",
    ""v"": ""SRR8121109""
  }, {
    ""k"": ""primary_search"",
    ""v"": ""SRS3989685""
  }, {
    ""k"": ""primary_search"",
    ""v"": ""SRX4947390""
  }]
}",1,"{""geo_accession_exp"": [""GSM3449462""], ""bases"": 820943400, ""bytes"": 440032843, ""run_file_create_date"": ""2018-10-29T06:33:00.000Z"", ""diet_sam"": [""Chestnut""], ""source_name_sam"": [""Whole body tissue""], ""tissue_sam_ss_dpl145"": [""Whole body""], ""virus_sam"": ""Infected with IAPV"", ""primary_search"": ""10338913""}","srr8121109 rna-seq geo public srx4947390 gsm3449462 illumina hiseq 2500 single cdna transcriptomic illumina srs3989685 samn10338913 apis mellifera srp167074 2018-10-31 00:00:00.000000 utc prjna498919  []    [] [] [] [] [fastq,run.zq,sra] [gs,ncbi,s3] [gs.us-east1,ncbi.public,s3.us-east-1] {
  ""attributes"": [{
    ""k"": ""geo_accession_exp"",
    ""v"": ""gsm3449462""
  }, {
    ""k"": ""bases"",
    ""v"": ""820943400""
  }, {
    ""k"": ""bytes"",
    ""v"": ""440032843""
  }, {
    ""k"": ""run_file_create_date"",
    ""v"": ""2018-10-29t06:33:00.000z""
  }, {
    ""k"": ""diet_sam"",
    ""v"": ""chestnut""
  }, {
    ""k"": ""source_name_sam"",
    ""v"": ""whole body tissue""
  }, {
    ""k"": ""tissue_sam_ss_dpl145"",
    ""v"": ""whole body""
  }, {
    ""k"": ""virus_sam"",
    ""v"": ""infected with iapv""
  }, {
    ""k"": ""primary_search"",
    ""v"": ""10338913""
  }, {
    ""k"": ""primary_search"",
    ""v"": ""498919""
  }, {
    ""k"": ""primary_search"",
    ""v"": ""gse121885""
  }, {
    ""k"": ""primary_search"",
    ""v"": ""gsm3449462""
  }, {
    ""k"": ""primary_search"",
    ""v"": ""gsm3449462_r1""
  }, {
    ""k"": ""primary_search"",
    ""v"": ""prjna498919""
  }, {
    ""k"": ""primary_search"",
    ""v"": ""samn10338913""
  }, {
    ""k"": ""primary_search"",
    ""v"": ""srp167074""
  }, {
    ""k"": ""primary_search"",
    ""v"": ""srr8121109""
  }, {
    ""k"": ""primary_search"",
    ""v"": ""srs3989685""
  }, {
    ""k"": ""primary_search"",
    ""v"": ""srx4947390""
  }]
} {""geo_accession_exp"": [""gsm3449462""], ""bases"": 820943400, ""bytes"": 440032843, ""run_file_create_date"": ""2018-10-29t06:33:00.000z"", ""diet_sam"": [""chestnut""], ""source_name_sam"": [""whole body tissue""], ""tissue_sam_ss_dpl145"": [""whole body""], ""virus_sam"": ""infected with iapv"", ""primary_search"": ""10338913""}",,1
SRR8121117,RNA-Seq,GEO,public,SRX4947394,GSM3449466,Illumina HiSeq 2500,SINGLE,cDNA,TRANSCRIPTOMIC,ILLUMINA,SRS3989689,SAMN10338909,Apis mellifera,SRP167074,2018-10-31 00:00:00.000000 UTC,PRJNA498919,334,NA,100,657,NA,,[],,,,[],[],[],[],"[fastq,run.zq,sra]","[gs,ncbi,s3]","[gs.us-east1,ncbi.public,s3.us-east-1]","{
  ""attributes"": [{
    ""k"": ""geo_accession_exp"",
    ""v"": ""GSM3449466""
  }, {
    ""k"": ""bases"",
    ""v"": ""657267800""
  }, {
    ""k"": ""bytes"",
    ""v"": ""350434823""
  }, {
    ""k"": ""run_file_create_date"",
    ""v"": ""2018-10-29T07:03:00.000Z""
  }, {
    ""k"": ""diet_sam"",
    ""v"": ""Rockrose""
  }, {
    ""k"": ""source_name_sam"",
    ""v"": ""Whole body tissue""
  }, {
    ""k"": ""tissue_sam_ss_dpl145"",
    ""v"": ""Whole body""
  }, {
    ""k"": ""virus_sam"",
    ""v"": ""Infected with IAPV""
  }, {
    ""k"": ""primary_search"",
    ""v"": ""10338909""
  }, {
    ""k"": ""primary_search"",
    ""v"": ""498919""
  }, {
    ""k"": ""primary_search"",
    ""v"": ""GSE121885""
  }, {
    ""k"": ""primary_search"",
    ""v"": ""GSM3449466""
  }, {
    ""k"": ""primary_search"",
    ""v"": ""GSM3449466_r1""
  }, {
    ""k"": ""primary_search"",
    ""v"": ""PRJNA498919""
  }, {
    ""k"": ""primary_search"",
    ""v"": ""SAMN10338909""
  }, {
    ""k"": ""primary_search"",
    ""v"": ""SRP167074""
  }, {
    ""k"": ""primary_search"",
    ""v"": ""SRR8121117""
  }, {
    ""k"": ""primary_search"",
    ""v"": ""SRS3989689""
  }, {
    ""k"": ""primary_search"",
    ""v"": ""SRX4947394""
  }]
}",1,"{""geo_accession_exp"": [""GSM3449466""], ""bases"": 657267800, ""bytes"": 350434823, ""run_file_create_date"": ""2018-10-29T07:03:00.000Z"", ""diet_sam"": [""Rockrose""], ""source_name_sam"": [""Whole body tissue""], ""tissue_sam_ss_dpl145"": [""Whole body""], ""virus_sam"": ""Infected with IAPV"", ""primary_search"": ""10338909""}","srr8121117 rna-seq geo public srx4947394 gsm3449466 illumina hiseq 2500 single cdna transcriptomic illumina srs3989689 samn10338909 apis mellifera srp167074 2018-10-31 00:00:00.000000 utc prjna498919  []    [] [] [] [] [fastq,run.zq,sra] [gs,ncbi,s3] [gs.us-east1,ncbi.public,s3.us-east-1] {
  ""attributes"": [{
    ""k"": ""geo_accession_exp"",
    ""v"": ""gsm3449466""
  }, {
    ""k"": ""bases"",
    ""v"": ""657267800""
  }, {
    ""k"": ""bytes"",
    ""v"": ""350434823""
  }, {
    ""k"": ""run_file_create_date"",
    ""v"": ""2018-10-29t07:03:00.000z""
  }, {
    ""k"": ""diet_sam"",
    ""v"": ""rockrose""
  }, {
    ""k"": ""source_name_sam"",
    ""v"": ""whole body tissue""
  }, {
    ""k"": ""tissue_sam_ss_dpl145"",
    ""v"": ""whole body""
  }, {
    ""k"": ""virus_sam"",
    ""v"": ""infected with iapv""
  }, {
    ""k"": ""primary_search"",
    ""v"": ""10338909""
  }, {
    ""k"": ""primary_search"",
    ""v"": ""498919""
  }, {
    ""k"": ""primary_search"",
    ""v"": ""gse121885""
  }, {
    ""k"": ""primary_search"",
    ""v"": ""gsm3449466""
  }, {
    ""k"": ""primary_search"",
    ""v"": ""gsm3449466_r1""
  }, {
    ""k"": ""primary_search"",
    ""v"": ""prjna498919""
  }, {
    ""k"": ""primary_search"",
    ""v"": ""samn10338909""
  }, {
    ""k"": ""primary_search"",
    ""v"": ""srp167074""
  }, {
    ""k"": ""primary_search"",
    ""v"": ""srr8121117""
  }, {
    ""k"": ""primary_search"",
    ""v"": ""srs3989689""
  }, {
    ""k"": ""primary_search"",
    ""v"": ""srx4947394""
  }]
} {""geo_accession_exp"": [""gsm3449466""], ""bases"": 657267800, ""bytes"": 350434823, ""run_file_create_date"": ""2018-10-29t07:03:00.000z"", ""diet_sam"": [""rockrose""], ""source_name_sam"": [""whole body tissue""], ""tissue_sam_ss_dpl145"": [""whole body""], ""virus_sam"": ""infected with iapv"", ""primary_search"": ""10338909""}",,1
SRR8121096,RNA-Seq,GEO,public,SRX4947383,GSM3449455,Illumina HiSeq 2500,SINGLE,cDNA,TRANSCRIPTOMIC,ILLUMINA,SRS3989677,SAMN10338920,Apis mellifera,SRP167074,2018-10-31 00:00:00.000000 UTC,PRJNA498919,337,NA,100,654,NA,,[],,,,[],[],[],[],"[fastq,run.zq,sra]","[gs,ncbi,s3]","[gs.us-east1,ncbi.public,s3.us-east-1]","{
  ""attributes"": [{
    ""k"": ""geo_accession_exp"",
    ""v"": ""GSM3449455""
  }, {
    ""k"": ""bases"",
    ""v"": ""654942600""
  }, {
    ""k"": ""bytes"",
    ""v"": ""354139888""
  }, {
    ""k"": ""run_file_create_date"",
    ""v"": ""2018-10-29T06:32:00.000Z""
  }, {
    ""k"": ""diet_sam"",
    ""v"": ""Rockrose""
  }, {
    ""k"": ""source_name_sam"",
    ""v"": ""Whole body tissue""
  }, {
    ""k"": ""tissue_sam_ss_dpl145"",
    ""v"": ""Whole body""
  }, {
    ""k"": ""virus_sam"",
    ""v"": ""Not infected with IAPV""
  }, {
    ""k"": ""primary_search"",
    ""v"": ""10338920""
  }, {
    ""k"": ""primary_search"",
    ""v"": ""498919""
  }, {
    ""k"": ""primary_search"",
    ""v"": ""GSE121885""
  }, {
    ""k"": ""primary_search"",
    ""v"": ""GSM3449455""
  }, {
    ""k"": ""primary_search"",
    ""v"": ""GSM3449455_r2""
  }, {
    ""k"": ""primary_search"",
    ""v"": ""PRJNA498919""
  }, {
    ""k"": ""primary_search"",
    ""v"": ""SAMN10338920""
  }, {
    ""k"": ""primary_search"",
    ""v"": ""SRP167074""
  }, {
    ""k"": ""primary_search"",
    ""v"": ""SRR8121096""
  }, {
    ""k"": ""primary_search"",
    ""v"": ""SRS3989677""
  }, {
    ""k"": ""primary_search"",
    ""v"": ""SRX4947383""
  }]
}",1,"{""geo_accession_exp"": [""GSM3449455""], ""bases"": 654942600, ""bytes"": 354139888, ""run_file_create_date"": ""2018-10-29T06:32:00.000Z"", ""diet_sam"": [""Rockrose""], ""source_name_sam"": [""Whole body tissue""], ""tissue_sam_ss_dpl145"": [""Whole body""], ""virus_sam"": ""Not infected with IAPV"", ""primary_search"": ""10338920""}","srr8121096 rna-seq geo public srx4947383 gsm3449455 illumina hiseq 2500 single cdna transcriptomic illumina srs3989677 samn10338920 apis mellifera srp167074 2018-10-31 00:00:00.000000 utc prjna498919  []    [] [] [] [] [fastq,run.zq,sra] [gs,ncbi,s3] [gs.us-east1,ncbi.public,s3.us-east-1] {
  ""attributes"": [{
    ""k"": ""geo_accession_exp"",
    ""v"": ""gsm3449455""
  }, {
    ""k"": ""bases"",
    ""v"": ""654942600""
  }, {
    ""k"": ""bytes"",
    ""v"": ""354139888""
  }, {
    ""k"": ""run_file_create_date"",
    ""v"": ""2018-10-29t06:32:00.000z""
  }, {
    ""k"": ""diet_sam"",
    ""v"": ""rockrose""
  }, {
    ""k"": ""source_name_sam"",
    ""v"": ""whole body tissue""
  }, {
    ""k"": ""tissue_sam_ss_dpl145"",
    ""v"": ""whole body""
  }, {
    ""k"": ""virus_sam"",
    ""v"": ""not infected with iapv""
  }, {
    ""k"": ""primary_search"",
    ""v"": ""10338920""
  }, {
    ""k"": ""primary_search"",
    ""v"": ""498919""
  }, {
    ""k"": ""primary_search"",
    ""v"": ""gse121885""
  }, {
    ""k"": ""primary_search"",
    ""v"": ""gsm3449455""
  }, {
    ""k"": ""primary_search"",
    ""v"": ""gsm3449455_r2""
  }, {
    ""k"": ""primary_search"",
    ""v"": ""prjna498919""
  }, {
    ""k"": ""primary_search"",
    ""v"": ""samn10338920""
  }, {
    ""k"": ""primary_search"",
    ""v"": ""srp167074""
  }, {
    ""k"": ""primary_search"",
    ""v"": ""srr8121096""
  }, {
    ""k"": ""primary_search"",
    ""v"": ""srs3989677""
  }, {
    ""k"": ""primary_search"",
    ""v"": ""srx4947383""
  }]
} {""geo_accession_exp"": [""gsm3449455""], ""bases"": 654942600, ""bytes"": 354139888, ""run_file_create_date"": ""2018-10-29t06:32:00.000z"", ""diet_sam"": [""rockrose""], ""source_name_sam"": [""whole body tissue""], ""tissue_sam_ss_dpl145"": [""whole body""], ""virus_sam"": ""not infected with iapv"", ""primary_search"": ""10338920""}",,1
SRR8121081,RNA-Seq,GEO,public,SRX4947376,GSM3449448,Illumina HiSeq 2500,SINGLE,cDNA,TRANSCRIPTOMIC,ILLUMINA,SRS3989670,SAMN10338927,Apis mellifera,SRP167074,2018-10-31 00:00:00.000000 UTC,PRJNA498919,382,NA,100,738,NA,,[],,,,[],[],[],[],"[fastq,run.zq,sra]","[gs,ncbi,s3]","[gs.us-east1,ncbi.public,s3.us-east-1]","{
  ""attributes"": [{
    ""k"": ""geo_accession_exp"",
    ""v"": ""GSM3449448""
  }, {
    ""k"": ""bases"",
    ""v"": ""738154600""
  }, {
    ""k"": ""bytes"",
    ""v"": ""401290983""
  }, {
    ""k"": ""run_file_create_date"",
    ""v"": ""2018-10-29T06:32:00.000Z""
  }, {
    ""k"": ""diet_sam"",
    ""v"": ""Chestnut""
  }, {
    ""k"": ""source_name_sam"",
    ""v"": ""Whole body tissue""
  }, {
    ""k"": ""tissue_sam_ss_dpl145"",
    ""v"": ""Whole body""
  }, {
    ""k"": ""virus_sam"",
    ""v"": ""Not infected with IAPV""
  }, {
    ""k"": ""primary_search"",
    ""v"": ""10338927""
  }, {
    ""k"": ""primary_search"",
    ""v"": ""498919""
  }, {
    ""k"": ""primary_search"",
    ""v"": ""GSE121885""
  }, {
    ""k"": ""primary_search"",
    ""v"": ""GSM3449448""
  }, {
    ""k"": ""primary_search"",
    ""v"": ""GSM3449448_r1""
  }, {
    ""k"": ""primary_search"",
    ""v"": ""PRJNA498919""
  }, {
    ""k"": ""primary_search"",
    ""v"": ""SAMN10338927""
  }, {
    ""k"": ""primary_search"",
    ""v"": ""SRP167074""
  }, {
    ""k"": ""primary_search"",
    ""v"": ""SRR8121081""
  }, {
    ""k"": ""primary_search"",
    ""v"": ""SRS3989670""
  }, {
    ""k"": ""primary_search"",
    ""v"": ""SRX4947376""
  }]
}",1,"{""geo_accession_exp"": [""GSM3449448""], ""bases"": 738154600, ""bytes"": 401290983, ""run_file_create_date"": ""2018-10-29T06:32:00.000Z"", ""diet_sam"": [""Chestnut""], ""source_name_sam"": [""Whole body tissue""], ""tissue_sam_ss_dpl145"": [""Whole body""], ""virus_sam"": ""Not infected with IAPV"", ""primary_search"": ""10338927""}","srr8121081 rna-seq geo public srx4947376 gsm3449448 illumina hiseq 2500 single cdna transcriptomic illumina srs3989670 samn10338927 apis mellifera srp167074 2018-10-31 00:00:00.000000 utc prjna498919  []    [] [] [] [] [fastq,run.zq,sra] [gs,ncbi,s3] [gs.us-east1,ncbi.public,s3.us-east-1] {
  ""attributes"": [{
    ""k"": ""geo_accession_exp"",
    ""v"": ""gsm3449448""
  }, {
    ""k"": ""bases"",
    ""v"": ""738154600""
  }, {
    ""k"": ""bytes"",
    ""v"": ""401290983""
  }, {
    ""k"": ""run_file_create_date"",
    ""v"": ""2018-10-29t06:32:00.000z""
  }, {
    ""k"": ""diet_sam"",
    ""v"": ""chestnut""
  }, {
    ""k"": ""source_name_sam"",
    ""v"": ""whole body tissue""
  }, {
    ""k"": ""tissue_sam_ss_dpl145"",
    ""v"": ""whole body""
  }, {
    ""k"": ""virus_sam"",
    ""v"": ""not infected with iapv""
  }, {
    ""k"": ""primary_search"",
    ""v"": ""10338927""
  }, {
    ""k"": ""primary_search"",
    ""v"": ""498919""
  }, {
    ""k"": ""primary_search"",
    ""v"": ""gse121885""
  }, {
    ""k"": ""primary_search"",
    ""v"": ""gsm3449448""
  }, {
    ""k"": ""primary_search"",
    ""v"": ""gsm3449448_r1""
  }, {
    ""k"": ""primary_search"",
    ""v"": ""prjna498919""
  }, {
    ""k"": ""primary_search"",
    ""v"": ""samn10338927""
  }, {
    ""k"": ""primary_search"",
    ""v"": ""srp167074""
  }, {
    ""k"": ""primary_search"",
    ""v"": ""srr8121081""
  }, {
    ""k"": ""primary_search"",
    ""v"": ""srs3989670""
  }, {
    ""k"": ""primary_search"",
    ""v"": ""srx4947376""
  }]
} {""geo_accession_exp"": [""gsm3449448""], ""bases"": 738154600, ""bytes"": 401290983, ""run_file_create_date"": ""2018-10-29t06:32:00.000z"", ""diet_sam"": [""chestnut""], ""source_name_sam"": [""whole body tissue""], ""tissue_sam_ss_dpl145"": [""whole body""], ""virus_sam"": ""not infected with iapv"", ""primary_search"": ""10338927""}",,1
SRR8121103,RNA-Seq,GEO,public,SRX4947387,GSM3449459,Illumina HiSeq 2500,SINGLE,cDNA,TRANSCRIPTOMIC,ILLUMINA,SRS3989681,SAMN10338916,Apis mellifera,SRP167074,2018-10-31 00:00:00.000000 UTC,PRJNA498919,361,NA,100,700,NA,,[],,,,[],[],[],[],"[fastq,run.zq,sra]","[gs,ncbi,s3]","[gs.us-east1,ncbi.public,s3.us-east-1]","{
  ""attributes"": [{
    ""k"": ""geo_accession_exp"",
    ""v"": ""GSM3449459""
  }, {
    ""k"": ""bases"",
    ""v"": ""700036400""
  }, {
    ""k"": ""bytes"",
    ""v"": ""379201913""
  }, {
    ""k"": ""run_file_create_date"",
    ""v"": ""2018-10-29T06:33:00.000Z""
  }, {
    ""k"": ""diet_sam"",
    ""v"": ""Chestnut""
  }, {
    ""k"": ""source_name_sam"",
    ""v"": ""Whole body tissue""
  }, {
    ""k"": ""tissue_sam_ss_dpl145"",
    ""v"": ""Whole body""
  }, {
    ""k"": ""virus_sam"",
    ""v"": ""Infected with IAPV""
  }, {
    ""k"": ""primary_search"",
    ""v"": ""10338916""
  }, {
    ""k"": ""primary_search"",
    ""v"": ""498919""
  }, {
    ""k"": ""primary_search"",
    ""v"": ""GSE121885""
  }, {
    ""k"": ""primary_search"",
    ""v"": ""GSM3449459""
  }, {
    ""k"": ""primary_search"",
    ""v"": ""GSM3449459_r1""
  }, {
    ""k"": ""primary_search"",
    ""v"": ""PRJNA498919""
  }, {
    ""k"": ""primary_search"",
    ""v"": ""SAMN10338916""
  }, {
    ""k"": ""primary_search"",
    ""v"": ""SRP167074""
  }, {
    ""k"": ""primary_search"",
    ""v"": ""SRR8121103""
  }, {
    ""k"": ""primary_search"",
    ""v"": ""SRS3989681""
  }, {
    ""k"": ""primary_search"",
    ""v"": ""SRX4947387""
  }]
}",1,"{""geo_accession_exp"": [""GSM3449459""], ""bases"": 700036400, ""bytes"": 379201913, ""run_file_create_date"": ""2018-10-29T06:33:00.000Z"", ""diet_sam"": [""Chestnut""], ""source_name_sam"": [""Whole body tissue""], ""tissue_sam_ss_dpl145"": [""Whole body""], ""virus_sam"": ""Infected with IAPV"", ""primary_search"": ""10338916""}","srr8121103 rna-seq geo public srx4947387 gsm3449459 illumina hiseq 2500 single cdna transcriptomic illumina srs3989681 samn10338916 apis mellifera srp167074 2018-10-31 00:00:00.000000 utc prjna498919  []    [] [] [] [] [fastq,run.zq,sra] [gs,ncbi,s3] [gs.us-east1,ncbi.public,s3.us-east-1] {
  ""attributes"": [{
    ""k"": ""geo_accession_exp"",
    ""v"": ""gsm3449459""
  }, {
    ""k"": ""bases"",
    ""v"": ""700036400""
  }, {
    ""k"": ""bytes"",
    ""v"": ""379201913""
  }, {
    ""k"": ""run_file_create_date"",
    ""v"": ""2018-10-29t06:33:00.000z""
  }, {
    ""k"": ""diet_sam"",
    ""v"": ""chestnut""
  }, {
    ""k"": ""source_name_sam"",
    ""v"": ""whole body tissue""
  }, {
    ""k"": ""tissue_sam_ss_dpl145"",
    ""v"": ""whole body""
  }, {
    ""k"": ""virus_sam"",
    ""v"": ""infected with iapv""
  }, {
    ""k"": ""primary_search"",
    ""v"": ""10338916""
  }, {
    ""k"": ""primary_search"",
    ""v"": ""498919""
  }, {
    ""k"": ""primary_search"",
    ""v"": ""gse121885""
  }, {
    ""k"": ""primary_search"",
    ""v"": ""gsm3449459""
  }, {
    ""k"": ""primary_search"",
    ""v"": ""gsm3449459_r1""
  }, {
    ""k"": ""primary_search"",
    ""v"": ""prjna498919""
  }, {
    ""k"": ""primary_search"",
    ""v"": ""samn10338916""
  }, {
    ""k"": ""primary_search"",
    ""v"": ""srp167074""
  }, {
    ""k"": ""primary_search"",
    ""v"": ""srr8121103""
  }, {
    ""k"": ""primary_search"",
    ""v"": ""srs3989681""
  }, {
    ""k"": ""primary_search"",
    ""v"": ""srx4947387""
  }]
} {""geo_accession_exp"": [""gsm3449459""], ""bases"": 700036400, ""bytes"": 379201913, ""run_file_create_date"": ""2018-10-29t06:33:00.000z"", ""diet_sam"": [""chestnut""], ""source_name_sam"": [""whole body tissue""], ""tissue_sam_ss_dpl145"": [""whole body""], ""virus_sam"": ""infected with iapv"", ""primary_search"": ""10338916""}",,1
SRR8121114,RNA-Seq,GEO,public,SRX4947392,GSM3449464,Illumina HiSeq 2500,SINGLE,cDNA,TRANSCRIPTOMIC,ILLUMINA,SRS3989687,SAMN10338911,Apis mellifera,SRP167074,2018-10-31 00:00:00.000000 UTC,PRJNA498919,371,NA,100,729,NA,,[],,,,[],[],[],[],"[fastq,run.zq,sra]","[gs,ncbi,s3]","[gs.us-east1,ncbi.public,s3.us-east-1]","{
  ""attributes"": [{
    ""k"": ""geo_accession_exp"",
    ""v"": ""GSM3449464""
  }, {
    ""k"": ""bases"",
    ""v"": ""729109400""
  }, {
    ""k"": ""bytes"",
    ""v"": ""389304179""
  }, {
    ""k"": ""run_file_create_date"",
    ""v"": ""2018-10-29T06:32:00.000Z""
  }, {
    ""k"": ""diet_sam"",
    ""v"": ""Rockrose""
  }, {
    ""k"": ""source_name_sam"",
    ""v"": ""Whole body tissue""
  }, {
    ""k"": ""tissue_sam_ss_dpl145"",
    ""v"": ""Whole body""
  }, {
    ""k"": ""virus_sam"",
    ""v"": ""Infected with IAPV""
  }, {
    ""k"": ""primary_search"",
    ""v"": ""10338911""
  }, {
    ""k"": ""primary_search"",
    ""v"": ""498919""
  }, {
    ""k"": ""primary_search"",
    ""v"": ""GSE121885""
  }, {
    ""k"": ""primary_search"",
    ""v"": ""GSM3449464""
  }, {
    ""k"": ""primary_search"",
    ""v"": ""GSM3449464_r2""
  }, {
    ""k"": ""primary_search"",
    ""v"": ""PRJNA498919""
  }, {
    ""k"": ""primary_search"",
    ""v"": ""SAMN10338911""
  }, {
    ""k"": ""primary_search"",
    ""v"": ""SRP167074""
  }, {
    ""k"": ""primary_search"",
    ""v"": ""SRR8121114""
  }, {
    ""k"": ""primary_search"",
    ""v"": ""SRS3989687""
  }, {
    ""k"": ""primary_search"",
    ""v"": ""SRX4947392""
  }]
}",1,"{""geo_accession_exp"": [""GSM3449464""], ""bases"": 729109400, ""bytes"": 389304179, ""run_file_create_date"": ""2018-10-29T06:32:00.000Z"", ""diet_sam"": [""Rockrose""], ""source_name_sam"": [""Whole body tissue""], ""tissue_sam_ss_dpl145"": [""Whole body""], ""virus_sam"": ""Infected with IAPV"", ""primary_search"": ""10338911""}","srr8121114 rna-seq geo public srx4947392 gsm3449464 illumina hiseq 2500 single cdna transcriptomic illumina srs3989687 samn10338911 apis mellifera srp167074 2018-10-31 00:00:00.000000 utc prjna498919  []    [] [] [] [] [fastq,run.zq,sra] [gs,ncbi,s3] [gs.us-east1,ncbi.public,s3.us-east-1] {
  ""attributes"": [{
    ""k"": ""geo_accession_exp"",
    ""v"": ""gsm3449464""
  }, {
    ""k"": ""bases"",
    ""v"": ""729109400""
  }, {
    ""k"": ""bytes"",
    ""v"": ""389304179""
  }, {
    ""k"": ""run_file_create_date"",
    ""v"": ""2018-10-29t06:32:00.000z""
  }, {
    ""k"": ""diet_sam"",
    ""v"": ""rockrose""
  }, {
    ""k"": ""source_name_sam"",
    ""v"": ""whole body tissue""
  }, {
    ""k"": ""tissue_sam_ss_dpl145"",
    ""v"": ""whole body""
  }, {
    ""k"": ""virus_sam"",
    ""v"": ""infected with iapv""
  }, {
    ""k"": ""primary_search"",
    ""v"": ""10338911""
  }, {
    ""k"": ""primary_search"",
    ""v"": ""498919""
  }, {
    ""k"": ""primary_search"",
    ""v"": ""gse121885""
  }, {
    ""k"": ""primary_search"",
    ""v"": ""gsm3449464""
  }, {
    ""k"": ""primary_search"",
    ""v"": ""gsm3449464_r2""
  }, {
    ""k"": ""primary_search"",
    ""v"": ""prjna498919""
  }, {
    ""k"": ""primary_search"",
    ""v"": ""samn10338911""
  }, {
    ""k"": ""primary_search"",
    ""v"": ""srp167074""
  }, {
    ""k"": ""primary_search"",
    ""v"": ""srr8121114""
  }, {
    ""k"": ""primary_search"",
    ""v"": ""srs3989687""
  }, {
    ""k"": ""primary_search"",
    ""v"": ""srx4947392""
  }]
} {""geo_accession_exp"": [""gsm3449464""], ""bases"": 729109400, ""bytes"": 389304179, ""run_file_create_date"": ""2018-10-29t06:32:00.000z"", ""diet_sam"": [""rockrose""], ""source_name_sam"": [""whole body tissue""], ""tissue_sam_ss_dpl145"": [""whole body""], ""virus_sam"": ""infected with iapv"", ""primary_search"": ""10338911""}",,1
SRR8121085,RNA-Seq,GEO,public,SRX4947378,GSM3449450,Illumina HiSeq 2500,SINGLE,cDNA,TRANSCRIPTOMIC,ILLUMINA,SRS3989672,SAMN10338925,Apis mellifera,SRP167074,2018-10-31 00:00:00.000000 UTC,PRJNA498919,290,NA,100,571,NA,,[],,,,[],[],[],[],"[fastq,run.zq,sra]","[gs,ncbi,s3]","[gs.us-east1,ncbi.public,s3.us-east-1]","{
  ""attributes"": [{
    ""k"": ""geo_accession_exp"",
    ""v"": ""GSM3449450""
  }, {
    ""k"": ""bases"",
    ""v"": ""571337900""
  }, {
    ""k"": ""bytes"",
    ""v"": ""304797917""
  }, {
    ""k"": ""run_file_create_date"",
    ""v"": ""2018-10-29T06:32:00.000Z""
  }, {
    ""k"": ""diet_sam"",
    ""v"": ""Chestnut""
  }, {
    ""k"": ""source_name_sam"",
    ""v"": ""Whole body tissue""
  }, {
    ""k"": ""tissue_sam_ss_dpl145"",
    ""v"": ""Whole body""
  }, {
    ""k"": ""virus_sam"",
    ""v"": ""Not infected with IAPV""
  }, {
    ""k"": ""primary_search"",
    ""v"": ""10338925""
  }, {
    ""k"": ""primary_search"",
    ""v"": ""498919""
  }, {
    ""k"": ""primary_search"",
    ""v"": ""GSE121885""
  }, {
    ""k"": ""primary_search"",
    ""v"": ""GSM3449450""
  }, {
    ""k"": ""primary_search"",
    ""v"": ""GSM3449450_r1""
  }, {
    ""k"": ""primary_search"",
    ""v"": ""PRJNA498919""
  }, {
    ""k"": ""primary_search"",
    ""v"": ""SAMN10338925""
  }, {
    ""k"": ""primary_search"",
    ""v"": ""SRP167074""
  }, {
    ""k"": ""primary_search"",
    ""v"": ""SRR8121085""
  }, {
    ""k"": ""primary_search"",
    ""v"": ""SRS3989672""
  }, {
    ""k"": ""primary_search"",
    ""v"": ""SRX4947378""
  }]
}",1,"{""geo_accession_exp"": [""GSM3449450""], ""bases"": 571337900, ""bytes"": 304797917, ""run_file_create_date"": ""2018-10-29T06:32:00.000Z"", ""diet_sam"": [""Chestnut""], ""source_name_sam"": [""Whole body tissue""], ""tissue_sam_ss_dpl145"": [""Whole body""], ""virus_sam"": ""Not infected with IAPV"", ""primary_search"": ""10338925""}","srr8121085 rna-seq geo public srx4947378 gsm3449450 illumina hiseq 2500 single cdna transcriptomic illumina srs3989672 samn10338925 apis mellifera srp167074 2018-10-31 00:00:00.000000 utc prjna498919  []    [] [] [] [] [fastq,run.zq,sra] [gs,ncbi,s3] [gs.us-east1,ncbi.public,s3.us-east-1] {
  ""attributes"": [{
    ""k"": ""geo_accession_exp"",
    ""v"": ""gsm3449450""
  }, {
    ""k"": ""bases"",
    ""v"": ""571337900""
  }, {
    ""k"": ""bytes"",
    ""v"": ""304797917""
  }, {
    ""k"": ""run_file_create_date"",
    ""v"": ""2018-10-29t06:32:00.000z""
  }, {
    ""k"": ""diet_sam"",
    ""v"": ""chestnut""
  }, {
    ""k"": ""source_name_sam"",
    ""v"": ""whole body tissue""
  }, {
    ""k"": ""tissue_sam_ss_dpl145"",
    ""v"": ""whole body""
  }, {
    ""k"": ""virus_sam"",
    ""v"": ""not infected with iapv""
  }, {
    ""k"": ""primary_search"",
    ""v"": ""10338925""
  }, {
    ""k"": ""primary_search"",
    ""v"": ""498919""
  }, {
    ""k"": ""primary_search"",
    ""v"": ""gse121885""
  }, {
    ""k"": ""primary_search"",
    ""v"": ""gsm3449450""
  }, {
    ""k"": ""primary_search"",
    ""v"": ""gsm3449450_r1""
  }, {
    ""k"": ""primary_search"",
    ""v"": ""prjna498919""
  }, {
    ""k"": ""primary_search"",
    ""v"": ""samn10338925""
  }, {
    ""k"": ""primary_search"",
    ""v"": ""srp167074""
  }, {
    ""k"": ""primary_search"",
    ""v"": ""srr8121085""
  }, {
    ""k"": ""primary_search"",
    ""v"": ""srs3989672""
  }, {
    ""k"": ""primary_search"",
    ""v"": ""srx4947378""
  }]
} {""geo_accession_exp"": [""gsm3449450""], ""bases"": 571337900, ""bytes"": 304797917, ""run_file_create_date"": ""2018-10-29t06:32:00.000z"", ""diet_sam"": [""chestnut""], ""source_name_sam"": [""whole body tissue""], ""tissue_sam_ss_dpl145"": [""whole body""], ""virus_sam"": ""not infected with iapv"", ""primary_search"": ""10338925""}",,1
SRR8121124,RNA-Seq,GEO,public,SRX4947397,GSM3449469,Illumina HiSeq 2500,SINGLE,cDNA,TRANSCRIPTOMIC,ILLUMINA,SRS3989692,SAMN10338906,Apis mellifera,SRP167074,2018-10-31 00:00:00.000000 UTC,PRJNA498919,297,NA,100,581,NA,,[],,,,[],[],[],[],"[fastq,run.zq,sra]","[gs,ncbi,s3]","[gs.us-east1,ncbi.public,s3.us-east-1]","{
  ""attributes"": [{
    ""k"": ""geo_accession_exp"",
    ""v"": ""GSM3449469""
  }, {
    ""k"": ""bases"",
    ""v"": ""581555300""
  }, {
    ""k"": ""bytes"",
    ""v"": ""312434441""
  }, {
    ""k"": ""run_file_create_date"",
    ""v"": ""2018-10-29T06:32:00.000Z""
  }, {
    ""k"": ""diet_sam"",
    ""v"": ""Rockrose""
  }, {
    ""k"": ""source_name_sam"",
    ""v"": ""Whole body tissue""
  }, {
    ""k"": ""tissue_sam_ss_dpl145"",
    ""v"": ""Whole body""
  }, {
    ""k"": ""virus_sam"",
    ""v"": ""Infected with IAPV""
  }, {
    ""k"": ""primary_search"",
    ""v"": ""10338906""
  }, {
    ""k"": ""primary_search"",
    ""v"": ""498919""
  }, {
    ""k"": ""primary_search"",
    ""v"": ""GSE121885""
  }, {
    ""k"": ""primary_search"",
    ""v"": ""GSM3449469""
  }, {
    ""k"": ""primary_search"",
    ""v"": ""GSM3449469_r2""
  }, {
    ""k"": ""primary_search"",
    ""v"": ""PRJNA498919""
  }, {
    ""k"": ""primary_search"",
    ""v"": ""SAMN10338906""
  }, {
    ""k"": ""primary_search"",
    ""v"": ""SRP167074""
  }, {
    ""k"": ""primary_search"",
    ""v"": ""SRR8121124""
  }, {
    ""k"": ""primary_search"",
    ""v"": ""SRS3989692""
  }, {
    ""k"": ""primary_search"",
    ""v"": ""SRX4947397""
  }]
}",1,"{""geo_accession_exp"": [""GSM3449469""], ""bases"": 581555300, ""bytes"": 312434441, ""run_file_create_date"": ""2018-10-29T06:32:00.000Z"", ""diet_sam"": [""Rockrose""], ""source_name_sam"": [""Whole body tissue""], ""tissue_sam_ss_dpl145"": [""Whole body""], ""virus_sam"": ""Infected with IAPV"", ""primary_search"": ""10338906""}","srr8121124 rna-seq geo public srx4947397 gsm3449469 illumina hiseq 2500 single cdna transcriptomic illumina srs3989692 samn10338906 apis mellifera srp167074 2018-10-31 00:00:00.000000 utc prjna498919  []    [] [] [] [] [fastq,run.zq,sra] [gs,ncbi,s3] [gs.us-east1,ncbi.public,s3.us-east-1] {
  ""attributes"": [{
    ""k"": ""geo_accession_exp"",
    ""v"": ""gsm3449469""
  }, {
    ""k"": ""bases"",
    ""v"": ""581555300""
  }, {
    ""k"": ""bytes"",
    ""v"": ""312434441""
  }, {
    ""k"": ""run_file_create_date"",
    ""v"": ""2018-10-29t06:32:00.000z""
  }, {
    ""k"": ""diet_sam"",
    ""v"": ""rockrose""
  }, {
    ""k"": ""source_name_sam"",
    ""v"": ""whole body tissue""
  }, {
    ""k"": ""tissue_sam_ss_dpl145"",
    ""v"": ""whole body""
  }, {
    ""k"": ""virus_sam"",
    ""v"": ""infected with iapv""
  }, {
    ""k"": ""primary_search"",
    ""v"": ""10338906""
  }, {
    ""k"": ""primary_search"",
    ""v"": ""498919""
  }, {
    ""k"": ""primary_search"",
    ""v"": ""gse121885""
  }, {
    ""k"": ""primary_search"",
    ""v"": ""gsm3449469""
  }, {
    ""k"": ""primary_search"",
    ""v"": ""gsm3449469_r2""
  }, {
    ""k"": ""primary_search"",
    ""v"": ""prjna498919""
  }, {
    ""k"": ""primary_search"",
    ""v"": ""samn10338906""
  }, {
    ""k"": ""primary_search"",
    ""v"": ""srp167074""
  }, {
    ""k"": ""primary_search"",
    ""v"": ""srr8121124""
  }, {
    ""k"": ""primary_search"",
    ""v"": ""srs3989692""
  }, {
    ""k"": ""primary_search"",
    ""v"": ""srx4947397""
  }]
} {""geo_accession_exp"": [""gsm3449469""], ""bases"": 581555300, ""bytes"": 312434441, ""run_file_create_date"": ""2018-10-29t06:32:00.000z"", ""diet_sam"": [""rockrose""], ""source_name_sam"": [""whole body tissue""], ""tissue_sam_ss_dpl145"": [""whole body""], ""virus_sam"": ""infected with iapv"", ""primary_search"": ""10338906""}",,1
SRR8121091,RNA-Seq,GEO,public,SRX4947381,GSM3449453,Illumina HiSeq 2500,SINGLE,cDNA,TRANSCRIPTOMIC,ILLUMINA,SRS3989675,SAMN10338922,Apis mellifera,SRP167074,2018-10-31 00:00:00.000000 UTC,PRJNA498919,278,NA,100,539,NA,,[],,,,[],[],[],[],"[fastq,run.zq,sra]","[gs,ncbi,s3]","[gs.us-east1,ncbi.public,s3.us-east-1]","{
  ""attributes"": [{
    ""k"": ""geo_accession_exp"",
    ""v"": ""GSM3449453""
  }, {
    ""k"": ""bases"",
    ""v"": ""539276400""
  }, {
    ""k"": ""bytes"",
    ""v"": ""291566105""
  }, {
    ""k"": ""run_file_create_date"",
    ""v"": ""2018-10-29T06:32:00.000Z""
  }, {
    ""k"": ""diet_sam"",
    ""v"": ""Rockrose""
  }, {
    ""k"": ""source_name_sam"",
    ""v"": ""Whole body tissue""
  }, {
    ""k"": ""tissue_sam_ss_dpl145"",
    ""v"": ""Whole body""
  }, {
    ""k"": ""virus_sam"",
    ""v"": ""Not infected with IAPV""
  }, {
    ""k"": ""primary_search"",
    ""v"": ""10338922""
  }, {
    ""k"": ""primary_search"",
    ""v"": ""498919""
  }, {
    ""k"": ""primary_search"",
    ""v"": ""GSE121885""
  }, {
    ""k"": ""primary_search"",
    ""v"": ""GSM3449453""
  }, {
    ""k"": ""primary_search"",
    ""v"": ""GSM3449453_r1""
  }, {
    ""k"": ""primary_search"",
    ""v"": ""PRJNA498919""
  }, {
    ""k"": ""primary_search"",
    ""v"": ""SAMN10338922""
  }, {
    ""k"": ""primary_search"",
    ""v"": ""SRP167074""
  }, {
    ""k"": ""primary_search"",
    ""v"": ""SRR8121091""
  }, {
    ""k"": ""primary_search"",
    ""v"": ""SRS3989675""
  }, {
    ""k"": ""primary_search"",
    ""v"": ""SRX4947381""
  }]
}",1,"{""geo_accession_exp"": [""GSM3449453""], ""bases"": 539276400, ""bytes"": 291566105, ""run_file_create_date"": ""2018-10-29T06:32:00.000Z"", ""diet_sam"": [""Rockrose""], ""source_name_sam"": [""Whole body tissue""], ""tissue_sam_ss_dpl145"": [""Whole body""], ""virus_sam"": ""Not infected with IAPV"", ""primary_search"": ""10338922""}","srr8121091 rna-seq geo public srx4947381 gsm3449453 illumina hiseq 2500 single cdna transcriptomic illumina srs3989675 samn10338922 apis mellifera srp167074 2018-10-31 00:00:00.000000 utc prjna498919  []    [] [] [] [] [fastq,run.zq,sra] [gs,ncbi,s3] [gs.us-east1,ncbi.public,s3.us-east-1] {
  ""attributes"": [{
    ""k"": ""geo_accession_exp"",
    ""v"": ""gsm3449453""
  }, {
    ""k"": ""bases"",
    ""v"": ""539276400""
  }, {
    ""k"": ""bytes"",
    ""v"": ""291566105""
  }, {
    ""k"": ""run_file_create_date"",
    ""v"": ""2018-10-29t06:32:00.000z""
  }, {
    ""k"": ""diet_sam"",
    ""v"": ""rockrose""
  }, {
    ""k"": ""source_name_sam"",
    ""v"": ""whole body tissue""
  }, {
    ""k"": ""tissue_sam_ss_dpl145"",
    ""v"": ""whole body""
  }, {
    ""k"": ""virus_sam"",
    ""v"": ""not infected with iapv""
  }, {
    ""k"": ""primary_search"",
    ""v"": ""10338922""
  }, {
    ""k"": ""primary_search"",
    ""v"": ""498919""
  }, {
    ""k"": ""primary_search"",
    ""v"": ""gse121885""
  }, {
    ""k"": ""primary_search"",
    ""v"": ""gsm3449453""
  }, {
    ""k"": ""primary_search"",
    ""v"": ""gsm3449453_r1""
  }, {
    ""k"": ""primary_search"",
    ""v"": ""prjna498919""
  }, {
    ""k"": ""primary_search"",
    ""v"": ""samn10338922""
  }, {
    ""k"": ""primary_search"",
    ""v"": ""srp167074""
  }, {
    ""k"": ""primary_search"",
    ""v"": ""srr8121091""
  }, {
    ""k"": ""primary_search"",
    ""v"": ""srs3989675""
  }, {
    ""k"": ""primary_search"",
    ""v"": ""srx4947381""
  }]
} {""geo_accession_exp"": [""gsm3449453""], ""bases"": 539276400, ""bytes"": 291566105, ""run_file_create_date"": ""2018-10-29t06:32:00.000z"", ""diet_sam"": [""rockrose""], ""source_name_sam"": [""whole body tissue""], ""tissue_sam_ss_dpl145"": [""whole body""], ""virus_sam"": ""not infected with iapv"", ""primary_search"": ""10338922""}",,1
SRR8121084,RNA-Seq,GEO,public,SRX4947377,GSM3449449,Illumina HiSeq 2500,SINGLE,cDNA,TRANSCRIPTOMIC,ILLUMINA,SRS3989671,SAMN10338926,Apis mellifera,SRP167074,2018-10-31 00:00:00.000000 UTC,PRJNA498919,344,NA,100,675,NA,,[],,,,[],[],[],[],"[fastq,run.zq,sra]","[gs,ncbi,s3]","[gs.us-east1,ncbi.public,s3.us-east-1]","{
  ""attributes"": [{
    ""k"": ""geo_accession_exp"",
    ""v"": ""GSM3449449""
  }, {
    ""k"": ""bases"",
    ""v"": ""675739400""
  }, {
    ""k"": ""bytes"",
    ""v"": ""361591873""
  }, {
    ""k"": ""run_file_create_date"",
    ""v"": ""2018-10-29T06:31:00.000Z""
  }, {
    ""k"": ""diet_sam"",
    ""v"": ""Chestnut""
  }, {
    ""k"": ""source_name_sam"",
    ""v"": ""Whole body tissue""
  }, {
    ""k"": ""tissue_sam_ss_dpl145"",
    ""v"": ""Whole body""
  }, {
    ""k"": ""virus_sam"",
    ""v"": ""Not infected with IAPV""
  }, {
    ""k"": ""primary_search"",
    ""v"": ""10338926""
  }, {
    ""k"": ""primary_search"",
    ""v"": ""498919""
  }, {
    ""k"": ""primary_search"",
    ""v"": ""GSE121885""
  }, {
    ""k"": ""primary_search"",
    ""v"": ""GSM3449449""
  }, {
    ""k"": ""primary_search"",
    ""v"": ""GSM3449449_r2""
  }, {
    ""k"": ""primary_search"",
    ""v"": ""PRJNA498919""
  }, {
    ""k"": ""primary_search"",
    ""v"": ""SAMN10338926""
  }, {
    ""k"": ""primary_search"",
    ""v"": ""SRP167074""
  }, {
    ""k"": ""primary_search"",
    ""v"": ""SRR8121084""
  }, {
    ""k"": ""primary_search"",
    ""v"": ""SRS3989671""
  }, {
    ""k"": ""primary_search"",
    ""v"": ""SRX4947377""
  }]
}",1,"{""geo_accession_exp"": [""GSM3449449""], ""bases"": 675739400, ""bytes"": 361591873, ""run_file_create_date"": ""2018-10-29T06:31:00.000Z"", ""diet_sam"": [""Chestnut""], ""source_name_sam"": [""Whole body tissue""], ""tissue_sam_ss_dpl145"": [""Whole body""], ""virus_sam"": ""Not infected with IAPV"", ""primary_search"": ""10338926""}","srr8121084 rna-seq geo public srx4947377 gsm3449449 illumina hiseq 2500 single cdna transcriptomic illumina srs3989671 samn10338926 apis mellifera srp167074 2018-10-31 00:00:00.000000 utc prjna498919  []    [] [] [] [] [fastq,run.zq,sra] [gs,ncbi,s3] [gs.us-east1,ncbi.public,s3.us-east-1] {
  ""attributes"": [{
    ""k"": ""geo_accession_exp"",
    ""v"": ""gsm3449449""
  }, {
    ""k"": ""bases"",
    ""v"": ""675739400""
  }, {
    ""k"": ""bytes"",
    ""v"": ""361591873""
  }, {
    ""k"": ""run_file_create_date"",
    ""v"": ""2018-10-29t06:31:00.000z""
  }, {
    ""k"": ""diet_sam"",
    ""v"": ""chestnut""
  }, {
    ""k"": ""source_name_sam"",
    ""v"": ""whole body tissue""
  }, {
    ""k"": ""tissue_sam_ss_dpl145"",
    ""v"": ""whole body""
  }, {
    ""k"": ""virus_sam"",
    ""v"": ""not infected with iapv""
  }, {
    ""k"": ""primary_search"",
    ""v"": ""10338926""
  }, {
    ""k"": ""primary_search"",
    ""v"": ""498919""
  }, {
    ""k"": ""primary_search"",
    ""v"": ""gse121885""
  }, {
    ""k"": ""primary_search"",
    ""v"": ""gsm3449449""
  }, {
    ""k"": ""primary_search"",
    ""v"": ""gsm3449449_r2""
  }, {
    ""k"": ""primary_search"",
    ""v"": ""prjna498919""
  }, {
    ""k"": ""primary_search"",
    ""v"": ""samn10338926""
  }, {
    ""k"": ""primary_search"",
    ""v"": ""srp167074""
  }, {
    ""k"": ""primary_search"",
    ""v"": ""srr8121084""
  }, {
    ""k"": ""primary_search"",
    ""v"": ""srs3989671""
  }, {
    ""k"": ""primary_search"",
    ""v"": ""srx4947377""
  }]
} {""geo_accession_exp"": [""gsm3449449""], ""bases"": 675739400, ""bytes"": 361591873, ""run_file_create_date"": ""2018-10-29t06:31:00.000z"", ""diet_sam"": [""chestnut""], ""source_name_sam"": [""whole body tissue""], ""tissue_sam_ss_dpl145"": [""whole body""], ""virus_sam"": ""not infected with iapv"", ""primary_search"": ""10338926""}",,1
SRR8121122,RNA-Seq,GEO,public,SRX4947396,GSM3449468,Illumina HiSeq 2500,SINGLE,cDNA,TRANSCRIPTOMIC,ILLUMINA,SRS3989691,SAMN10338907,Apis mellifera,SRP167074,2018-10-31 00:00:00.000000 UTC,PRJNA498919,377,NA,100,740,NA,,[],,,,[],[],[],[],"[fastq,run.zq,sra]","[gs,ncbi,s3]","[gs.us-east1,ncbi.public,s3.us-east-1]","{
  ""attributes"": [{
    ""k"": ""geo_accession_exp"",
    ""v"": ""GSM3449468""
  }, {
    ""k"": ""bases"",
    ""v"": ""740405300""
  }, {
    ""k"": ""bytes"",
    ""v"": ""395963404""
  }, {
    ""k"": ""run_file_create_date"",
    ""v"": ""2018-10-29T06:32:00.000Z""
  }, {
    ""k"": ""diet_sam"",
    ""v"": ""Rockrose""
  }, {
    ""k"": ""source_name_sam"",
    ""v"": ""Whole body tissue""
  }, {
    ""k"": ""tissue_sam_ss_dpl145"",
    ""v"": ""Whole body""
  }, {
    ""k"": ""virus_sam"",
    ""v"": ""Infected with IAPV""
  }, {
    ""k"": ""primary_search"",
    ""v"": ""10338907""
  }, {
    ""k"": ""primary_search"",
    ""v"": ""498919""
  }, {
    ""k"": ""primary_search"",
    ""v"": ""GSE121885""
  }, {
    ""k"": ""primary_search"",
    ""v"": ""GSM3449468""
  }, {
    ""k"": ""primary_search"",
    ""v"": ""GSM3449468_r2""
  }, {
    ""k"": ""primary_search"",
    ""v"": ""PRJNA498919""
  }, {
    ""k"": ""primary_search"",
    ""v"": ""SAMN10338907""
  }, {
    ""k"": ""primary_search"",
    ""v"": ""SRP167074""
  }, {
    ""k"": ""primary_search"",
    ""v"": ""SRR8121122""
  }, {
    ""k"": ""primary_search"",
    ""v"": ""SRS3989691""
  }, {
    ""k"": ""primary_search"",
    ""v"": ""SRX4947396""
  }]
}",1,"{""geo_accession_exp"": [""GSM3449468""], ""bases"": 740405300, ""bytes"": 395963404, ""run_file_create_date"": ""2018-10-29T06:32:00.000Z"", ""diet_sam"": [""Rockrose""], ""source_name_sam"": [""Whole body tissue""], ""tissue_sam_ss_dpl145"": [""Whole body""], ""virus_sam"": ""Infected with IAPV"", ""primary_search"": ""10338907""}","srr8121122 rna-seq geo public srx4947396 gsm3449468 illumina hiseq 2500 single cdna transcriptomic illumina srs3989691 samn10338907 apis mellifera srp167074 2018-10-31 00:00:00.000000 utc prjna498919  []    [] [] [] [] [fastq,run.zq,sra] [gs,ncbi,s3] [gs.us-east1,ncbi.public,s3.us-east-1] {
  ""attributes"": [{
    ""k"": ""geo_accession_exp"",
    ""v"": ""gsm3449468""
  }, {
    ""k"": ""bases"",
    ""v"": ""740405300""
  }, {
    ""k"": ""bytes"",
    ""v"": ""395963404""
  }, {
    ""k"": ""run_file_create_date"",
    ""v"": ""2018-10-29t06:32:00.000z""
  }, {
    ""k"": ""diet_sam"",
    ""v"": ""rockrose""
  }, {
    ""k"": ""source_name_sam"",
    ""v"": ""whole body tissue""
  }, {
    ""k"": ""tissue_sam_ss_dpl145"",
    ""v"": ""whole body""
  }, {
    ""k"": ""virus_sam"",
    ""v"": ""infected with iapv""
  }, {
    ""k"": ""primary_search"",
    ""v"": ""10338907""
  }, {
    ""k"": ""primary_search"",
    ""v"": ""498919""
  }, {
    ""k"": ""primary_search"",
    ""v"": ""gse121885""
  }, {
    ""k"": ""primary_search"",
    ""v"": ""gsm3449468""
  }, {
    ""k"": ""primary_search"",
    ""v"": ""gsm3449468_r2""
  }, {
    ""k"": ""primary_search"",
    ""v"": ""prjna498919""
  }, {
    ""k"": ""primary_search"",
    ""v"": ""samn10338907""
  }, {
    ""k"": ""primary_search"",
    ""v"": ""srp167074""
  }, {
    ""k"": ""primary_search"",
    ""v"": ""srr8121122""
  }, {
    ""k"": ""primary_search"",
    ""v"": ""srs3989691""
  }, {
    ""k"": ""primary_search"",
    ""v"": ""srx4947396""
  }]
} {""geo_accession_exp"": [""gsm3449468""], ""bases"": 740405300, ""bytes"": 395963404, ""run_file_create_date"": ""2018-10-29t06:32:00.000z"", ""diet_sam"": [""rockrose""], ""source_name_sam"": [""whole body tissue""], ""tissue_sam_ss_dpl145"": [""whole body""], ""virus_sam"": ""infected with iapv"", ""primary_search"": ""10338907""}",,1
SRR8121111,RNA-Seq,GEO,public,SRX4947391,GSM3449463,Illumina HiSeq 2500,SINGLE,cDNA,TRANSCRIPTOMIC,ILLUMINA,SRS3989686,SAMN10338912,Apis mellifera,SRP167074,2018-10-31 00:00:00.000000 UTC,PRJNA498919,363,NA,100,703,NA,,[],,,,[],[],[],[],"[fastq,run.zq,sra]","[gs,ncbi,s3]","[gs.us-east1,ncbi.public,s3.us-east-1]","{
  ""attributes"": [{
    ""k"": ""geo_accession_exp"",
    ""v"": ""GSM3449463""
  }, {
    ""k"": ""bases"",
    ""v"": ""703520500""
  }, {
    ""k"": ""bytes"",
    ""v"": ""380755483""
  }, {
    ""k"": ""run_file_create_date"",
    ""v"": ""2018-10-29T06:32:00.000Z""
  }, {
    ""k"": ""diet_sam"",
    ""v"": ""Chestnut""
  }, {
    ""k"": ""source_name_sam"",
    ""v"": ""Whole body tissue""
  }, {
    ""k"": ""tissue_sam_ss_dpl145"",
    ""v"": ""Whole body""
  }, {
    ""k"": ""virus_sam"",
    ""v"": ""Infected with IAPV""
  }, {
    ""k"": ""primary_search"",
    ""v"": ""10338912""
  }, {
    ""k"": ""primary_search"",
    ""v"": ""498919""
  }, {
    ""k"": ""primary_search"",
    ""v"": ""GSE121885""
  }, {
    ""k"": ""primary_search"",
    ""v"": ""GSM3449463""
  }, {
    ""k"": ""primary_search"",
    ""v"": ""GSM3449463_r1""
  }, {
    ""k"": ""primary_search"",
    ""v"": ""PRJNA498919""
  }, {
    ""k"": ""primary_search"",
    ""v"": ""SAMN10338912""
  }, {
    ""k"": ""primary_search"",
    ""v"": ""SRP167074""
  }, {
    ""k"": ""primary_search"",
    ""v"": ""SRR8121111""
  }, {
    ""k"": ""primary_search"",
    ""v"": ""SRS3989686""
  }, {
    ""k"": ""primary_search"",
    ""v"": ""SRX4947391""
  }]
}",1,"{""geo_accession_exp"": [""GSM3449463""], ""bases"": 703520500, ""bytes"": 380755483, ""run_file_create_date"": ""2018-10-29T06:32:00.000Z"", ""diet_sam"": [""Chestnut""], ""source_name_sam"": [""Whole body tissue""], ""tissue_sam_ss_dpl145"": [""Whole body""], ""virus_sam"": ""Infected with IAPV"", ""primary_search"": ""10338912""}","srr8121111 rna-seq geo public srx4947391 gsm3449463 illumina hiseq 2500 single cdna transcriptomic illumina srs3989686 samn10338912 apis mellifera srp167074 2018-10-31 00:00:00.000000 utc prjna498919  []    [] [] [] [] [fastq,run.zq,sra] [gs,ncbi,s3] [gs.us-east1,ncbi.public,s3.us-east-1] {
  ""attributes"": [{
    ""k"": ""geo_accession_exp"",
    ""v"": ""gsm3449463""
  }, {
    ""k"": ""bases"",
    ""v"": ""703520500""
  }, {
    ""k"": ""bytes"",
    ""v"": ""380755483""
  }, {
    ""k"": ""run_file_create_date"",
    ""v"": ""2018-10-29t06:32:00.000z""
  }, {
    ""k"": ""diet_sam"",
    ""v"": ""chestnut""
  }, {
    ""k"": ""source_name_sam"",
    ""v"": ""whole body tissue""
  }, {
    ""k"": ""tissue_sam_ss_dpl145"",
    ""v"": ""whole body""
  }, {
    ""k"": ""virus_sam"",
    ""v"": ""infected with iapv""
  }, {
    ""k"": ""primary_search"",
    ""v"": ""10338912""
  }, {
    ""k"": ""primary_search"",
    ""v"": ""498919""
  }, {
    ""k"": ""primary_search"",
    ""v"": ""gse121885""
  }, {
    ""k"": ""primary_search"",
    ""v"": ""gsm3449463""
  }, {
    ""k"": ""primary_search"",
    ""v"": ""gsm3449463_r1""
  }, {
    ""k"": ""primary_search"",
    ""v"": ""prjna498919""
  }, {
    ""k"": ""primary_search"",
    ""v"": ""samn10338912""
  }, {
    ""k"": ""primary_search"",
    ""v"": ""srp167074""
  }, {
    ""k"": ""primary_search"",
    ""v"": ""srr8121111""
  }, {
    ""k"": ""primary_search"",
    ""v"": ""srs3989686""
  }, {
    ""k"": ""primary_search"",
    ""v"": ""srx4947391""
  }]
} {""geo_accession_exp"": [""gsm3449463""], ""bases"": 703520500, ""bytes"": 380755483, ""run_file_create_date"": ""2018-10-29t06:32:00.000z"", ""diet_sam"": [""chestnut""], ""source_name_sam"": [""whole body tissue""], ""tissue_sam_ss_dpl145"": [""whole body""], ""virus_sam"": ""infected with iapv"", ""primary_search"": ""10338912""}",,1
SRR8121079,RNA-Seq,GEO,public,SRX4947375,GSM3449447,Illumina HiSeq 2500,SINGLE,cDNA,TRANSCRIPTOMIC,ILLUMINA,SRS3989669,SAMN10338928,Apis mellifera,SRP167074,2018-10-31 00:00:00.000000 UTC,PRJNA498919,359,NA,100,699,NA,,[],,,,[],[],[],[],"[fastq,run.zq,sra]","[gs,ncbi,s3]","[gs.us-east1,ncbi.public,s3.us-east-1]","{
  ""attributes"": [{
    ""k"": ""geo_accession_exp"",
    ""v"": ""GSM3449447""
  }, {
    ""k"": ""bases"",
    ""v"": ""699926600""
  }, {
    ""k"": ""bytes"",
    ""v"": ""377120713""
  }, {
    ""k"": ""run_file_create_date"",
    ""v"": ""2018-10-29T06:32:00.000Z""
  }, {
    ""k"": ""diet_sam"",
    ""v"": ""Chestnut""
  }, {
    ""k"": ""source_name_sam"",
    ""v"": ""Whole body tissue""
  }, {
    ""k"": ""tissue_sam_ss_dpl145"",
    ""v"": ""Whole body""
  }, {
    ""k"": ""virus_sam"",
    ""v"": ""Not infected with IAPV""
  }, {
    ""k"": ""primary_search"",
    ""v"": ""10338928""
  }, {
    ""k"": ""primary_search"",
    ""v"": ""498919""
  }, {
    ""k"": ""primary_search"",
    ""v"": ""GSE121885""
  }, {
    ""k"": ""primary_search"",
    ""v"": ""GSM3449447""
  }, {
    ""k"": ""primary_search"",
    ""v"": ""GSM3449447_r1""
  }, {
    ""k"": ""primary_search"",
    ""v"": ""PRJNA498919""
  }, {
    ""k"": ""primary_search"",
    ""v"": ""SAMN10338928""
  }, {
    ""k"": ""primary_search"",
    ""v"": ""SRP167074""
  }, {
    ""k"": ""primary_search"",
    ""v"": ""SRR8121079""
  }, {
    ""k"": ""primary_search"",
    ""v"": ""SRS3989669""
  }, {
    ""k"": ""primary_search"",
    ""v"": ""SRX4947375""
  }]
}",1,"{""geo_accession_exp"": [""GSM3449447""], ""bases"": 699926600, ""bytes"": 377120713, ""run_file_create_date"": ""2018-10-29T06:32:00.000Z"", ""diet_sam"": [""Chestnut""], ""source_name_sam"": [""Whole body tissue""], ""tissue_sam_ss_dpl145"": [""Whole body""], ""virus_sam"": ""Not infected with IAPV"", ""primary_search"": ""10338928""}","srr8121079 rna-seq geo public srx4947375 gsm3449447 illumina hiseq 2500 single cdna transcriptomic illumina srs3989669 samn10338928 apis mellifera srp167074 2018-10-31 00:00:00.000000 utc prjna498919  []    [] [] [] [] [fastq,run.zq,sra] [gs,ncbi,s3] [gs.us-east1,ncbi.public,s3.us-east-1] {
  ""attributes"": [{
    ""k"": ""geo_accession_exp"",
    ""v"": ""gsm3449447""
  }, {
    ""k"": ""bases"",
    ""v"": ""699926600""
  }, {
    ""k"": ""bytes"",
    ""v"": ""377120713""
  }, {
    ""k"": ""run_file_create_date"",
    ""v"": ""2018-10-29t06:32:00.000z""
  }, {
    ""k"": ""diet_sam"",
    ""v"": ""chestnut""
  }, {
    ""k"": ""source_name_sam"",
    ""v"": ""whole body tissue""
  }, {
    ""k"": ""tissue_sam_ss_dpl145"",
    ""v"": ""whole body""
  }, {
    ""k"": ""virus_sam"",
    ""v"": ""not infected with iapv""
  }, {
    ""k"": ""primary_search"",
    ""v"": ""10338928""
  }, {
    ""k"": ""primary_search"",
    ""v"": ""498919""
  }, {
    ""k"": ""primary_search"",
    ""v"": ""gse121885""
  }, {
    ""k"": ""primary_search"",
    ""v"": ""gsm3449447""
  }, {
    ""k"": ""primary_search"",
    ""v"": ""gsm3449447_r1""
  }, {
    ""k"": ""primary_search"",
    ""v"": ""prjna498919""
  }, {
    ""k"": ""primary_search"",
    ""v"": ""samn10338928""
  }, {
    ""k"": ""primary_search"",
    ""v"": ""srp167074""
  }, {
    ""k"": ""primary_search"",
    ""v"": ""srr8121079""
  }, {
    ""k"": ""primary_search"",
    ""v"": ""srs3989669""
  }, {
    ""k"": ""primary_search"",
    ""v"": ""srx4947375""
  }]
} {""geo_accession_exp"": [""gsm3449447""], ""bases"": 699926600, ""bytes"": 377120713, ""run_file_create_date"": ""2018-10-29t06:32:00.000z"", ""diet_sam"": [""chestnut""], ""source_name_sam"": [""whole body tissue""], ""tissue_sam_ss_dpl145"": [""whole body""], ""virus_sam"": ""not infected with iapv"", ""primary_search"": ""10338928""}",,1
SRR8121093,RNA-Seq,GEO,public,SRX4947382,GSM3449454,Illumina HiSeq 2500,SINGLE,cDNA,TRANSCRIPTOMIC,ILLUMINA,SRS3989676,SAMN10338921,Apis mellifera,SRP167074,2018-10-31 00:00:00.000000 UTC,PRJNA498919,333,NA,100,653,NA,,[],,,,[],[],[],[],"[fastq,run.zq,sra]","[gs,ncbi,s3]","[gs.us-east1,ncbi.public,s3.us-east-1]","{
  ""attributes"": [{
    ""k"": ""geo_accession_exp"",
    ""v"": ""GSM3449454""
  }, {
    ""k"": ""bases"",
    ""v"": ""653638700""
  }, {
    ""k"": ""bytes"",
    ""v"": ""349968312""
  }, {
    ""k"": ""run_file_create_date"",
    ""v"": ""2018-10-29T06:32:00.000Z""
  }, {
    ""k"": ""diet_sam"",
    ""v"": ""Rockrose""
  }, {
    ""k"": ""source_name_sam"",
    ""v"": ""Whole body tissue""
  }, {
    ""k"": ""tissue_sam_ss_dpl145"",
    ""v"": ""Whole body""
  }, {
    ""k"": ""virus_sam"",
    ""v"": ""Not infected with IAPV""
  }, {
    ""k"": ""primary_search"",
    ""v"": ""10338921""
  }, {
    ""k"": ""primary_search"",
    ""v"": ""498919""
  }, {
    ""k"": ""primary_search"",
    ""v"": ""GSE121885""
  }, {
    ""k"": ""primary_search"",
    ""v"": ""GSM3449454""
  }, {
    ""k"": ""primary_search"",
    ""v"": ""GSM3449454_r1""
  }, {
    ""k"": ""primary_search"",
    ""v"": ""PRJNA498919""
  }, {
    ""k"": ""primary_search"",
    ""v"": ""SAMN10338921""
  }, {
    ""k"": ""primary_search"",
    ""v"": ""SRP167074""
  }, {
    ""k"": ""primary_search"",
    ""v"": ""SRR8121093""
  }, {
    ""k"": ""primary_search"",
    ""v"": ""SRS3989676""
  }, {
    ""k"": ""primary_search"",
    ""v"": ""SRX4947382""
  }]
}",1,"{""geo_accession_exp"": [""GSM3449454""], ""bases"": 653638700, ""bytes"": 349968312, ""run_file_create_date"": ""2018-10-29T06:32:00.000Z"", ""diet_sam"": [""Rockrose""], ""source_name_sam"": [""Whole body tissue""], ""tissue_sam_ss_dpl145"": [""Whole body""], ""virus_sam"": ""Not infected with IAPV"", ""primary_search"": ""10338921""}","srr8121093 rna-seq geo public srx4947382 gsm3449454 illumina hiseq 2500 single cdna transcriptomic illumina srs3989676 samn10338921 apis mellifera srp167074 2018-10-31 00:00:00.000000 utc prjna498919  []    [] [] [] [] [fastq,run.zq,sra] [gs,ncbi,s3] [gs.us-east1,ncbi.public,s3.us-east-1] {
  ""attributes"": [{
    ""k"": ""geo_accession_exp"",
    ""v"": ""gsm3449454""
  }, {
    ""k"": ""bases"",
    ""v"": ""653638700""
  }, {
    ""k"": ""bytes"",
    ""v"": ""349968312""
  }, {
    ""k"": ""run_file_create_date"",
    ""v"": ""2018-10-29t06:32:00.000z""
  }, {
    ""k"": ""diet_sam"",
    ""v"": ""rockrose""
  }, {
    ""k"": ""source_name_sam"",
    ""v"": ""whole body tissue""
  }, {
    ""k"": ""tissue_sam_ss_dpl145"",
    ""v"": ""whole body""
  }, {
    ""k"": ""virus_sam"",
    ""v"": ""not infected with iapv""
  }, {
    ""k"": ""primary_search"",
    ""v"": ""10338921""
  }, {
    ""k"": ""primary_search"",
    ""v"": ""498919""
  }, {
    ""k"": ""primary_search"",
    ""v"": ""gse121885""
  }, {
    ""k"": ""primary_search"",
    ""v"": ""gsm3449454""
  }, {
    ""k"": ""primary_search"",
    ""v"": ""gsm3449454_r1""
  }, {
    ""k"": ""primary_search"",
    ""v"": ""prjna498919""
  }, {
    ""k"": ""primary_search"",
    ""v"": ""samn10338921""
  }, {
    ""k"": ""primary_search"",
    ""v"": ""srp167074""
  }, {
    ""k"": ""primary_search"",
    ""v"": ""srr8121093""
  }, {
    ""k"": ""primary_search"",
    ""v"": ""srs3989676""
  }, {
    ""k"": ""primary_search"",
    ""v"": ""srx4947382""
  }]
} {""geo_accession_exp"": [""gsm3449454""], ""bases"": 653638700, ""bytes"": 349968312, ""run_file_create_date"": ""2018-10-29t06:32:00.000z"", ""diet_sam"": [""rockrose""], ""source_name_sam"": [""whole body tissue""], ""tissue_sam_ss_dpl145"": [""whole body""], ""virus_sam"": ""not infected with iapv"", ""primary_search"": ""10338921""}",,1
SRR8121101,RNA-Seq,GEO,public,SRX4947386,GSM3449458,Illumina HiSeq 2500,SINGLE,cDNA,TRANSCRIPTOMIC,ILLUMINA,SRS3989680,SAMN10338917,Apis mellifera,SRP167074,2018-10-31 00:00:00.000000 UTC,PRJNA498919,258,NA,100,494,NA,,[],,,,[],[],[],[],"[fastq,run.zq,sra]","[gs,ncbi,s3]","[gs.us-east1,ncbi.public,s3.us-east-1]","{
  ""attributes"": [{
    ""k"": ""geo_accession_exp"",
    ""v"": ""GSM3449458""
  }, {
    ""k"": ""bases"",
    ""v"": ""494148400""
  }, {
    ""k"": ""bytes"",
    ""v"": ""271269617""
  }, {
    ""k"": ""run_file_create_date"",
    ""v"": ""2018-10-29T06:32:00.000Z""
  }, {
    ""k"": ""diet_sam"",
    ""v"": ""Chestnut""
  }, {
    ""k"": ""source_name_sam"",
    ""v"": ""Whole body tissue""
  }, {
    ""k"": ""tissue_sam_ss_dpl145"",
    ""v"": ""Whole body""
  }, {
    ""k"": ""virus_sam"",
    ""v"": ""Infected with IAPV""
  }, {
    ""k"": ""primary_search"",
    ""v"": ""10338917""
  }, {
    ""k"": ""primary_search"",
    ""v"": ""498919""
  }, {
    ""k"": ""primary_search"",
    ""v"": ""GSE121885""
  }, {
    ""k"": ""primary_search"",
    ""v"": ""GSM3449458""
  }, {
    ""k"": ""primary_search"",
    ""v"": ""GSM3449458_r1""
  }, {
    ""k"": ""primary_search"",
    ""v"": ""PRJNA498919""
  }, {
    ""k"": ""primary_search"",
    ""v"": ""SAMN10338917""
  }, {
    ""k"": ""primary_search"",
    ""v"": ""SRP167074""
  }, {
    ""k"": ""primary_search"",
    ""v"": ""SRR8121101""
  }, {
    ""k"": ""primary_search"",
    ""v"": ""SRS3989680""
  }, {
    ""k"": ""primary_search"",
    ""v"": ""SRX4947386""
  }]
}",1,"{""geo_accession_exp"": [""GSM3449458""], ""bases"": 494148400, ""bytes"": 271269617, ""run_file_create_date"": ""2018-10-29T06:32:00.000Z"", ""diet_sam"": [""Chestnut""], ""source_name_sam"": [""Whole body tissue""], ""tissue_sam_ss_dpl145"": [""Whole body""], ""virus_sam"": ""Infected with IAPV"", ""primary_search"": ""10338917""}","srr8121101 rna-seq geo public srx4947386 gsm3449458 illumina hiseq 2500 single cdna transcriptomic illumina srs3989680 samn10338917 apis mellifera srp167074 2018-10-31 00:00:00.000000 utc prjna498919  []    [] [] [] [] [fastq,run.zq,sra] [gs,ncbi,s3] [gs.us-east1,ncbi.public,s3.us-east-1] {
  ""attributes"": [{
    ""k"": ""geo_accession_exp"",
    ""v"": ""gsm3449458""
  }, {
    ""k"": ""bases"",
    ""v"": ""494148400""
  }, {
    ""k"": ""bytes"",
    ""v"": ""271269617""
  }, {
    ""k"": ""run_file_create_date"",
    ""v"": ""2018-10-29t06:32:00.000z""
  }, {
    ""k"": ""diet_sam"",
    ""v"": ""chestnut""
  }, {
    ""k"": ""source_name_sam"",
    ""v"": ""whole body tissue""
  }, {
    ""k"": ""tissue_sam_ss_dpl145"",
    ""v"": ""whole body""
  }, {
    ""k"": ""virus_sam"",
    ""v"": ""infected with iapv""
  }, {
    ""k"": ""primary_search"",
    ""v"": ""10338917""
  }, {
    ""k"": ""primary_search"",
    ""v"": ""498919""
  }, {
    ""k"": ""primary_search"",
    ""v"": ""gse121885""
  }, {
    ""k"": ""primary_search"",
    ""v"": ""gsm3449458""
  }, {
    ""k"": ""primary_search"",
    ""v"": ""gsm3449458_r1""
  }, {
    ""k"": ""primary_search"",
    ""v"": ""prjna498919""
  }, {
    ""k"": ""primary_search"",
    ""v"": ""samn10338917""
  }, {
    ""k"": ""primary_search"",
    ""v"": ""srp167074""
  }, {
    ""k"": ""primary_search"",
    ""v"": ""srr8121101""
  }, {
    ""k"": ""primary_search"",
    ""v"": ""srs3989680""
  }, {
    ""k"": ""primary_search"",
    ""v"": ""srx4947386""
  }]
} {""geo_accession_exp"": [""gsm3449458""], ""bases"": 494148400, ""bytes"": 271269617, ""run_file_create_date"": ""2018-10-29t06:32:00.000z"", ""diet_sam"": [""chestnut""], ""source_name_sam"": [""whole body tissue""], ""tissue_sam_ss_dpl145"": [""whole body""], ""virus_sam"": ""infected with iapv"", ""primary_search"": ""10338917""}",,1
SRR8121082,RNA-Seq,GEO,public,SRX4947376,GSM3449448,Illumina HiSeq 2500,SINGLE,cDNA,TRANSCRIPTOMIC,ILLUMINA,SRS3989670,SAMN10338927,Apis mellifera,SRP167074,2018-10-31 00:00:00.000000 UTC,PRJNA498919,383,NA,100,751,NA,,[],,,,[],[],[],[],"[fastq,run.zq,sra]","[gs,ncbi,s3]","[gs.us-east1,ncbi.public,s3.us-east-1]","{
  ""attributes"": [{
    ""k"": ""geo_accession_exp"",
    ""v"": ""GSM3449448""
  }, {
    ""k"": ""bases"",
    ""v"": ""751870400""
  }, {
    ""k"": ""bytes"",
    ""v"": ""402260210""
  }, {
    ""k"": ""run_file_create_date"",
    ""v"": ""2018-10-29T06:32:00.000Z""
  }, {
    ""k"": ""diet_sam"",
    ""v"": ""Chestnut""
  }, {
    ""k"": ""source_name_sam"",
    ""v"": ""Whole body tissue""
  }, {
    ""k"": ""tissue_sam_ss_dpl145"",
    ""v"": ""Whole body""
  }, {
    ""k"": ""virus_sam"",
    ""v"": ""Not infected with IAPV""
  }, {
    ""k"": ""primary_search"",
    ""v"": ""10338927""
  }, {
    ""k"": ""primary_search"",
    ""v"": ""498919""
  }, {
    ""k"": ""primary_search"",
    ""v"": ""GSE121885""
  }, {
    ""k"": ""primary_search"",
    ""v"": ""GSM3449448""
  }, {
    ""k"": ""primary_search"",
    ""v"": ""GSM3449448_r2""
  }, {
    ""k"": ""primary_search"",
    ""v"": ""PRJNA498919""
  }, {
    ""k"": ""primary_search"",
    ""v"": ""SAMN10338927""
  }, {
    ""k"": ""primary_search"",
    ""v"": ""SRP167074""
  }, {
    ""k"": ""primary_search"",
    ""v"": ""SRR8121082""
  }, {
    ""k"": ""primary_search"",
    ""v"": ""SRS3989670""
  }, {
    ""k"": ""primary_search"",
    ""v"": ""SRX4947376""
  }]
}",1,"{""geo_accession_exp"": [""GSM3449448""], ""bases"": 751870400, ""bytes"": 402260210, ""run_file_create_date"": ""2018-10-29T06:32:00.000Z"", ""diet_sam"": [""Chestnut""], ""source_name_sam"": [""Whole body tissue""], ""tissue_sam_ss_dpl145"": [""Whole body""], ""virus_sam"": ""Not infected with IAPV"", ""primary_search"": ""10338927""}","srr8121082 rna-seq geo public srx4947376 gsm3449448 illumina hiseq 2500 single cdna transcriptomic illumina srs3989670 samn10338927 apis mellifera srp167074 2018-10-31 00:00:00.000000 utc prjna498919  []    [] [] [] [] [fastq,run.zq,sra] [gs,ncbi,s3] [gs.us-east1,ncbi.public,s3.us-east-1] {
  ""attributes"": [{
    ""k"": ""geo_accession_exp"",
    ""v"": ""gsm3449448""
  }, {
    ""k"": ""bases"",
    ""v"": ""751870400""
  }, {
    ""k"": ""bytes"",
    ""v"": ""402260210""
  }, {
    ""k"": ""run_file_create_date"",
    ""v"": ""2018-10-29t06:32:00.000z""
  }, {
    ""k"": ""diet_sam"",
    ""v"": ""chestnut""
  }, {
    ""k"": ""source_name_sam"",
    ""v"": ""whole body tissue""
  }, {
    ""k"": ""tissue_sam_ss_dpl145"",
    ""v"": ""whole body""
  }, {
    ""k"": ""virus_sam"",
    ""v"": ""not infected with iapv""
  }, {
    ""k"": ""primary_search"",
    ""v"": ""10338927""
  }, {
    ""k"": ""primary_search"",
    ""v"": ""498919""
  }, {
    ""k"": ""primary_search"",
    ""v"": ""gse121885""
  }, {
    ""k"": ""primary_search"",
    ""v"": ""gsm3449448""
  }, {
    ""k"": ""primary_search"",
    ""v"": ""gsm3449448_r2""
  }, {
    ""k"": ""primary_search"",
    ""v"": ""prjna498919""
  }, {
    ""k"": ""primary_search"",
    ""v"": ""samn10338927""
  }, {
    ""k"": ""primary_search"",
    ""v"": ""srp167074""
  }, {
    ""k"": ""primary_search"",
    ""v"": ""srr8121082""
  }, {
    ""k"": ""primary_search"",
    ""v"": ""srs3989670""
  }, {
    ""k"": ""primary_search"",
    ""v"": ""srx4947376""
  }]
} {""geo_accession_exp"": [""gsm3449448""], ""bases"": 751870400, ""bytes"": 402260210, ""run_file_create_date"": ""2018-10-29t06:32:00.000z"", ""diet_sam"": [""chestnut""], ""source_name_sam"": [""whole body tissue""], ""tissue_sam_ss_dpl145"": [""whole body""], ""virus_sam"": ""not infected with iapv"", ""primary_search"": ""10338927""}",,1
SRR8121089,RNA-Seq,GEO,public,SRX4947380,GSM3449452,Illumina HiSeq 2500,SINGLE,cDNA,TRANSCRIPTOMIC,ILLUMINA,SRS3989674,SAMN10338923,Apis mellifera,SRP167074,2018-10-31 00:00:00.000000 UTC,PRJNA498919,345,NA,100,668,NA,,[],,,,[],[],[],[],"[fastq,run.zq,sra]","[gs,ncbi,s3]","[gs.us-east1,ncbi.public,s3.us-east-1]","{
  ""attributes"": [{
    ""k"": ""geo_accession_exp"",
    ""v"": ""GSM3449452""
  }, {
    ""k"": ""bases"",
    ""v"": ""668128100""
  }, {
    ""k"": ""bytes"",
    ""v"": ""362632415""
  }, {
    ""k"": ""run_file_create_date"",
    ""v"": ""2018-10-29T06:32:00.000Z""
  }, {
    ""k"": ""diet_sam"",
    ""v"": ""Rockrose""
  }, {
    ""k"": ""source_name_sam"",
    ""v"": ""Whole body tissue""
  }, {
    ""k"": ""tissue_sam_ss_dpl145"",
    ""v"": ""Whole body""
  }, {
    ""k"": ""virus_sam"",
    ""v"": ""Not infected with IAPV""
  }, {
    ""k"": ""primary_search"",
    ""v"": ""10338923""
  }, {
    ""k"": ""primary_search"",
    ""v"": ""498919""
  }, {
    ""k"": ""primary_search"",
    ""v"": ""GSE121885""
  }, {
    ""k"": ""primary_search"",
    ""v"": ""GSM3449452""
  }, {
    ""k"": ""primary_search"",
    ""v"": ""GSM3449452_r1""
  }, {
    ""k"": ""primary_search"",
    ""v"": ""PRJNA498919""
  }, {
    ""k"": ""primary_search"",
    ""v"": ""SAMN10338923""
  }, {
    ""k"": ""primary_search"",
    ""v"": ""SRP167074""
  }, {
    ""k"": ""primary_search"",
    ""v"": ""SRR8121089""
  }, {
    ""k"": ""primary_search"",
    ""v"": ""SRS3989674""
  }, {
    ""k"": ""primary_search"",
    ""v"": ""SRX4947380""
  }]
}",1,"{""geo_accession_exp"": [""GSM3449452""], ""bases"": 668128100, ""bytes"": 362632415, ""run_file_create_date"": ""2018-10-29T06:32:00.000Z"", ""diet_sam"": [""Rockrose""], ""source_name_sam"": [""Whole body tissue""], ""tissue_sam_ss_dpl145"": [""Whole body""], ""virus_sam"": ""Not infected with IAPV"", ""primary_search"": ""10338923""}","srr8121089 rna-seq geo public srx4947380 gsm3449452 illumina hiseq 2500 single cdna transcriptomic illumina srs3989674 samn10338923 apis mellifera srp167074 2018-10-31 00:00:00.000000 utc prjna498919  []    [] [] [] [] [fastq,run.zq,sra] [gs,ncbi,s3] [gs.us-east1,ncbi.public,s3.us-east-1] {
  ""attributes"": [{
    ""k"": ""geo_accession_exp"",
    ""v"": ""gsm3449452""
  }, {
    ""k"": ""bases"",
    ""v"": ""668128100""
  }, {
    ""k"": ""bytes"",
    ""v"": ""362632415""
  }, {
    ""k"": ""run_file_create_date"",
    ""v"": ""2018-10-29t06:32:00.000z""
  }, {
    ""k"": ""diet_sam"",
    ""v"": ""rockrose""
  }, {
    ""k"": ""source_name_sam"",
    ""v"": ""whole body tissue""
  }, {
    ""k"": ""tissue_sam_ss_dpl145"",
    ""v"": ""whole body""
  }, {
    ""k"": ""virus_sam"",
    ""v"": ""not infected with iapv""
  }, {
    ""k"": ""primary_search"",
    ""v"": ""10338923""
  }, {
    ""k"": ""primary_search"",
    ""v"": ""498919""
  }, {
    ""k"": ""primary_search"",
    ""v"": ""gse121885""
  }, {
    ""k"": ""primary_search"",
    ""v"": ""gsm3449452""
  }, {
    ""k"": ""primary_search"",
    ""v"": ""gsm3449452_r1""
  }, {
    ""k"": ""primary_search"",
    ""v"": ""prjna498919""
  }, {
    ""k"": ""primary_search"",
    ""v"": ""samn10338923""
  }, {
    ""k"": ""primary_search"",
    ""v"": ""srp167074""
  }, {
    ""k"": ""primary_search"",
    ""v"": ""srr8121089""
  }, {
    ""k"": ""primary_search"",
    ""v"": ""srs3989674""
  }, {
    ""k"": ""primary_search"",
    ""v"": ""srx4947380""
  }]
} {""geo_accession_exp"": [""gsm3449452""], ""bases"": 668128100, ""bytes"": 362632415, ""run_file_create_date"": ""2018-10-29t06:32:00.000z"", ""diet_sam"": [""rockrose""], ""source_name_sam"": [""whole body tissue""], ""tissue_sam_ss_dpl145"": [""whole body""], ""virus_sam"": ""not infected with iapv"", ""primary_search"": ""10338923""}",,1
SRR8121098,RNA-Seq,GEO,public,SRX4947384,GSM3449456,Illumina HiSeq 2500,SINGLE,cDNA,TRANSCRIPTOMIC,ILLUMINA,SRS3989678,SAMN10338919,Apis mellifera,SRP167074,2018-10-31 00:00:00.000000 UTC,PRJNA498919,401,NA,100,784,NA,,[],,,,[],[],[],[],"[fastq,run.zq,sra]","[gs,ncbi,s3]","[gs.us-east1,ncbi.public,s3.us-east-1]","{
  ""attributes"": [{
    ""k"": ""geo_accession_exp"",
    ""v"": ""GSM3449456""
  }, {
    ""k"": ""bases"",
    ""v"": ""784524200""
  }, {
    ""k"": ""bytes"",
    ""v"": ""421506229""
  }, {
    ""k"": ""run_file_create_date"",
    ""v"": ""2018-10-29T06:32:00.000Z""
  }, {
    ""k"": ""diet_sam"",
    ""v"": ""Rockrose""
  }, {
    ""k"": ""source_name_sam"",
    ""v"": ""Whole body tissue""
  }, {
    ""k"": ""tissue_sam_ss_dpl145"",
    ""v"": ""Whole body""
  }, {
    ""k"": ""virus_sam"",
    ""v"": ""Not infected with IAPV""
  }, {
    ""k"": ""primary_search"",
    ""v"": ""10338919""
  }, {
    ""k"": ""primary_search"",
    ""v"": ""498919""
  }, {
    ""k"": ""primary_search"",
    ""v"": ""GSE121885""
  }, {
    ""k"": ""primary_search"",
    ""v"": ""GSM3449456""
  }, {
    ""k"": ""primary_search"",
    ""v"": ""GSM3449456_r2""
  }, {
    ""k"": ""primary_search"",
    ""v"": ""PRJNA498919""
  }, {
    ""k"": ""primary_search"",
    ""v"": ""SAMN10338919""
  }, {
    ""k"": ""primary_search"",
    ""v"": ""SRP167074""
  }, {
    ""k"": ""primary_search"",
    ""v"": ""SRR8121098""
  }, {
    ""k"": ""primary_search"",
    ""v"": ""SRS3989678""
  }, {
    ""k"": ""primary_search"",
    ""v"": ""SRX4947384""
  }]
}",1,"{""geo_accession_exp"": [""GSM3449456""], ""bases"": 784524200, ""bytes"": 421506229, ""run_file_create_date"": ""2018-10-29T06:32:00.000Z"", ""diet_sam"": [""Rockrose""], ""source_name_sam"": [""Whole body tissue""], ""tissue_sam_ss_dpl145"": [""Whole body""], ""virus_sam"": ""Not infected with IAPV"", ""primary_search"": ""10338919""}","srr8121098 rna-seq geo public srx4947384 gsm3449456 illumina hiseq 2500 single cdna transcriptomic illumina srs3989678 samn10338919 apis mellifera srp167074 2018-10-31 00:00:00.000000 utc prjna498919  []    [] [] [] [] [fastq,run.zq,sra] [gs,ncbi,s3] [gs.us-east1,ncbi.public,s3.us-east-1] {
  ""attributes"": [{
    ""k"": ""geo_accession_exp"",
    ""v"": ""gsm3449456""
  }, {
    ""k"": ""bases"",
    ""v"": ""784524200""
  }, {
    ""k"": ""bytes"",
    ""v"": ""421506229""
  }, {
    ""k"": ""run_file_create_date"",
    ""v"": ""2018-10-29t06:32:00.000z""
  }, {
    ""k"": ""diet_sam"",
    ""v"": ""rockrose""
  }, {
    ""k"": ""source_name_sam"",
    ""v"": ""whole body tissue""
  }, {
    ""k"": ""tissue_sam_ss_dpl145"",
    ""v"": ""whole body""
  }, {
    ""k"": ""virus_sam"",
    ""v"": ""not infected with iapv""
  }, {
    ""k"": ""primary_search"",
    ""v"": ""10338919""
  }, {
    ""k"": ""primary_search"",
    ""v"": ""498919""
  }, {
    ""k"": ""primary_search"",
    ""v"": ""gse121885""
  }, {
    ""k"": ""primary_search"",
    ""v"": ""gsm3449456""
  }, {
    ""k"": ""primary_search"",
    ""v"": ""gsm3449456_r2""
  }, {
    ""k"": ""primary_search"",
    ""v"": ""prjna498919""
  }, {
    ""k"": ""primary_search"",
    ""v"": ""samn10338919""
  }, {
    ""k"": ""primary_search"",
    ""v"": ""srp167074""
  }, {
    ""k"": ""primary_search"",
    ""v"": ""srr8121098""
  }, {
    ""k"": ""primary_search"",
    ""v"": ""srs3989678""
  }, {
    ""k"": ""primary_search"",
    ""v"": ""srx4947384""
  }]
} {""geo_accession_exp"": [""gsm3449456""], ""bases"": 784524200, ""bytes"": 421506229, ""run_file_create_date"": ""2018-10-29t06:32:00.000z"", ""diet_sam"": [""rockrose""], ""source_name_sam"": [""whole body tissue""], ""tissue_sam_ss_dpl145"": [""whole body""], ""virus_sam"": ""not infected with iapv"", ""primary_search"": ""10338919""}",,1
SRR8121112,RNA-Seq,GEO,public,SRX4947391,GSM3449463,Illumina HiSeq 2500,SINGLE,cDNA,TRANSCRIPTOMIC,ILLUMINA,SRS3989686,SAMN10338912,Apis mellifera,SRP167074,2018-10-31 00:00:00.000000 UTC,PRJNA498919,363,NA,100,701,NA,,[],,,,[],[],[],[],"[fastq,run.zq,sra]","[gs,ncbi,s3]","[gs.us-east1,ncbi.public,s3.us-east-1]","{
  ""attributes"": [{
    ""k"": ""geo_accession_exp"",
    ""v"": ""GSM3449463""
  }, {
    ""k"": ""bases"",
    ""v"": ""701181700""
  }, {
    ""k"": ""bytes"",
    ""v"": ""381484702""
  }, {
    ""k"": ""run_file_create_date"",
    ""v"": ""2018-10-29T06:32:00.000Z""
  }, {
    ""k"": ""diet_sam"",
    ""v"": ""Chestnut""
  }, {
    ""k"": ""source_name_sam"",
    ""v"": ""Whole body tissue""
  }, {
    ""k"": ""tissue_sam_ss_dpl145"",
    ""v"": ""Whole body""
  }, {
    ""k"": ""virus_sam"",
    ""v"": ""Infected with IAPV""
  }, {
    ""k"": ""primary_search"",
    ""v"": ""10338912""
  }, {
    ""k"": ""primary_search"",
    ""v"": ""498919""
  }, {
    ""k"": ""primary_search"",
    ""v"": ""GSE121885""
  }, {
    ""k"": ""primary_search"",
    ""v"": ""GSM3449463""
  }, {
    ""k"": ""primary_search"",
    ""v"": ""GSM3449463_r2""
  }, {
    ""k"": ""primary_search"",
    ""v"": ""PRJNA498919""
  }, {
    ""k"": ""primary_search"",
    ""v"": ""SAMN10338912""
  }, {
    ""k"": ""primary_search"",
    ""v"": ""SRP167074""
  }, {
    ""k"": ""primary_search"",
    ""v"": ""SRR8121112""
  }, {
    ""k"": ""primary_search"",
    ""v"": ""SRS3989686""
  }, {
    ""k"": ""primary_search"",
    ""v"": ""SRX4947391""
  }]
}",1,"{""geo_accession_exp"": [""GSM3449463""], ""bases"": 701181700, ""bytes"": 381484702, ""run_file_create_date"": ""2018-10-29T06:32:00.000Z"", ""diet_sam"": [""Chestnut""], ""source_name_sam"": [""Whole body tissue""], ""tissue_sam_ss_dpl145"": [""Whole body""], ""virus_sam"": ""Infected with IAPV"", ""primary_search"": ""10338912""}","srr8121112 rna-seq geo public srx4947391 gsm3449463 illumina hiseq 2500 single cdna transcriptomic illumina srs3989686 samn10338912 apis mellifera srp167074 2018-10-31 00:00:00.000000 utc prjna498919  []    [] [] [] [] [fastq,run.zq,sra] [gs,ncbi,s3] [gs.us-east1,ncbi.public,s3.us-east-1] {
  ""attributes"": [{
    ""k"": ""geo_accession_exp"",
    ""v"": ""gsm3449463""
  }, {
    ""k"": ""bases"",
    ""v"": ""701181700""
  }, {
    ""k"": ""bytes"",
    ""v"": ""381484702""
  }, {
    ""k"": ""run_file_create_date"",
    ""v"": ""2018-10-29t06:32:00.000z""
  }, {
    ""k"": ""diet_sam"",
    ""v"": ""chestnut""
  }, {
    ""k"": ""source_name_sam"",
    ""v"": ""whole body tissue""
  }, {
    ""k"": ""tissue_sam_ss_dpl145"",
    ""v"": ""whole body""
  }, {
    ""k"": ""virus_sam"",
    ""v"": ""infected with iapv""
  }, {
    ""k"": ""primary_search"",
    ""v"": ""10338912""
  }, {
    ""k"": ""primary_search"",
    ""v"": ""498919""
  }, {
    ""k"": ""primary_search"",
    ""v"": ""gse121885""
  }, {
    ""k"": ""primary_search"",
    ""v"": ""gsm3449463""
  }, {
    ""k"": ""primary_search"",
    ""v"": ""gsm3449463_r2""
  }, {
    ""k"": ""primary_search"",
    ""v"": ""prjna498919""
  }, {
    ""k"": ""primary_search"",
    ""v"": ""samn10338912""
  }, {
    ""k"": ""primary_search"",
    ""v"": ""srp167074""
  }, {
    ""k"": ""primary_search"",
    ""v"": ""srr8121112""
  }, {
    ""k"": ""primary_search"",
    ""v"": ""srs3989686""
  }, {
    ""k"": ""primary_search"",
    ""v"": ""srx4947391""
  }]
} {""geo_accession_exp"": [""gsm3449463""], ""bases"": 701181700, ""bytes"": 381484702, ""run_file_create_date"": ""2018-10-29t06:32:00.000z"", ""diet_sam"": [""chestnut""], ""source_name_sam"": [""whole body tissue""], ""tissue_sam_ss_dpl145"": [""whole body""], ""virus_sam"": ""infected with iapv"", ""primary_search"": ""10338912""}",,1
SRR8121105,RNA-Seq,GEO,public,SRX4947388,GSM3449460,Illumina HiSeq 2500,SINGLE,cDNA,TRANSCRIPTOMIC,ILLUMINA,SRS3989683,SAMN10338915,Apis mellifera,SRP167074,2018-10-31 00:00:00.000000 UTC,PRJNA498919,380,NA,100,735,NA,,[],,,,[],[],[],[],"[fastq,run.zq,sra]","[gs,ncbi,s3]","[gs.us-east1,ncbi.public,s3.us-east-1]","{
  ""attributes"": [{
    ""k"": ""geo_accession_exp"",
    ""v"": ""GSM3449460""
  }, {
    ""k"": ""bases"",
    ""v"": ""735144500""
  }, {
    ""k"": ""bytes"",
    ""v"": ""398565345""
  }, {
    ""k"": ""run_file_create_date"",
    ""v"": ""2018-10-29T06:33:00.000Z""
  }, {
    ""k"": ""diet_sam"",
    ""v"": ""Chestnut""
  }, {
    ""k"": ""source_name_sam"",
    ""v"": ""Whole body tissue""
  }, {
    ""k"": ""tissue_sam_ss_dpl145"",
    ""v"": ""Whole body""
  }, {
    ""k"": ""virus_sam"",
    ""v"": ""Infected with IAPV""
  }, {
    ""k"": ""primary_search"",
    ""v"": ""10338915""
  }, {
    ""k"": ""primary_search"",
    ""v"": ""498919""
  }, {
    ""k"": ""primary_search"",
    ""v"": ""GSE121885""
  }, {
    ""k"": ""primary_search"",
    ""v"": ""GSM3449460""
  }, {
    ""k"": ""primary_search"",
    ""v"": ""GSM3449460_r1""
  }, {
    ""k"": ""primary_search"",
    ""v"": ""PRJNA498919""
  }, {
    ""k"": ""primary_search"",
    ""v"": ""SAMN10338915""
  }, {
    ""k"": ""primary_search"",
    ""v"": ""SRP167074""
  }, {
    ""k"": ""primary_search"",
    ""v"": ""SRR8121105""
  }, {
    ""k"": ""primary_search"",
    ""v"": ""SRS3989683""
  }, {
    ""k"": ""primary_search"",
    ""v"": ""SRX4947388""
  }]
}",1,"{""geo_accession_exp"": [""GSM3449460""], ""bases"": 735144500, ""bytes"": 398565345, ""run_file_create_date"": ""2018-10-29T06:33:00.000Z"", ""diet_sam"": [""Chestnut""], ""source_name_sam"": [""Whole body tissue""], ""tissue_sam_ss_dpl145"": [""Whole body""], ""virus_sam"": ""Infected with IAPV"", ""primary_search"": ""10338915""}","srr8121105 rna-seq geo public srx4947388 gsm3449460 illumina hiseq 2500 single cdna transcriptomic illumina srs3989683 samn10338915 apis mellifera srp167074 2018-10-31 00:00:00.000000 utc prjna498919  []    [] [] [] [] [fastq,run.zq,sra] [gs,ncbi,s3] [gs.us-east1,ncbi.public,s3.us-east-1] {
  ""attributes"": [{
    ""k"": ""geo_accession_exp"",
    ""v"": ""gsm3449460""
  }, {
    ""k"": ""bases"",
    ""v"": ""735144500""
  }, {
    ""k"": ""bytes"",
    ""v"": ""398565345""
  }, {
    ""k"": ""run_file_create_date"",
    ""v"": ""2018-10-29t06:33:00.000z""
  }, {
    ""k"": ""diet_sam"",
    ""v"": ""chestnut""
  }, {
    ""k"": ""source_name_sam"",
    ""v"": ""whole body tissue""
  }, {
    ""k"": ""tissue_sam_ss_dpl145"",
    ""v"": ""whole body""
  }, {
    ""k"": ""virus_sam"",
    ""v"": ""infected with iapv""
  }, {
    ""k"": ""primary_search"",
    ""v"": ""10338915""
  }, {
    ""k"": ""primary_search"",
    ""v"": ""498919""
  }, {
    ""k"": ""primary_search"",
    ""v"": ""gse121885""
  }, {
    ""k"": ""primary_search"",
    ""v"": ""gsm3449460""
  }, {
    ""k"": ""primary_search"",
    ""v"": ""gsm3449460_r1""
  }, {
    ""k"": ""primary_search"",
    ""v"": ""prjna498919""
  }, {
    ""k"": ""primary_search"",
    ""v"": ""samn10338915""
  }, {
    ""k"": ""primary_search"",
    ""v"": ""srp167074""
  }, {
    ""k"": ""primary_search"",
    ""v"": ""srr8121105""
  }, {
    ""k"": ""primary_search"",
    ""v"": ""srs3989683""
  }, {
    ""k"": ""primary_search"",
    ""v"": ""srx4947388""
  }]
} {""geo_accession_exp"": [""gsm3449460""], ""bases"": 735144500, ""bytes"": 398565345, ""run_file_create_date"": ""2018-10-29t06:33:00.000z"", ""diet_sam"": [""chestnut""], ""source_name_sam"": [""whole body tissue""], ""tissue_sam_ss_dpl145"": [""whole body""], ""virus_sam"": ""infected with iapv"", ""primary_search"": ""10338915""}",,1
SRR8121080,RNA-Seq,GEO,public,SRX4947375,GSM3449447,Illumina HiSeq 2500,SINGLE,cDNA,TRANSCRIPTOMIC,ILLUMINA,SRS3989669,SAMN10338928,Apis mellifera,SRP167074,2018-10-31 00:00:00.000000 UTC,PRJNA498919,360,NA,100,712,NA,,[],,,,[],[],[],[],"[fastq,run.zq,sra]","[gs,ncbi,s3]","[gs.us-east1,ncbi.public,s3.us-east-1]","{
  ""attributes"": [{
    ""k"": ""geo_accession_exp"",
    ""v"": ""GSM3449447""
  }, {
    ""k"": ""bases"",
    ""v"": ""712284600""
  }, {
    ""k"": ""bytes"",
    ""v"": ""377799444""
  }, {
    ""k"": ""run_file_create_date"",
    ""v"": ""2018-10-29T06:31:00.000Z""
  }, {
    ""k"": ""diet_sam"",
    ""v"": ""Chestnut""
  }, {
    ""k"": ""source_name_sam"",
    ""v"": ""Whole body tissue""
  }, {
    ""k"": ""tissue_sam_ss_dpl145"",
    ""v"": ""Whole body""
  }, {
    ""k"": ""virus_sam"",
    ""v"": ""Not infected with IAPV""
  }, {
    ""k"": ""primary_search"",
    ""v"": ""10338928""
  }, {
    ""k"": ""primary_search"",
    ""v"": ""498919""
  }, {
    ""k"": ""primary_search"",
    ""v"": ""GSE121885""
  }, {
    ""k"": ""primary_search"",
    ""v"": ""GSM3449447""
  }, {
    ""k"": ""primary_search"",
    ""v"": ""GSM3449447_r2""
  }, {
    ""k"": ""primary_search"",
    ""v"": ""PRJNA498919""
  }, {
    ""k"": ""primary_search"",
    ""v"": ""SAMN10338928""
  }, {
    ""k"": ""primary_search"",
    ""v"": ""SRP167074""
  }, {
    ""k"": ""primary_search"",
    ""v"": ""SRR8121080""
  }, {
    ""k"": ""primary_search"",
    ""v"": ""SRS3989669""
  }, {
    ""k"": ""primary_search"",
    ""v"": ""SRX4947375""
  }]
}",1,"{""geo_accession_exp"": [""GSM3449447""], ""bases"": 712284600, ""bytes"": 377799444, ""run_file_create_date"": ""2018-10-29T06:31:00.000Z"", ""diet_sam"": [""Chestnut""], ""source_name_sam"": [""Whole body tissue""], ""tissue_sam_ss_dpl145"": [""Whole body""], ""virus_sam"": ""Not infected with IAPV"", ""primary_search"": ""10338928""}","srr8121080 rna-seq geo public srx4947375 gsm3449447 illumina hiseq 2500 single cdna transcriptomic illumina srs3989669 samn10338928 apis mellifera srp167074 2018-10-31 00:00:00.000000 utc prjna498919  []    [] [] [] [] [fastq,run.zq,sra] [gs,ncbi,s3] [gs.us-east1,ncbi.public,s3.us-east-1] {
  ""attributes"": [{
    ""k"": ""geo_accession_exp"",
    ""v"": ""gsm3449447""
  }, {
    ""k"": ""bases"",
    ""v"": ""712284600""
  }, {
    ""k"": ""bytes"",
    ""v"": ""377799444""
  }, {
    ""k"": ""run_file_create_date"",
    ""v"": ""2018-10-29t06:31:00.000z""
  }, {
    ""k"": ""diet_sam"",
    ""v"": ""chestnut""
  }, {
    ""k"": ""source_name_sam"",
    ""v"": ""whole body tissue""
  }, {
    ""k"": ""tissue_sam_ss_dpl145"",
    ""v"": ""whole body""
  }, {
    ""k"": ""virus_sam"",
    ""v"": ""not infected with iapv""
  }, {
    ""k"": ""primary_search"",
    ""v"": ""10338928""
  }, {
    ""k"": ""primary_search"",
    ""v"": ""498919""
  }, {
    ""k"": ""primary_search"",
    ""v"": ""gse121885""
  }, {
    ""k"": ""primary_search"",
    ""v"": ""gsm3449447""
  }, {
    ""k"": ""primary_search"",
    ""v"": ""gsm3449447_r2""
  }, {
    ""k"": ""primary_search"",
    ""v"": ""prjna498919""
  }, {
    ""k"": ""primary_search"",
    ""v"": ""samn10338928""
  }, {
    ""k"": ""primary_search"",
    ""v"": ""srp167074""
  }, {
    ""k"": ""primary_search"",
    ""v"": ""srr8121080""
  }, {
    ""k"": ""primary_search"",
    ""v"": ""srs3989669""
  }, {
    ""k"": ""primary_search"",
    ""v"": ""srx4947375""
  }]
} {""geo_accession_exp"": [""gsm3449447""], ""bases"": 712284600, ""bytes"": 377799444, ""run_file_create_date"": ""2018-10-29t06:31:00.000z"", ""diet_sam"": [""chestnut""], ""source_name_sam"": [""whole body tissue""], ""tissue_sam_ss_dpl145"": [""whole body""], ""virus_sam"": ""not infected with iapv"", ""primary_search"": ""10338928""}",,1
SRR8121100,RNA-Seq,GEO,public,SRX4947385,GSM3449457,Illumina HiSeq 2500,SINGLE,cDNA,TRANSCRIPTOMIC,ILLUMINA,SRS3989679,SAMN10338918,Apis mellifera,SRP167074,2018-10-31 00:00:00.000000 UTC,PRJNA498919,359,NA,100,701,NA,,[],,,,[],[],[],[],"[fastq,run.zq,sra]","[gs,ncbi,s3]","[gs.us-east1,ncbi.public,s3.us-east-1]","{
  ""attributes"": [{
    ""k"": ""geo_accession_exp"",
    ""v"": ""GSM3449457""
  }, {
    ""k"": ""bases"",
    ""v"": ""701987200""
  }, {
    ""k"": ""bytes"",
    ""v"": ""377332341""
  }, {
    ""k"": ""run_file_create_date"",
    ""v"": ""2018-10-29T06:32:00.000Z""
  }, {
    ""k"": ""diet_sam"",
    ""v"": ""Rockrose""
  }, {
    ""k"": ""source_name_sam"",
    ""v"": ""Whole body tissue""
  }, {
    ""k"": ""tissue_sam_ss_dpl145"",
    ""v"": ""Whole body""
  }, {
    ""k"": ""virus_sam"",
    ""v"": ""Not infected with IAPV""
  }, {
    ""k"": ""primary_search"",
    ""v"": ""10338918""
  }, {
    ""k"": ""primary_search"",
    ""v"": ""498919""
  }, {
    ""k"": ""primary_search"",
    ""v"": ""GSE121885""
  }, {
    ""k"": ""primary_search"",
    ""v"": ""GSM3449457""
  }, {
    ""k"": ""primary_search"",
    ""v"": ""GSM3449457_r2""
  }, {
    ""k"": ""primary_search"",
    ""v"": ""PRJNA498919""
  }, {
    ""k"": ""primary_search"",
    ""v"": ""SAMN10338918""
  }, {
    ""k"": ""primary_search"",
    ""v"": ""SRP167074""
  }, {
    ""k"": ""primary_search"",
    ""v"": ""SRR8121100""
  }, {
    ""k"": ""primary_search"",
    ""v"": ""SRS3989679""
  }, {
    ""k"": ""primary_search"",
    ""v"": ""SRX4947385""
  }]
}",1,"{""geo_accession_exp"": [""GSM3449457""], ""bases"": 701987200, ""bytes"": 377332341, ""run_file_create_date"": ""2018-10-29T06:32:00.000Z"", ""diet_sam"": [""Rockrose""], ""source_name_sam"": [""Whole body tissue""], ""tissue_sam_ss_dpl145"": [""Whole body""], ""virus_sam"": ""Not infected with IAPV"", ""primary_search"": ""10338918""}","srr8121100 rna-seq geo public srx4947385 gsm3449457 illumina hiseq 2500 single cdna transcriptomic illumina srs3989679 samn10338918 apis mellifera srp167074 2018-10-31 00:00:00.000000 utc prjna498919  []    [] [] [] [] [fastq,run.zq,sra] [gs,ncbi,s3] [gs.us-east1,ncbi.public,s3.us-east-1] {
  ""attributes"": [{
    ""k"": ""geo_accession_exp"",
    ""v"": ""gsm3449457""
  }, {
    ""k"": ""bases"",
    ""v"": ""701987200""
  }, {
    ""k"": ""bytes"",
    ""v"": ""377332341""
  }, {
    ""k"": ""run_file_create_date"",
    ""v"": ""2018-10-29t06:32:00.000z""
  }, {
    ""k"": ""diet_sam"",
    ""v"": ""rockrose""
  }, {
    ""k"": ""source_name_sam"",
    ""v"": ""whole body tissue""
  }, {
    ""k"": ""tissue_sam_ss_dpl145"",
    ""v"": ""whole body""
  }, {
    ""k"": ""virus_sam"",
    ""v"": ""not infected with iapv""
  }, {
    ""k"": ""primary_search"",
    ""v"": ""10338918""
  }, {
    ""k"": ""primary_search"",
    ""v"": ""498919""
  }, {
    ""k"": ""primary_search"",
    ""v"": ""gse121885""
  }, {
    ""k"": ""primary_search"",
    ""v"": ""gsm3449457""
  }, {
    ""k"": ""primary_search"",
    ""v"": ""gsm3449457_r2""
  }, {
    ""k"": ""primary_search"",
    ""v"": ""prjna498919""
  }, {
    ""k"": ""primary_search"",
    ""v"": ""samn10338918""
  }, {
    ""k"": ""primary_search"",
    ""v"": ""srp167074""
  }, {
    ""k"": ""primary_search"",
    ""v"": ""srr8121100""
  }, {
    ""k"": ""primary_search"",
    ""v"": ""srs3989679""
  }, {
    ""k"": ""primary_search"",
    ""v"": ""srx4947385""
  }]
} {""geo_accession_exp"": [""gsm3449457""], ""bases"": 701987200, ""bytes"": 377332341, ""run_file_create_date"": ""2018-10-29t06:32:00.000z"", ""diet_sam"": [""rockrose""], ""source_name_sam"": [""whole body tissue""], ""tissue_sam_ss_dpl145"": [""whole body""], ""virus_sam"": ""not infected with iapv"", ""primary_search"": ""10338918""}",,1
SRR8121099,RNA-Seq,GEO,public,SRX4947385,GSM3449457,Illumina HiSeq 2500,SINGLE,cDNA,TRANSCRIPTOMIC,ILLUMINA,SRS3989679,SAMN10338918,Apis mellifera,SRP167074,2018-10-31 00:00:00.000000 UTC,PRJNA498919,358,NA,100,703,NA,,[],,,,[],[],[],[],"[fastq,run.zq,sra]","[gs,ncbi,s3]","[gs.us-east1,ncbi.public,s3.us-east-1]","{
  ""attributes"": [{
    ""k"": ""geo_accession_exp"",
    ""v"": ""GSM3449457""
  }, {
    ""k"": ""bases"",
    ""v"": ""703317500""
  }, {
    ""k"": ""bytes"",
    ""v"": ""375962184""
  }, {
    ""k"": ""run_file_create_date"",
    ""v"": ""2018-10-29T06:32:00.000Z""
  }, {
    ""k"": ""diet_sam"",
    ""v"": ""Rockrose""
  }, {
    ""k"": ""source_name_sam"",
    ""v"": ""Whole body tissue""
  }, {
    ""k"": ""tissue_sam_ss_dpl145"",
    ""v"": ""Whole body""
  }, {
    ""k"": ""virus_sam"",
    ""v"": ""Not infected with IAPV""
  }, {
    ""k"": ""primary_search"",
    ""v"": ""10338918""
  }, {
    ""k"": ""primary_search"",
    ""v"": ""498919""
  }, {
    ""k"": ""primary_search"",
    ""v"": ""GSE121885""
  }, {
    ""k"": ""primary_search"",
    ""v"": ""GSM3449457""
  }, {
    ""k"": ""primary_search"",
    ""v"": ""GSM3449457_r1""
  }, {
    ""k"": ""primary_search"",
    ""v"": ""PRJNA498919""
  }, {
    ""k"": ""primary_search"",
    ""v"": ""SAMN10338918""
  }, {
    ""k"": ""primary_search"",
    ""v"": ""SRP167074""
  }, {
    ""k"": ""primary_search"",
    ""v"": ""SRR8121099""
  }, {
    ""k"": ""primary_search"",
    ""v"": ""SRS3989679""
  }, {
    ""k"": ""primary_search"",
    ""v"": ""SRX4947385""
  }]
}",1,"{""geo_accession_exp"": [""GSM3449457""], ""bases"": 703317500, ""bytes"": 375962184, ""run_file_create_date"": ""2018-10-29T06:32:00.000Z"", ""diet_sam"": [""Rockrose""], ""source_name_sam"": [""Whole body tissue""], ""tissue_sam_ss_dpl145"": [""Whole body""], ""virus_sam"": ""Not infected with IAPV"", ""primary_search"": ""10338918""}","srr8121099 rna-seq geo public srx4947385 gsm3449457 illumina hiseq 2500 single cdna transcriptomic illumina srs3989679 samn10338918 apis mellifera srp167074 2018-10-31 00:00:00.000000 utc prjna498919  []    [] [] [] [] [fastq,run.zq,sra] [gs,ncbi,s3] [gs.us-east1,ncbi.public,s3.us-east-1] {
  ""attributes"": [{
    ""k"": ""geo_accession_exp"",
    ""v"": ""gsm3449457""
  }, {
    ""k"": ""bases"",
    ""v"": ""703317500""
  }, {
    ""k"": ""bytes"",
    ""v"": ""375962184""
  }, {
    ""k"": ""run_file_create_date"",
    ""v"": ""2018-10-29t06:32:00.000z""
  }, {
    ""k"": ""diet_sam"",
    ""v"": ""rockrose""
  }, {
    ""k"": ""source_name_sam"",
    ""v"": ""whole body tissue""
  }, {
    ""k"": ""tissue_sam_ss_dpl145"",
    ""v"": ""whole body""
  }, {
    ""k"": ""virus_sam"",
    ""v"": ""not infected with iapv""
  }, {
    ""k"": ""primary_search"",
    ""v"": ""10338918""
  }, {
    ""k"": ""primary_search"",
    ""v"": ""498919""
  }, {
    ""k"": ""primary_search"",
    ""v"": ""gse121885""
  }, {
    ""k"": ""primary_search"",
    ""v"": ""gsm3449457""
  }, {
    ""k"": ""primary_search"",
    ""v"": ""gsm3449457_r1""
  }, {
    ""k"": ""primary_search"",
    ""v"": ""prjna498919""
  }, {
    ""k"": ""primary_search"",
    ""v"": ""samn10338918""
  }, {
    ""k"": ""primary_search"",
    ""v"": ""srp167074""
  }, {
    ""k"": ""primary_search"",
    ""v"": ""srr8121099""
  }, {
    ""k"": ""primary_search"",
    ""v"": ""srs3989679""
  }, {
    ""k"": ""primary_search"",
    ""v"": ""srx4947385""
  }]
} {""geo_accession_exp"": [""gsm3449457""], ""bases"": 703317500, ""bytes"": 375962184, ""run_file_create_date"": ""2018-10-29t06:32:00.000z"", ""diet_sam"": [""rockrose""], ""source_name_sam"": [""whole body tissue""], ""tissue_sam_ss_dpl145"": [""whole body""], ""virus_sam"": ""not infected with iapv"", ""primary_search"": ""10338918""}",,1
SRR8121104,RNA-Seq,GEO,public,SRX4947387,GSM3449459,Illumina HiSeq 2500,SINGLE,cDNA,TRANSCRIPTOMIC,ILLUMINA,SRS3989681,SAMN10338916,Apis mellifera,SRP167074,2018-10-31 00:00:00.000000 UTC,PRJNA498919,363,NA,100,714,NA,,[],,,,[],[],[],[],"[fastq,run.zq,sra]","[gs,ncbi,s3]","[gs.us-east1,ncbi.public,s3.us-east-1]","{
  ""attributes"": [{
    ""k"": ""geo_accession_exp"",
    ""v"": ""GSM3449459""
  }, {
    ""k"": ""bases"",
    ""v"": ""714142600""
  }, {
    ""k"": ""bytes"",
    ""v"": ""380824103""
  }, {
    ""k"": ""run_file_create_date"",
    ""v"": ""2018-10-29T06:32:00.000Z""
  }, {
    ""k"": ""diet_sam"",
    ""v"": ""Chestnut""
  }, {
    ""k"": ""source_name_sam"",
    ""v"": ""Whole body tissue""
  }, {
    ""k"": ""tissue_sam_ss_dpl145"",
    ""v"": ""Whole body""
  }, {
    ""k"": ""virus_sam"",
    ""v"": ""Infected with IAPV""
  }, {
    ""k"": ""primary_search"",
    ""v"": ""10338916""
  }, {
    ""k"": ""primary_search"",
    ""v"": ""498919""
  }, {
    ""k"": ""primary_search"",
    ""v"": ""GSE121885""
  }, {
    ""k"": ""primary_search"",
    ""v"": ""GSM3449459""
  }, {
    ""k"": ""primary_search"",
    ""v"": ""GSM3449459_r2""
  }, {
    ""k"": ""primary_search"",
    ""v"": ""PRJNA498919""
  }, {
    ""k"": ""primary_search"",
    ""v"": ""SAMN10338916""
  }, {
    ""k"": ""primary_search"",
    ""v"": ""SRP167074""
  }, {
    ""k"": ""primary_search"",
    ""v"": ""SRR8121104""
  }, {
    ""k"": ""primary_search"",
    ""v"": ""SRS3989681""
  }, {
    ""k"": ""primary_search"",
    ""v"": ""SRX4947387""
  }]
}",1,"{""geo_accession_exp"": [""GSM3449459""], ""bases"": 714142600, ""bytes"": 380824103, ""run_file_create_date"": ""2018-10-29T06:32:00.000Z"", ""diet_sam"": [""Chestnut""], ""source_name_sam"": [""Whole body tissue""], ""tissue_sam_ss_dpl145"": [""Whole body""], ""virus_sam"": ""Infected with IAPV"", ""primary_search"": ""10338916""}","srr8121104 rna-seq geo public srx4947387 gsm3449459 illumina hiseq 2500 single cdna transcriptomic illumina srs3989681 samn10338916 apis mellifera srp167074 2018-10-31 00:00:00.000000 utc prjna498919  []    [] [] [] [] [fastq,run.zq,sra] [gs,ncbi,s3] [gs.us-east1,ncbi.public,s3.us-east-1] {
  ""attributes"": [{
    ""k"": ""geo_accession_exp"",
    ""v"": ""gsm3449459""
  }, {
    ""k"": ""bases"",
    ""v"": ""714142600""
  }, {
    ""k"": ""bytes"",
    ""v"": ""380824103""
  }, {
    ""k"": ""run_file_create_date"",
    ""v"": ""2018-10-29t06:32:00.000z""
  }, {
    ""k"": ""diet_sam"",
    ""v"": ""chestnut""
  }, {
    ""k"": ""source_name_sam"",
    ""v"": ""whole body tissue""
  }, {
    ""k"": ""tissue_sam_ss_dpl145"",
    ""v"": ""whole body""
  }, {
    ""k"": ""virus_sam"",
    ""v"": ""infected with iapv""
  }, {
    ""k"": ""primary_search"",
    ""v"": ""10338916""
  }, {
    ""k"": ""primary_search"",
    ""v"": ""498919""
  }, {
    ""k"": ""primary_search"",
    ""v"": ""gse121885""
  }, {
    ""k"": ""primary_search"",
    ""v"": ""gsm3449459""
  }, {
    ""k"": ""primary_search"",
    ""v"": ""gsm3449459_r2""
  }, {
    ""k"": ""primary_search"",
    ""v"": ""prjna498919""
  }, {
    ""k"": ""primary_search"",
    ""v"": ""samn10338916""
  }, {
    ""k"": ""primary_search"",
    ""v"": ""srp167074""
  }, {
    ""k"": ""primary_search"",
    ""v"": ""srr8121104""
  }, {
    ""k"": ""primary_search"",
    ""v"": ""srs3989681""
  }, {
    ""k"": ""primary_search"",
    ""v"": ""srx4947387""
  }]
} {""geo_accession_exp"": [""gsm3449459""], ""bases"": 714142600, ""bytes"": 380824103, ""run_file_create_date"": ""2018-10-29t06:32:00.000z"", ""diet_sam"": [""chestnut""], ""source_name_sam"": [""whole body tissue""], ""tissue_sam_ss_dpl145"": [""whole body""], ""virus_sam"": ""infected with iapv"", ""primary_search"": ""10338916""}",,1
SRR8121108,RNA-Seq,GEO,public,SRX4947389,GSM3449461,Illumina HiSeq 2500,SINGLE,cDNA,TRANSCRIPTOMIC,ILLUMINA,SRS3989684,SAMN10338914,Apis mellifera,SRP167074,2018-10-31 00:00:00.000000 UTC,PRJNA498919,460,NA,100,899,NA,,[],,,,[],[],[],[],"[fastq,run.zq,sra]","[gs,ncbi,s3]","[gs.us-east1,ncbi.public,s3.us-east-1]","{
  ""attributes"": [{
    ""k"": ""geo_accession_exp"",
    ""v"": ""GSM3449461""
  }, {
    ""k"": ""bases"",
    ""v"": ""899881900""
  }, {
    ""k"": ""bytes"",
    ""v"": ""482811981""
  }, {
    ""k"": ""run_file_create_date"",
    ""v"": ""2018-10-29T06:32:00.000Z""
  }, {
    ""k"": ""diet_sam"",
    ""v"": ""Chestnut""
  }, {
    ""k"": ""source_name_sam"",
    ""v"": ""Whole body tissue""
  }, {
    ""k"": ""tissue_sam_ss_dpl145"",
    ""v"": ""Whole body""
  }, {
    ""k"": ""virus_sam"",
    ""v"": ""Infected with IAPV""
  }, {
    ""k"": ""primary_search"",
    ""v"": ""10338914""
  }, {
    ""k"": ""primary_search"",
    ""v"": ""498919""
  }, {
    ""k"": ""primary_search"",
    ""v"": ""GSE121885""
  }, {
    ""k"": ""primary_search"",
    ""v"": ""GSM3449461""
  }, {
    ""k"": ""primary_search"",
    ""v"": ""GSM3449461_r2""
  }, {
    ""k"": ""primary_search"",
    ""v"": ""PRJNA498919""
  }, {
    ""k"": ""primary_search"",
    ""v"": ""SAMN10338914""
  }, {
    ""k"": ""primary_search"",
    ""v"": ""SRP167074""
  }, {
    ""k"": ""primary_search"",
    ""v"": ""SRR8121108""
  }, {
    ""k"": ""primary_search"",
    ""v"": ""SRS3989684""
  }, {
    ""k"": ""primary_search"",
    ""v"": ""SRX4947389""
  }]
}",1,"{""geo_accession_exp"": [""GSM3449461""], ""bases"": 899881900, ""bytes"": 482811981, ""run_file_create_date"": ""2018-10-29T06:32:00.000Z"", ""diet_sam"": [""Chestnut""], ""source_name_sam"": [""Whole body tissue""], ""tissue_sam_ss_dpl145"": [""Whole body""], ""virus_sam"": ""Infected with IAPV"", ""primary_search"": ""10338914""}","srr8121108 rna-seq geo public srx4947389 gsm3449461 illumina hiseq 2500 single cdna transcriptomic illumina srs3989684 samn10338914 apis mellifera srp167074 2018-10-31 00:00:00.000000 utc prjna498919  []    [] [] [] [] [fastq,run.zq,sra] [gs,ncbi,s3] [gs.us-east1,ncbi.public,s3.us-east-1] {
  ""attributes"": [{
    ""k"": ""geo_accession_exp"",
    ""v"": ""gsm3449461""
  }, {
    ""k"": ""bases"",
    ""v"": ""899881900""
  }, {
    ""k"": ""bytes"",
    ""v"": ""482811981""
  }, {
    ""k"": ""run_file_create_date"",
    ""v"": ""2018-10-29t06:32:00.000z""
  }, {
    ""k"": ""diet_sam"",
    ""v"": ""chestnut""
  }, {
    ""k"": ""source_name_sam"",
    ""v"": ""whole body tissue""
  }, {
    ""k"": ""tissue_sam_ss_dpl145"",
    ""v"": ""whole body""
  }, {
    ""k"": ""virus_sam"",
    ""v"": ""infected with iapv""
  }, {
    ""k"": ""primary_search"",
    ""v"": ""10338914""
  }, {
    ""k"": ""primary_search"",
    ""v"": ""498919""
  }, {
    ""k"": ""primary_search"",
    ""v"": ""gse121885""
  }, {
    ""k"": ""primary_search"",
    ""v"": ""gsm3449461""
  }, {
    ""k"": ""primary_search"",
    ""v"": ""gsm3449461_r2""
  }, {
    ""k"": ""primary_search"",
    ""v"": ""prjna498919""
  }, {
    ""k"": ""primary_search"",
    ""v"": ""samn10338914""
  }, {
    ""k"": ""primary_search"",
    ""v"": ""srp167074""
  }, {
    ""k"": ""primary_search"",
    ""v"": ""srr8121108""
  }, {
    ""k"": ""primary_search"",
    ""v"": ""srs3989684""
  }, {
    ""k"": ""primary_search"",
    ""v"": ""srx4947389""
  }]
} {""geo_accession_exp"": [""gsm3449461""], ""bases"": 899881900, ""bytes"": 482811981, ""run_file_create_date"": ""2018-10-29t06:32:00.000z"", ""diet_sam"": [""chestnut""], ""source_name_sam"": [""whole body tissue""], ""tissue_sam_ss_dpl145"": [""whole body""], ""virus_sam"": ""infected with iapv"", ""primary_search"": ""10338914""}",,1
SRR8121116,RNA-Seq,GEO,public,SRX4947393,GSM3449465,Illumina HiSeq 2500,SINGLE,cDNA,TRANSCRIPTOMIC,ILLUMINA,SRS3989688,SAMN10338910,Apis mellifera,SRP167074,2018-10-31 00:00:00.000000 UTC,PRJNA498919,340,NA,100,674,NA,,[],,,,[],[],[],[],"[fastq,run.zq,sra]","[gs,ncbi,s3]","[gs.us-east1,ncbi.public,s3.us-east-1]","{
  ""attributes"": [{
    ""k"": ""geo_accession_exp"",
    ""v"": ""GSM3449465""
  }, {
    ""k"": ""bases"",
    ""v"": ""674652900""
  }, {
    ""k"": ""bytes"",
    ""v"": ""357313046""
  }, {
    ""k"": ""run_file_create_date"",
    ""v"": ""2018-10-29T06:32:00.000Z""
  }, {
    ""k"": ""diet_sam"",
    ""v"": ""Rockrose""
  }, {
    ""k"": ""source_name_sam"",
    ""v"": ""Whole body tissue""
  }, {
    ""k"": ""tissue_sam_ss_dpl145"",
    ""v"": ""Whole body""
  }, {
    ""k"": ""virus_sam"",
    ""v"": ""Infected with IAPV""
  }, {
    ""k"": ""primary_search"",
    ""v"": ""10338910""
  }, {
    ""k"": ""primary_search"",
    ""v"": ""498919""
  }, {
    ""k"": ""primary_search"",
    ""v"": ""GSE121885""
  }, {
    ""k"": ""primary_search"",
    ""v"": ""GSM3449465""
  }, {
    ""k"": ""primary_search"",
    ""v"": ""GSM3449465_r2""
  }, {
    ""k"": ""primary_search"",
    ""v"": ""PRJNA498919""
  }, {
    ""k"": ""primary_search"",
    ""v"": ""SAMN10338910""
  }, {
    ""k"": ""primary_search"",
    ""v"": ""SRP167074""
  }, {
    ""k"": ""primary_search"",
    ""v"": ""SRR8121116""
  }, {
    ""k"": ""primary_search"",
    ""v"": ""SRS3989688""
  }, {
    ""k"": ""primary_search"",
    ""v"": ""SRX4947393""
  }]
}",1,"{""geo_accession_exp"": [""GSM3449465""], ""bases"": 674652900, ""bytes"": 357313046, ""run_file_create_date"": ""2018-10-29T06:32:00.000Z"", ""diet_sam"": [""Rockrose""], ""source_name_sam"": [""Whole body tissue""], ""tissue_sam_ss_dpl145"": [""Whole body""], ""virus_sam"": ""Infected with IAPV"", ""primary_search"": ""10338910""}","srr8121116 rna-seq geo public srx4947393 gsm3449465 illumina hiseq 2500 single cdna transcriptomic illumina srs3989688 samn10338910 apis mellifera srp167074 2018-10-31 00:00:00.000000 utc prjna498919  []    [] [] [] [] [fastq,run.zq,sra] [gs,ncbi,s3] [gs.us-east1,ncbi.public,s3.us-east-1] {
  ""attributes"": [{
    ""k"": ""geo_accession_exp"",
    ""v"": ""gsm3449465""
  }, {
    ""k"": ""bases"",
    ""v"": ""674652900""
  }, {
    ""k"": ""bytes"",
    ""v"": ""357313046""
  }, {
    ""k"": ""run_file_create_date"",
    ""v"": ""2018-10-29t06:32:00.000z""
  }, {
    ""k"": ""diet_sam"",
    ""v"": ""rockrose""
  }, {
    ""k"": ""source_name_sam"",
    ""v"": ""whole body tissue""
  }, {
    ""k"": ""tissue_sam_ss_dpl145"",
    ""v"": ""whole body""
  }, {
    ""k"": ""virus_sam"",
    ""v"": ""infected with iapv""
  }, {
    ""k"": ""primary_search"",
    ""v"": ""10338910""
  }, {
    ""k"": ""primary_search"",
    ""v"": ""498919""
  }, {
    ""k"": ""primary_search"",
    ""v"": ""gse121885""
  }, {
    ""k"": ""primary_search"",
    ""v"": ""gsm3449465""
  }, {
    ""k"": ""primary_search"",
    ""v"": ""gsm3449465_r2""
  }, {
    ""k"": ""primary_search"",
    ""v"": ""prjna498919""
  }, {
    ""k"": ""primary_search"",
    ""v"": ""samn10338910""
  }, {
    ""k"": ""primary_search"",
    ""v"": ""srp167074""
  }, {
    ""k"": ""primary_search"",
    ""v"": ""srr8121116""
  }, {
    ""k"": ""primary_search"",
    ""v"": ""srs3989688""
  }, {
    ""k"": ""primary_search"",
    ""v"": ""srx4947393""
  }]
} {""geo_accession_exp"": [""gsm3449465""], ""bases"": 674652900, ""bytes"": 357313046, ""run_file_create_date"": ""2018-10-29t06:32:00.000z"", ""diet_sam"": [""rockrose""], ""source_name_sam"": [""whole body tissue""], ""tissue_sam_ss_dpl145"": [""whole body""], ""virus_sam"": ""infected with iapv"", ""primary_search"": ""10338910""}",,1
SRR8121118,RNA-Seq,GEO,public,SRX4947394,GSM3449466,Illumina HiSeq 2500,SINGLE,cDNA,TRANSCRIPTOMIC,ILLUMINA,SRS3989689,SAMN10338909,Apis mellifera,SRP167074,2018-10-31 00:00:00.000000 UTC,PRJNA498919,335,NA,100,656,NA,,[],,,,[],[],[],[],"[fastq,run.zq,sra]","[gs,ncbi,s3]","[gs.us-east1,ncbi.public,s3.us-east-1]","{
  ""attributes"": [{
    ""k"": ""geo_accession_exp"",
    ""v"": ""GSM3449466""
  }, {
    ""k"": ""bases"",
    ""v"": ""656436400""
  }, {
    ""k"": ""bytes"",
    ""v"": ""351675351""
  }, {
    ""k"": ""run_file_create_date"",
    ""v"": ""2018-10-29T06:32:00.000Z""
  }, {
    ""k"": ""diet_sam"",
    ""v"": ""Rockrose""
  }, {
    ""k"": ""source_name_sam"",
    ""v"": ""Whole body tissue""
  }, {
    ""k"": ""tissue_sam_ss_dpl145"",
    ""v"": ""Whole body""
  }, {
    ""k"": ""virus_sam"",
    ""v"": ""Infected with IAPV""
  }, {
    ""k"": ""primary_search"",
    ""v"": ""10338909""
  }, {
    ""k"": ""primary_search"",
    ""v"": ""498919""
  }, {
    ""k"": ""primary_search"",
    ""v"": ""CORONAVIRIDAE""
  }, {
    ""k"": ""primary_search"",
    ""v"": ""GSE121885""
  }, {
    ""k"": ""primary_search"",
    ""v"": ""GSM3449466""
  }, {
    ""k"": ""primary_search"",
    ""v"": ""GSM3449466_r2""
  }, {
    ""k"": ""primary_search"",
    ""v"": ""PRJNA498919""
  }, {
    ""k"": ""primary_search"",
    ""v"": ""SAMN10338909""
  }, {
    ""k"": ""primary_search"",
    ""v"": ""SRP167074""
  }, {
    ""k"": ""primary_search"",
    ""v"": ""SRR8121118""
  }, {
    ""k"": ""primary_search"",
    ""v"": ""SRS3989689""
  }, {
    ""k"": ""primary_search"",
    ""v"": ""SRX4947394""
  }]
}",1,"{""geo_accession_exp"": [""GSM3449466""], ""bases"": 656436400, ""bytes"": 351675351, ""run_file_create_date"": ""2018-10-29T06:32:00.000Z"", ""diet_sam"": [""Rockrose""], ""source_name_sam"": [""Whole body tissue""], ""tissue_sam_ss_dpl145"": [""Whole body""], ""virus_sam"": ""Infected with IAPV"", ""primary_search"": ""10338909""}","srr8121118 rna-seq geo public srx4947394 gsm3449466 illumina hiseq 2500 single cdna transcriptomic illumina srs3989689 samn10338909 apis mellifera srp167074 2018-10-31 00:00:00.000000 utc prjna498919  []    [] [] [] [] [fastq,run.zq,sra] [gs,ncbi,s3] [gs.us-east1,ncbi.public,s3.us-east-1] {
  ""attributes"": [{
    ""k"": ""geo_accession_exp"",
    ""v"": ""gsm3449466""
  }, {
    ""k"": ""bases"",
    ""v"": ""656436400""
  }, {
    ""k"": ""bytes"",
    ""v"": ""351675351""
  }, {
    ""k"": ""run_file_create_date"",
    ""v"": ""2018-10-29t06:32:00.000z""
  }, {
    ""k"": ""diet_sam"",
    ""v"": ""rockrose""
  }, {
    ""k"": ""source_name_sam"",
    ""v"": ""whole body tissue""
  }, {
    ""k"": ""tissue_sam_ss_dpl145"",
    ""v"": ""whole body""
  }, {
    ""k"": ""virus_sam"",
    ""v"": ""infected with iapv""
  }, {
    ""k"": ""primary_search"",
    ""v"": ""10338909""
  }, {
    ""k"": ""primary_search"",
    ""v"": ""498919""
  }, {
    ""k"": ""primary_search"",
    ""v"": ""coronaviridae""
  }, {
    ""k"": ""primary_search"",
    ""v"": ""gse121885""
  }, {
    ""k"": ""primary_search"",
    ""v"": ""gsm3449466""
  }, {
    ""k"": ""primary_search"",
    ""v"": ""gsm3449466_r2""
  }, {
    ""k"": ""primary_search"",
    ""v"": ""prjna498919""
  }, {
    ""k"": ""primary_search"",
    ""v"": ""samn10338909""
  }, {
    ""k"": ""primary_search"",
    ""v"": ""srp167074""
  }, {
    ""k"": ""primary_search"",
    ""v"": ""srr8121118""
  }, {
    ""k"": ""primary_search"",
    ""v"": ""srs3989689""
  }, {
    ""k"": ""primary_search"",
    ""v"": ""srx4947394""
  }]
} {""geo_accession_exp"": [""gsm3449466""], ""bases"": 656436400, ""bytes"": 351675351, ""run_file_create_date"": ""2018-10-29t06:32:00.000z"", ""diet_sam"": [""rockrose""], ""source_name_sam"": [""whole body tissue""], ""tissue_sam_ss_dpl145"": [""whole body""], ""virus_sam"": ""infected with iapv"", ""primary_search"": ""10338909""}",,1
SRR8121102,RNA-Seq,GEO,public,SRX4947386,GSM3449458,Illumina HiSeq 2500,SINGLE,cDNA,TRANSCRIPTOMIC,ILLUMINA,SRS3989680,SAMN10338917,Apis mellifera,SRP167074,2018-10-31 00:00:00.000000 UTC,PRJNA498919,260,NA,100,504,NA,,[],,,,[],[],[],[],"[fastq,run.zq,sra]","[gs,ncbi,s3]","[gs.us-east1,ncbi.public,s3.us-east-1]","{
  ""attributes"": [{
    ""k"": ""geo_accession_exp"",
    ""v"": ""GSM3449458""
  }, {
    ""k"": ""bases"",
    ""v"": ""504922000""
  }, {
    ""k"": ""bytes"",
    ""v"": ""273078292""
  }, {
    ""k"": ""run_file_create_date"",
    ""v"": ""2018-10-29T06:32:00.000Z""
  }, {
    ""k"": ""diet_sam"",
    ""v"": ""Chestnut""
  }, {
    ""k"": ""source_name_sam"",
    ""v"": ""Whole body tissue""
  }, {
    ""k"": ""tissue_sam_ss_dpl145"",
    ""v"": ""Whole body""
  }, {
    ""k"": ""virus_sam"",
    ""v"": ""Infected with IAPV""
  }, {
    ""k"": ""primary_search"",
    ""v"": ""10338917""
  }, {
    ""k"": ""primary_search"",
    ""v"": ""498919""
  }, {
    ""k"": ""primary_search"",
    ""v"": ""GSE121885""
  }, {
    ""k"": ""primary_search"",
    ""v"": ""GSM3449458""
  }, {
    ""k"": ""primary_search"",
    ""v"": ""GSM3449458_r2""
  }, {
    ""k"": ""primary_search"",
    ""v"": ""PRJNA498919""
  }, {
    ""k"": ""primary_search"",
    ""v"": ""SAMN10338917""
  }, {
    ""k"": ""primary_search"",
    ""v"": ""SRP167074""
  }, {
    ""k"": ""primary_search"",
    ""v"": ""SRR8121102""
  }, {
    ""k"": ""primary_search"",
    ""v"": ""SRS3989680""
  }, {
    ""k"": ""primary_search"",
    ""v"": ""SRX4947386""
  }]
}",1,"{""geo_accession_exp"": [""GSM3449458""], ""bases"": 504922000, ""bytes"": 273078292, ""run_file_create_date"": ""2018-10-29T06:32:00.000Z"", ""diet_sam"": [""Chestnut""], ""source_name_sam"": [""Whole body tissue""], ""tissue_sam_ss_dpl145"": [""Whole body""], ""virus_sam"": ""Infected with IAPV"", ""primary_search"": ""10338917""}","srr8121102 rna-seq geo public srx4947386 gsm3449458 illumina hiseq 2500 single cdna transcriptomic illumina srs3989680 samn10338917 apis mellifera srp167074 2018-10-31 00:00:00.000000 utc prjna498919  []    [] [] [] [] [fastq,run.zq,sra] [gs,ncbi,s3] [gs.us-east1,ncbi.public,s3.us-east-1] {
  ""attributes"": [{
    ""k"": ""geo_accession_exp"",
    ""v"": ""gsm3449458""
  }, {
    ""k"": ""bases"",
    ""v"": ""504922000""
  }, {
    ""k"": ""bytes"",
    ""v"": ""273078292""
  }, {
    ""k"": ""run_file_create_date"",
    ""v"": ""2018-10-29t06:32:00.000z""
  }, {
    ""k"": ""diet_sam"",
    ""v"": ""chestnut""
  }, {
    ""k"": ""source_name_sam"",
    ""v"": ""whole body tissue""
  }, {
    ""k"": ""tissue_sam_ss_dpl145"",
    ""v"": ""whole body""
  }, {
    ""k"": ""virus_sam"",
    ""v"": ""infected with iapv""
  }, {
    ""k"": ""primary_search"",
    ""v"": ""10338917""
  }, {
    ""k"": ""primary_search"",
    ""v"": ""498919""
  }, {
    ""k"": ""primary_search"",
    ""v"": ""gse121885""
  }, {
    ""k"": ""primary_search"",
    ""v"": ""gsm3449458""
  }, {
    ""k"": ""primary_search"",
    ""v"": ""gsm3449458_r2""
  }, {
    ""k"": ""primary_search"",
    ""v"": ""prjna498919""
  }, {
    ""k"": ""primary_search"",
    ""v"": ""samn10338917""
  }, {
    ""k"": ""primary_search"",
    ""v"": ""srp167074""
  }, {
    ""k"": ""primary_search"",
    ""v"": ""srr8121102""
  }, {
    ""k"": ""primary_search"",
    ""v"": ""srs3989680""
  }, {
    ""k"": ""primary_search"",
    ""v"": ""srx4947386""
  }]
} {""geo_accession_exp"": [""gsm3449458""], ""bases"": 504922000, ""bytes"": 273078292, ""run_file_create_date"": ""2018-10-29t06:32:00.000z"", ""diet_sam"": [""chestnut""], ""source_name_sam"": [""whole body tissue""], ""tissue_sam_ss_dpl145"": [""whole body""], ""virus_sam"": ""infected with iapv"", ""primary_search"": ""10338917""}",,1
SRR8121115,RNA-Seq,GEO,public,SRX4947393,GSM3449465,Illumina HiSeq 2500,SINGLE,cDNA,TRANSCRIPTOMIC,ILLUMINA,SRS3989688,SAMN10338910,Apis mellifera,SRP167074,2018-10-31 00:00:00.000000 UTC,PRJNA498919,339,NA,100,661,NA,,[],,,,[],[],[],[],"[fastq,run.zq,sra]","[gs,ncbi,s3]","[gs.us-east1,ncbi.public,s3.us-east-1]","{
  ""attributes"": [{
    ""k"": ""geo_accession_exp"",
    ""v"": ""GSM3449465""
  }, {
    ""k"": ""bases"",
    ""v"": ""661798000""
  }, {
    ""k"": ""bytes"",
    ""v"": ""356328301""
  }, {
    ""k"": ""run_file_create_date"",
    ""v"": ""2018-10-29T06:32:00.000Z""
  }, {
    ""k"": ""diet_sam"",
    ""v"": ""Rockrose""
  }, {
    ""k"": ""source_name_sam"",
    ""v"": ""Whole body tissue""
  }, {
    ""k"": ""tissue_sam_ss_dpl145"",
    ""v"": ""Whole body""
  }, {
    ""k"": ""virus_sam"",
    ""v"": ""Infected with IAPV""
  }, {
    ""k"": ""primary_search"",
    ""v"": ""10338910""
  }, {
    ""k"": ""primary_search"",
    ""v"": ""498919""
  }, {
    ""k"": ""primary_search"",
    ""v"": ""GSE121885""
  }, {
    ""k"": ""primary_search"",
    ""v"": ""GSM3449465""
  }, {
    ""k"": ""primary_search"",
    ""v"": ""GSM3449465_r1""
  }, {
    ""k"": ""primary_search"",
    ""v"": ""PRJNA498919""
  }, {
    ""k"": ""primary_search"",
    ""v"": ""SAMN10338910""
  }, {
    ""k"": ""primary_search"",
    ""v"": ""SRP167074""
  }, {
    ""k"": ""primary_search"",
    ""v"": ""SRR8121115""
  }, {
    ""k"": ""primary_search"",
    ""v"": ""SRS3989688""
  }, {
    ""k"": ""primary_search"",
    ""v"": ""SRX4947393""
  }]
}",1,"{""geo_accession_exp"": [""GSM3449465""], ""bases"": 661798000, ""bytes"": 356328301, ""run_file_create_date"": ""2018-10-29T06:32:00.000Z"", ""diet_sam"": [""Rockrose""], ""source_name_sam"": [""Whole body tissue""], ""tissue_sam_ss_dpl145"": [""Whole body""], ""virus_sam"": ""Infected with IAPV"", ""primary_search"": ""10338910""}","srr8121115 rna-seq geo public srx4947393 gsm3449465 illumina hiseq 2500 single cdna transcriptomic illumina srs3989688 samn10338910 apis mellifera srp167074 2018-10-31 00:00:00.000000 utc prjna498919  []    [] [] [] [] [fastq,run.zq,sra] [gs,ncbi,s3] [gs.us-east1,ncbi.public,s3.us-east-1] {
  ""attributes"": [{
    ""k"": ""geo_accession_exp"",
    ""v"": ""gsm3449465""
  }, {
    ""k"": ""bases"",
    ""v"": ""661798000""
  }, {
    ""k"": ""bytes"",
    ""v"": ""356328301""
  }, {
    ""k"": ""run_file_create_date"",
    ""v"": ""2018-10-29t06:32:00.000z""
  }, {
    ""k"": ""diet_sam"",
    ""v"": ""rockrose""
  }, {
    ""k"": ""source_name_sam"",
    ""v"": ""whole body tissue""
  }, {
    ""k"": ""tissue_sam_ss_dpl145"",
    ""v"": ""whole body""
  }, {
    ""k"": ""virus_sam"",
    ""v"": ""infected with iapv""
  }, {
    ""k"": ""primary_search"",
    ""v"": ""10338910""
  }, {
    ""k"": ""primary_search"",
    ""v"": ""498919""
  }, {
    ""k"": ""primary_search"",
    ""v"": ""gse121885""
  }, {
    ""k"": ""primary_search"",
    ""v"": ""gsm3449465""
  }, {
    ""k"": ""primary_search"",
    ""v"": ""gsm3449465_r1""
  }, {
    ""k"": ""primary_search"",
    ""v"": ""prjna498919""
  }, {
    ""k"": ""primary_search"",
    ""v"": ""samn10338910""
  }, {
    ""k"": ""primary_search"",
    ""v"": ""srp167074""
  }, {
    ""k"": ""primary_search"",
    ""v"": ""srr8121115""
  }, {
    ""k"": ""primary_search"",
    ""v"": ""srs3989688""
  }, {
    ""k"": ""primary_search"",
    ""v"": ""srx4947393""
  }]
} {""geo_accession_exp"": [""gsm3449465""], ""bases"": 661798000, ""bytes"": 356328301, ""run_file_create_date"": ""2018-10-29t06:32:00.000z"", ""diet_sam"": [""rockrose""], ""source_name_sam"": [""whole body tissue""], ""tissue_sam_ss_dpl145"": [""whole body""], ""virus_sam"": ""infected with iapv"", ""primary_search"": ""10338910""}",,1
SRR8121110,RNA-Seq,GEO,public,SRX4947390,GSM3449462,Illumina HiSeq 2500,SINGLE,cDNA,TRANSCRIPTOMIC,ILLUMINA,SRS3989685,SAMN10338913,Apis mellifera,SRP167074,2018-10-31 00:00:00.000000 UTC,PRJNA498919,422,NA,100,821,NA,,[],,,,[],[],[],[],"[fastq,run.zq,sra]","[gs,ncbi,s3]","[gs.us-east1,ncbi.public,s3.us-east-1]","{
  ""attributes"": [{
    ""k"": ""geo_accession_exp"",
    ""v"": ""GSM3449462""
  }, {
    ""k"": ""bases"",
    ""v"": ""821428800""
  }, {
    ""k"": ""bytes"",
    ""v"": ""442639410""
  }, {
    ""k"": ""run_file_create_date"",
    ""v"": ""2018-10-29T06:33:00.000Z""
  }, {
    ""k"": ""diet_sam"",
    ""v"": ""Chestnut""
  }, {
    ""k"": ""source_name_sam"",
    ""v"": ""Whole body tissue""
  }, {
    ""k"": ""tissue_sam_ss_dpl145"",
    ""v"": ""Whole body""
  }, {
    ""k"": ""virus_sam"",
    ""v"": ""Infected with IAPV""
  }, {
    ""k"": ""primary_search"",
    ""v"": ""10338913""
  }, {
    ""k"": ""primary_search"",
    ""v"": ""498919""
  }, {
    ""k"": ""primary_search"",
    ""v"": ""GSE121885""
  }, {
    ""k"": ""primary_search"",
    ""v"": ""GSM3449462""
  }, {
    ""k"": ""primary_search"",
    ""v"": ""GSM3449462_r2""
  }, {
    ""k"": ""primary_search"",
    ""v"": ""PRJNA498919""
  }, {
    ""k"": ""primary_search"",
    ""v"": ""SAMN10338913""
  }, {
    ""k"": ""primary_search"",
    ""v"": ""SRP167074""
  }, {
    ""k"": ""primary_search"",
    ""v"": ""SRR8121110""
  }, {
    ""k"": ""primary_search"",
    ""v"": ""SRS3989685""
  }, {
    ""k"": ""primary_search"",
    ""v"": ""SRX4947390""
  }]
}",1,"{""geo_accession_exp"": [""GSM3449462""], ""bases"": 821428800, ""bytes"": 442639410, ""run_file_create_date"": ""2018-10-29T06:33:00.000Z"", ""diet_sam"": [""Chestnut""], ""source_name_sam"": [""Whole body tissue""], ""tissue_sam_ss_dpl145"": [""Whole body""], ""virus_sam"": ""Infected with IAPV"", ""primary_search"": ""10338913""}","srr8121110 rna-seq geo public srx4947390 gsm3449462 illumina hiseq 2500 single cdna transcriptomic illumina srs3989685 samn10338913 apis mellifera srp167074 2018-10-31 00:00:00.000000 utc prjna498919  []    [] [] [] [] [fastq,run.zq,sra] [gs,ncbi,s3] [gs.us-east1,ncbi.public,s3.us-east-1] {
  ""attributes"": [{
    ""k"": ""geo_accession_exp"",
    ""v"": ""gsm3449462""
  }, {
    ""k"": ""bases"",
    ""v"": ""821428800""
  }, {
    ""k"": ""bytes"",
    ""v"": ""442639410""
  }, {
    ""k"": ""run_file_create_date"",
    ""v"": ""2018-10-29t06:33:00.000z""
  }, {
    ""k"": ""diet_sam"",
    ""v"": ""chestnut""
  }, {
    ""k"": ""source_name_sam"",
    ""v"": ""whole body tissue""
  }, {
    ""k"": ""tissue_sam_ss_dpl145"",
    ""v"": ""whole body""
  }, {
    ""k"": ""virus_sam"",
    ""v"": ""infected with iapv""
  }, {
    ""k"": ""primary_search"",
    ""v"": ""10338913""
  }, {
    ""k"": ""primary_search"",
    ""v"": ""498919""
  }, {
    ""k"": ""primary_search"",
    ""v"": ""gse121885""
  }, {
    ""k"": ""primary_search"",
    ""v"": ""gsm3449462""
  }, {
    ""k"": ""primary_search"",
    ""v"": ""gsm3449462_r2""
  }, {
    ""k"": ""primary_search"",
    ""v"": ""prjna498919""
  }, {
    ""k"": ""primary_search"",
    ""v"": ""samn10338913""
  }, {
    ""k"": ""primary_search"",
    ""v"": ""srp167074""
  }, {
    ""k"": ""primary_search"",
    ""v"": ""srr8121110""
  }, {
    ""k"": ""primary_search"",
    ""v"": ""srs3989685""
  }, {
    ""k"": ""primary_search"",
    ""v"": ""srx4947390""
  }]
} {""geo_accession_exp"": [""gsm3449462""], ""bases"": 821428800, ""bytes"": 442639410, ""run_file_create_date"": ""2018-10-29t06:33:00.000z"", ""diet_sam"": [""chestnut""], ""source_name_sam"": [""whole body tissue""], ""tissue_sam_ss_dpl145"": [""whole body""], ""virus_sam"": ""infected with iapv"", ""primary_search"": ""10338913""}",,1
SRR8121107,RNA-Seq,GEO,public,SRX4947389,GSM3449461,Illumina HiSeq 2500,SINGLE,cDNA,TRANSCRIPTOMIC,ILLUMINA,SRS3989684,SAMN10338914,Apis mellifera,SRP167074,2018-10-31 00:00:00.000000 UTC,PRJNA498919,458,NA,100,882,NA,,[],,,,[],[],[],[],"[fastq,run.zq,sra]","[gs,ncbi,s3]","[gs.us-east1,ncbi.public,s3.us-east-1]","{
  ""attributes"": [{
    ""k"": ""geo_accession_exp"",
    ""v"": ""GSM3449461""
  }, {
    ""k"": ""bases"",
    ""v"": ""882488900""
  }, {
    ""k"": ""bytes"",
    ""v"": ""480913548""
  }, {
    ""k"": ""run_file_create_date"",
    ""v"": ""2018-10-29T06:33:00.000Z""
  }, {
    ""k"": ""diet_sam"",
    ""v"": ""Chestnut""
  }, {
    ""k"": ""source_name_sam"",
    ""v"": ""Whole body tissue""
  }, {
    ""k"": ""tissue_sam_ss_dpl145"",
    ""v"": ""Whole body""
  }, {
    ""k"": ""virus_sam"",
    ""v"": ""Infected with IAPV""
  }, {
    ""k"": ""primary_search"",
    ""v"": ""10338914""
  }, {
    ""k"": ""primary_search"",
    ""v"": ""498919""
  }, {
    ""k"": ""primary_search"",
    ""v"": ""GSE121885""
  }, {
    ""k"": ""primary_search"",
    ""v"": ""GSM3449461""
  }, {
    ""k"": ""primary_search"",
    ""v"": ""GSM3449461_r1""
  }, {
    ""k"": ""primary_search"",
    ""v"": ""PRJNA498919""
  }, {
    ""k"": ""primary_search"",
    ""v"": ""SAMN10338914""
  }, {
    ""k"": ""primary_search"",
    ""v"": ""SRP167074""
  }, {
    ""k"": ""primary_search"",
    ""v"": ""SRR8121107""
  }, {
    ""k"": ""primary_search"",
    ""v"": ""SRS3989684""
  }, {
    ""k"": ""primary_search"",
    ""v"": ""SRX4947389""
  }]
}",1,"{""geo_accession_exp"": [""GSM3449461""], ""bases"": 882488900, ""bytes"": 480913548, ""run_file_create_date"": ""2018-10-29T06:33:00.000Z"", ""diet_sam"": [""Chestnut""], ""source_name_sam"": [""Whole body tissue""], ""tissue_sam_ss_dpl145"": [""Whole body""], ""virus_sam"": ""Infected with IAPV"", ""primary_search"": ""10338914""}","srr8121107 rna-seq geo public srx4947389 gsm3449461 illumina hiseq 2500 single cdna transcriptomic illumina srs3989684 samn10338914 apis mellifera srp167074 2018-10-31 00:00:00.000000 utc prjna498919  []    [] [] [] [] [fastq,run.zq,sra] [gs,ncbi,s3] [gs.us-east1,ncbi.public,s3.us-east-1] {
  ""attributes"": [{
    ""k"": ""geo_accession_exp"",
    ""v"": ""gsm3449461""
  }, {
    ""k"": ""bases"",
    ""v"": ""882488900""
  }, {
    ""k"": ""bytes"",
    ""v"": ""480913548""
  }, {
    ""k"": ""run_file_create_date"",
    ""v"": ""2018-10-29t06:33:00.000z""
  }, {
    ""k"": ""diet_sam"",
    ""v"": ""chestnut""
  }, {
    ""k"": ""source_name_sam"",
    ""v"": ""whole body tissue""
  }, {
    ""k"": ""tissue_sam_ss_dpl145"",
    ""v"": ""whole body""
  }, {
    ""k"": ""virus_sam"",
    ""v"": ""infected with iapv""
  }, {
    ""k"": ""primary_search"",
    ""v"": ""10338914""
  }, {
    ""k"": ""primary_search"",
    ""v"": ""498919""
  }, {
    ""k"": ""primary_search"",
    ""v"": ""gse121885""
  }, {
    ""k"": ""primary_search"",
    ""v"": ""gsm3449461""
  }, {
    ""k"": ""primary_search"",
    ""v"": ""gsm3449461_r1""
  }, {
    ""k"": ""primary_search"",
    ""v"": ""prjna498919""
  }, {
    ""k"": ""primary_search"",
    ""v"": ""samn10338914""
  }, {
    ""k"": ""primary_search"",
    ""v"": ""srp167074""
  }, {
    ""k"": ""primary_search"",
    ""v"": ""srr8121107""
  }, {
    ""k"": ""primary_search"",
    ""v"": ""srs3989684""
  }, {
    ""k"": ""primary_search"",
    ""v"": ""srx4947389""
  }]
} {""geo_accession_exp"": [""gsm3449461""], ""bases"": 882488900, ""bytes"": 480913548, ""run_file_create_date"": ""2018-10-29t06:33:00.000z"", ""diet_sam"": [""chestnut""], ""source_name_sam"": [""whole body tissue""], ""tissue_sam_ss_dpl145"": [""whole body""], ""virus_sam"": ""infected with iapv"", ""primary_search"": ""10338914""}",,1
SRR8121078,RNA-Seq,GEO,public,SRX4947374,GSM3449446,Illumina HiSeq 2500,SINGLE,cDNA,TRANSCRIPTOMIC,ILLUMINA,SRS3989668,SAMN10338905,Apis mellifera,SRP167074,2018-10-31 00:00:00.000000 UTC,PRJNA498919,404,NA,100,798,NA,,[],,,,[],[],[],[],"[fastq,run.zq,sra]","[gs,ncbi,s3]","[gs.us-east1,ncbi.public,s3.us-east-1]","{
  ""attributes"": [{
    ""k"": ""geo_accession_exp"",
    ""v"": ""GSM3449446""
  }, {
    ""k"": ""bases"",
    ""v"": ""798584900""
  }, {
    ""k"": ""bytes"",
    ""v"": ""424076022""
  }, {
    ""k"": ""run_file_create_date"",
    ""v"": ""2018-10-29T06:31:00.000Z""
  }, {
    ""k"": ""diet_sam"",
    ""v"": ""Chestnut""
  }, {
    ""k"": ""source_name_sam"",
    ""v"": ""Whole body tissue""
  }, {
    ""k"": ""tissue_sam_ss_dpl145"",
    ""v"": ""Whole body""
  }, {
    ""k"": ""virus_sam"",
    ""v"": ""Not infected with IAPV""
  }, {
    ""k"": ""primary_search"",
    ""v"": ""10338905""
  }, {
    ""k"": ""primary_search"",
    ""v"": ""498919""
  }, {
    ""k"": ""primary_search"",
    ""v"": ""GSE121885""
  }, {
    ""k"": ""primary_search"",
    ""v"": ""GSM3449446""
  }, {
    ""k"": ""primary_search"",
    ""v"": ""GSM3449446_r2""
  }, {
    ""k"": ""primary_search"",
    ""v"": ""PRJNA498919""
  }, {
    ""k"": ""primary_search"",
    ""v"": ""SAMN10338905""
  }, {
    ""k"": ""primary_search"",
    ""v"": ""SRP167074""
  }, {
    ""k"": ""primary_search"",
    ""v"": ""SRR8121078""
  }, {
    ""k"": ""primary_search"",
    ""v"": ""SRS3989668""
  }, {
    ""k"": ""primary_search"",
    ""v"": ""SRX4947374""
  }]
}",1,"{""geo_accession_exp"": [""GSM3449446""], ""bases"": 798584900, ""bytes"": 424076022, ""run_file_create_date"": ""2018-10-29T06:31:00.000Z"", ""diet_sam"": [""Chestnut""], ""source_name_sam"": [""Whole body tissue""], ""tissue_sam_ss_dpl145"": [""Whole body""], ""virus_sam"": ""Not infected with IAPV"", ""primary_search"": ""10338905""}","srr8121078 rna-seq geo public srx4947374 gsm3449446 illumina hiseq 2500 single cdna transcriptomic illumina srs3989668 samn10338905 apis mellifera srp167074 2018-10-31 00:00:00.000000 utc prjna498919  []    [] [] [] [] [fastq,run.zq,sra] [gs,ncbi,s3] [gs.us-east1,ncbi.public,s3.us-east-1] {
  ""attributes"": [{
    ""k"": ""geo_accession_exp"",
    ""v"": ""gsm3449446""
  }, {
    ""k"": ""bases"",
    ""v"": ""798584900""
  }, {
    ""k"": ""bytes"",
    ""v"": ""424076022""
  }, {
    ""k"": ""run_file_create_date"",
    ""v"": ""2018-10-29t06:31:00.000z""
  }, {
    ""k"": ""diet_sam"",
    ""v"": ""chestnut""
  }, {
    ""k"": ""source_name_sam"",
    ""v"": ""whole body tissue""
  }, {
    ""k"": ""tissue_sam_ss_dpl145"",
    ""v"": ""whole body""
  }, {
    ""k"": ""virus_sam"",
    ""v"": ""not infected with iapv""
  }, {
    ""k"": ""primary_search"",
    ""v"": ""10338905""
  }, {
    ""k"": ""primary_search"",
    ""v"": ""498919""
  }, {
    ""k"": ""primary_search"",
    ""v"": ""gse121885""
  }, {
    ""k"": ""primary_search"",
    ""v"": ""gsm3449446""
  }, {
    ""k"": ""primary_search"",
    ""v"": ""gsm3449446_r2""
  }, {
    ""k"": ""primary_search"",
    ""v"": ""prjna498919""
  }, {
    ""k"": ""primary_search"",
    ""v"": ""samn10338905""
  }, {
    ""k"": ""primary_search"",
    ""v"": ""srp167074""
  }, {
    ""k"": ""primary_search"",
    ""v"": ""srr8121078""
  }, {
    ""k"": ""primary_search"",
    ""v"": ""srs3989668""
  }, {
    ""k"": ""primary_search"",
    ""v"": ""srx4947374""
  }]
} {""geo_accession_exp"": [""gsm3449446""], ""bases"": 798584900, ""bytes"": 424076022, ""run_file_create_date"": ""2018-10-29t06:31:00.000z"", ""diet_sam"": [""chestnut""], ""source_name_sam"": [""whole body tissue""], ""tissue_sam_ss_dpl145"": [""whole body""], ""virus_sam"": ""not infected with iapv"", ""primary_search"": ""10338905""}",,1
SRR8121094,RNA-Seq,GEO,public,SRX4947382,GSM3449454,Illumina HiSeq 2500,SINGLE,cDNA,TRANSCRIPTOMIC,ILLUMINA,SRS3989676,SAMN10338921,Apis mellifera,SRP167074,2018-10-31 00:00:00.000000 UTC,PRJNA498919,334,NA,100,651,NA,,[],,,,[],[],[],[],"[fastq,run.zq,sra]","[gs,ncbi,s3]","[gs.us-east1,ncbi.public,s3.us-east-1]","{
  ""attributes"": [{
    ""k"": ""geo_accession_exp"",
    ""v"": ""GSM3449454""
  }, {
    ""k"": ""bases"",
    ""v"": ""651921600""
  }, {
    ""k"": ""bytes"",
    ""v"": ""350852630""
  }, {
    ""k"": ""run_file_create_date"",
    ""v"": ""2018-10-29T06:32:00.000Z""
  }, {
    ""k"": ""diet_sam"",
    ""v"": ""Rockrose""
  }, {
    ""k"": ""source_name_sam"",
    ""v"": ""Whole body tissue""
  }, {
    ""k"": ""tissue_sam_ss_dpl145"",
    ""v"": ""Whole body""
  }, {
    ""k"": ""virus_sam"",
    ""v"": ""Not infected with IAPV""
  }, {
    ""k"": ""primary_search"",
    ""v"": ""10338921""
  }, {
    ""k"": ""primary_search"",
    ""v"": ""498919""
  }, {
    ""k"": ""primary_search"",
    ""v"": ""GSE121885""
  }, {
    ""k"": ""primary_search"",
    ""v"": ""GSM3449454""
  }, {
    ""k"": ""primary_search"",
    ""v"": ""GSM3449454_r2""
  }, {
    ""k"": ""primary_search"",
    ""v"": ""PRJNA498919""
  }, {
    ""k"": ""primary_search"",
    ""v"": ""SAMN10338921""
  }, {
    ""k"": ""primary_search"",
    ""v"": ""SRP167074""
  }, {
    ""k"": ""primary_search"",
    ""v"": ""SRR8121094""
  }, {
    ""k"": ""primary_search"",
    ""v"": ""SRS3989676""
  }, {
    ""k"": ""primary_search"",
    ""v"": ""SRX4947382""
  }]
}",1,"{""geo_accession_exp"": [""GSM3449454""], ""bases"": 651921600, ""bytes"": 350852630, ""run_file_create_date"": ""2018-10-29T06:32:00.000Z"", ""diet_sam"": [""Rockrose""], ""source_name_sam"": [""Whole body tissue""], ""tissue_sam_ss_dpl145"": [""Whole body""], ""virus_sam"": ""Not infected with IAPV"", ""primary_search"": ""10338921""}","srr8121094 rna-seq geo public srx4947382 gsm3449454 illumina hiseq 2500 single cdna transcriptomic illumina srs3989676 samn10338921 apis mellifera srp167074 2018-10-31 00:00:00.000000 utc prjna498919  []    [] [] [] [] [fastq,run.zq,sra] [gs,ncbi,s3] [gs.us-east1,ncbi.public,s3.us-east-1] {
  ""attributes"": [{
    ""k"": ""geo_accession_exp"",
    ""v"": ""gsm3449454""
  }, {
    ""k"": ""bases"",
    ""v"": ""651921600""
  }, {
    ""k"": ""bytes"",
    ""v"": ""350852630""
  }, {
    ""k"": ""run_file_create_date"",
    ""v"": ""2018-10-29t06:32:00.000z""
  }, {
    ""k"": ""diet_sam"",
    ""v"": ""rockrose""
  }, {
    ""k"": ""source_name_sam"",
    ""v"": ""whole body tissue""
  }, {
    ""k"": ""tissue_sam_ss_dpl145"",
    ""v"": ""whole body""
  }, {
    ""k"": ""virus_sam"",
    ""v"": ""not infected with iapv""
  }, {
    ""k"": ""primary_search"",
    ""v"": ""10338921""
  }, {
    ""k"": ""primary_search"",
    ""v"": ""498919""
  }, {
    ""k"": ""primary_search"",
    ""v"": ""gse121885""
  }, {
    ""k"": ""primary_search"",
    ""v"": ""gsm3449454""
  }, {
    ""k"": ""primary_search"",
    ""v"": ""gsm3449454_r2""
  }, {
    ""k"": ""primary_search"",
    ""v"": ""prjna498919""
  }, {
    ""k"": ""primary_search"",
    ""v"": ""samn10338921""
  }, {
    ""k"": ""primary_search"",
    ""v"": ""srp167074""
  }, {
    ""k"": ""primary_search"",
    ""v"": ""srr8121094""
  }, {
    ""k"": ""primary_search"",
    ""v"": ""srs3989676""
  }, {
    ""k"": ""primary_search"",
    ""v"": ""srx4947382""
  }]
} {""geo_accession_exp"": [""gsm3449454""], ""bases"": 651921600, ""bytes"": 350852630, ""run_file_create_date"": ""2018-10-29t06:32:00.000z"", ""diet_sam"": [""rockrose""], ""source_name_sam"": [""whole body tissue""], ""tissue_sam_ss_dpl145"": [""whole body""], ""virus_sam"": ""not infected with iapv"", ""primary_search"": ""10338921""}",,1
SRR9705277,RNA-Seq,UNIVERSITY OF PENNSYLVANIA,public,SRX6463333,Bee_FM-1,Illumina HiSeq 2500,SINGLE,RT-PCR,TRANSCRIPTOMIC,ILLUMINA,SRS5113155,SAMN11466344,Apis mellifera,SRP193058,2019-07-18 00:00:00.000000 UTC,PRJNA533756,259,NA,50,656,NA,Bee_FM-1,[Invertebrate],,Japan,Asia,[Japan],[],[],[],"[fastq,run.zq,sra]","[gs,ncbi,s3]","[gs.us-east1,ncbi.public,s3.us-east-1]","{
  ""attributes"": [{
    ""k"": ""bases"",
    ""v"": ""656490064""
  }, {
    ""k"": ""bytes"",
    ""v"": ""272536933""
  }, {
    ""k"": ""run_file_create_date"",
    ""v"": ""2019-07-18T13:25:00.000Z""
  }, {
    ""k"": ""collection_date_sam"",
    ""v"": ""2016""
  }, {
    ""k"": ""isolate_sam_ss_dpl100"",
    ""v"": ""not applicable""
  }, {
    ""k"": ""isolation_source_sam"",
    ""v"": ""laboratory""
  }, {
    ""k"": ""replicate_sam_ss_dpl121"",
    ""v"": ""1""
  }, {
    ""k"": ""sample_type_sam_ss_dpl131"",
    ""v"": ""worker forager""
  }, {
    ""k"": ""tissue_sam_ss_dpl145"",
    ""v"": ""Thorax""
  }, {
    ""k"": ""primary_search"",
    ""v"": ""11466344""
  }, {
    ""k"": ""primary_search"",
    ""v"": ""533756""
  }, {
    ""k"": ""primary_search"",
    ""v"": ""Bee_FM-1""
  }, {
    ""k"": ""primary_search"",
    ""v"": ""Bee_FM-1.fastq.gz""
  }, {
    ""k"": ""primary_search"",
    ""v"": ""PRJNA533756""
  }, {
    ""k"": ""primary_search"",
    ""v"": ""SAMN11466344""
  }, {
    ""k"": ""primary_search"",
    ""v"": ""SRP193058""
  }, {
    ""k"": ""primary_search"",
    ""v"": ""SRR9705277""
  }, {
    ""k"": ""primary_search"",
    ""v"": ""SRS5113155""
  }, {
    ""k"": ""primary_search"",
    ""v"": ""SRX6463333""
  }, {
    ""k"": ""primary_search"",
    ""v"": ""bp0""
  }]
}",1,"{""bases"": 656490064, ""bytes"": 272536933, ""run_file_create_date"": ""2019-07-18T13:25:00.000Z"", ""collection_date_sam"": [""2016""], ""isolate_sam_ss_dpl100"": [""not applicable""], ""isolation_source_sam"": [""laboratory""], ""replicate_sam_ss_dpl121"": [""1""], ""sample_type_sam_ss_dpl131"": [""worker forager""], ""tissue_sam_ss_dpl145"": [""Thorax""], ""primary_search"": ""11466344""}","srr9705277 rna-seq university of pennsylvania public srx6463333 bee_fm-1 illumina hiseq 2500 single rt-pcr transcriptomic illumina srs5113155 samn11466344 apis mellifera srp193058 2019-07-18 00:00:00.000000 utc prjna533756 bee_fm-1 [invertebrate]  japan asia [japan] [] [] [] [fastq,run.zq,sra] [gs,ncbi,s3] [gs.us-east1,ncbi.public,s3.us-east-1] {
  ""attributes"": [{
    ""k"": ""bases"",
    ""v"": ""656490064""
  }, {
    ""k"": ""bytes"",
    ""v"": ""272536933""
  }, {
    ""k"": ""run_file_create_date"",
    ""v"": ""2019-07-18t13:25:00.000z""
  }, {
    ""k"": ""collection_date_sam"",
    ""v"": ""2016""
  }, {
    ""k"": ""isolate_sam_ss_dpl100"",
    ""v"": ""not applicable""
  }, {
    ""k"": ""isolation_source_sam"",
    ""v"": ""laboratory""
  }, {
    ""k"": ""replicate_sam_ss_dpl121"",
    ""v"": ""1""
  }, {
    ""k"": ""sample_type_sam_ss_dpl131"",
    ""v"": ""worker forager""
  }, {
    ""k"": ""tissue_sam_ss_dpl145"",
    ""v"": ""thorax""
  }, {
    ""k"": ""primary_search"",
    ""v"": ""11466344""
  }, {
    ""k"": ""primary_search"",
    ""v"": ""533756""
  }, {
    ""k"": ""primary_search"",
    ""v"": ""bee_fm-1""
  }, {
    ""k"": ""primary_search"",
    ""v"": ""bee_fm-1.fastq.gz""
  }, {
    ""k"": ""primary_search"",
    ""v"": ""prjna533756""
  }, {
    ""k"": ""primary_search"",
    ""v"": ""samn11466344""
  }, {
    ""k"": ""primary_search"",
    ""v"": ""srp193058""
  }, {
    ""k"": ""primary_search"",
    ""v"": ""srr9705277""
  }, {
    ""k"": ""primary_search"",
    ""v"": ""srs5113155""
  }, {
    ""k"": ""primary_search"",
    ""v"": ""srx6463333""
  }, {
    ""k"": ""primary_search"",
    ""v"": ""bp0""
  }]
} {""bases"": 656490064, ""bytes"": 272536933, ""run_file_create_date"": ""2019-07-18t13:25:00.000z"", ""collection_date_sam"": [""2016""], ""isolate_sam_ss_dpl100"": [""not applicable""], ""isolation_source_sam"": [""laboratory""], ""replicate_sam_ss_dpl121"": [""1""], ""sample_type_sam_ss_dpl131"": [""worker forager""], ""tissue_sam_ss_dpl145"": [""thorax""], ""primary_search"": ""11466344""}",,3
SRR9705276,RNA-Seq,UNIVERSITY OF PENNSYLVANIA,public,SRX6463334,Bee_FM-2,Illumina HiSeq 2500,SINGLE,RT-PCR,TRANSCRIPTOMIC,ILLUMINA,SRS5113156,SAMN11466345,Apis mellifera,SRP193058,2019-07-18 00:00:00.000000 UTC,PRJNA533756,191,NA,50,482,NA,Bee_FM-2,[Invertebrate],,Japan,Asia,[Japan],[],[],[],"[fastq,run.zq,sra]","[gs,ncbi,s3]","[gs.us-east1,ncbi.public,s3.us-east-1]","{
  ""attributes"": [{
    ""k"": ""bases"",
    ""v"": ""482625234""
  }, {
    ""k"": ""bytes"",
    ""v"": ""200673410""
  }, {
    ""k"": ""run_file_create_date"",
    ""v"": ""2019-07-18T13:24:00.000Z""
  }, {
    ""k"": ""collection_date_sam"",
    ""v"": ""2016""
  }, {
    ""k"": ""isolate_sam_ss_dpl100"",
    ""v"": ""not applicable""
  }, {
    ""k"": ""isolation_source_sam"",
    ""v"": ""laboratory""
  }, {
    ""k"": ""replicate_sam_ss_dpl121"",
    ""v"": ""2""
  }, {
    ""k"": ""sample_type_sam_ss_dpl131"",
    ""v"": ""worker forager""
  }, {
    ""k"": ""tissue_sam_ss_dpl145"",
    ""v"": ""Thorax""
  }, {
    ""k"": ""primary_search"",
    ""v"": ""11466345""
  }, {
    ""k"": ""primary_search"",
    ""v"": ""533756""
  }, {
    ""k"": ""primary_search"",
    ""v"": ""Bee_FM-2""
  }, {
    ""k"": ""primary_search"",
    ""v"": ""Bee_FM-2.fastq.gz""
  }, {
    ""k"": ""primary_search"",
    ""v"": ""PRJNA533756""
  }, {
    ""k"": ""primary_search"",
    ""v"": ""SAMN11466345""
  }, {
    ""k"": ""primary_search"",
    ""v"": ""SRP193058""
  }, {
    ""k"": ""primary_search"",
    ""v"": ""SRR9705276""
  }, {
    ""k"": ""primary_search"",
    ""v"": ""SRS5113156""
  }, {
    ""k"": ""primary_search"",
    ""v"": ""SRX6463334""
  }, {
    ""k"": ""primary_search"",
    ""v"": ""bp0""
  }]
}",1,"{""bases"": 482625234, ""bytes"": 200673410, ""run_file_create_date"": ""2019-07-18T13:24:00.000Z"", ""collection_date_sam"": [""2016""], ""isolate_sam_ss_dpl100"": [""not applicable""], ""isolation_source_sam"": [""laboratory""], ""replicate_sam_ss_dpl121"": [""2""], ""sample_type_sam_ss_dpl131"": [""worker forager""], ""tissue_sam_ss_dpl145"": [""Thorax""], ""primary_search"": ""11466345""}","srr9705276 rna-seq university of pennsylvania public srx6463334 bee_fm-2 illumina hiseq 2500 single rt-pcr transcriptomic illumina srs5113156 samn11466345 apis mellifera srp193058 2019-07-18 00:00:00.000000 utc prjna533756 bee_fm-2 [invertebrate]  japan asia [japan] [] [] [] [fastq,run.zq,sra] [gs,ncbi,s3] [gs.us-east1,ncbi.public,s3.us-east-1] {
  ""attributes"": [{
    ""k"": ""bases"",
    ""v"": ""482625234""
  }, {
    ""k"": ""bytes"",
    ""v"": ""200673410""
  }, {
    ""k"": ""run_file_create_date"",
    ""v"": ""2019-07-18t13:24:00.000z""
  }, {
    ""k"": ""collection_date_sam"",
    ""v"": ""2016""
  }, {
    ""k"": ""isolate_sam_ss_dpl100"",
    ""v"": ""not applicable""
  }, {
    ""k"": ""isolation_source_sam"",
    ""v"": ""laboratory""
  }, {
    ""k"": ""replicate_sam_ss_dpl121"",
    ""v"": ""2""
  }, {
    ""k"": ""sample_type_sam_ss_dpl131"",
    ""v"": ""worker forager""
  }, {
    ""k"": ""tissue_sam_ss_dpl145"",
    ""v"": ""thorax""
  }, {
    ""k"": ""primary_search"",
    ""v"": ""11466345""
  }, {
    ""k"": ""primary_search"",
    ""v"": ""533756""
  }, {
    ""k"": ""primary_search"",
    ""v"": ""bee_fm-2""
  }, {
    ""k"": ""primary_search"",
    ""v"": ""bee_fm-2.fastq.gz""
  }, {
    ""k"": ""primary_search"",
    ""v"": ""prjna533756""
  }, {
    ""k"": ""primary_search"",
    ""v"": ""samn11466345""
  }, {
    ""k"": ""primary_search"",
    ""v"": ""srp193058""
  }, {
    ""k"": ""primary_search"",
    ""v"": ""srr9705276""
  }, {
    ""k"": ""primary_search"",
    ""v"": ""srs5113156""
  }, {
    ""k"": ""primary_search"",
    ""v"": ""srx6463334""
  }, {
    ""k"": ""primary_search"",
    ""v"": ""bp0""
  }]
} {""bases"": 482625234, ""bytes"": 200673410, ""run_file_create_date"": ""2019-07-18t13:24:00.000z"", ""collection_date_sam"": [""2016""], ""isolate_sam_ss_dpl100"": [""not applicable""], ""isolation_source_sam"": [""laboratory""], ""replicate_sam_ss_dpl121"": [""2""], ""sample_type_sam_ss_dpl131"": [""worker forager""], ""tissue_sam_ss_dpl145"": [""thorax""], ""primary_search"": ""11466345""}",,3
SRR9705309,RNA-Seq,UNIVERSITY OF PENNSYLVANIA,public,SRX6463301,Bee_FM-3,Illumina HiSeq 2500,SINGLE,RT-PCR,TRANSCRIPTOMIC,ILLUMINA,SRS5113123,SAMN11466346,Apis mellifera,SRP193058,2019-07-18 00:00:00.000000 UTC,PRJNA533756,335,NA,50,866,NA,Bee_FM-3,[Invertebrate],,Japan,Asia,[Japan],[],[],[],"[fastq,run.zq,sra]","[gs,ncbi,s3]","[gs.us-east1,ncbi.public,s3.us-east-1]","{
  ""attributes"": [{
    ""k"": ""bases"",
    ""v"": ""866170660""
  }, {
    ""k"": ""bytes"",
    ""v"": ""351813131""
  }, {
    ""k"": ""run_file_create_date"",
    ""v"": ""2019-07-18T13:29:00.000Z""
  }, {
    ""k"": ""collection_date_sam"",
    ""v"": ""2016""
  }, {
    ""k"": ""isolate_sam_ss_dpl100"",
    ""v"": ""not applicable""
  }, {
    ""k"": ""isolation_source_sam"",
    ""v"": ""laboratory""
  }, {
    ""k"": ""replicate_sam_ss_dpl121"",
    ""v"": ""3""
  }, {
    ""k"": ""sample_type_sam_ss_dpl131"",
    ""v"": ""worker forager""
  }, {
    ""k"": ""tissue_sam_ss_dpl145"",
    ""v"": ""Thorax""
  }, {
    ""k"": ""primary_search"",
    ""v"": ""11466346""
  }, {
    ""k"": ""primary_search"",
    ""v"": ""533756""
  }, {
    ""k"": ""primary_search"",
    ""v"": ""Bee_FM-3""
  }, {
    ""k"": ""primary_search"",
    ""v"": ""Bee_FM-3.fastq.gz""
  }, {
    ""k"": ""primary_search"",
    ""v"": ""PRJNA533756""
  }, {
    ""k"": ""primary_search"",
    ""v"": ""SAMN11466346""
  }, {
    ""k"": ""primary_search"",
    ""v"": ""SRP193058""
  }, {
    ""k"": ""primary_search"",
    ""v"": ""SRR9705309""
  }, {
    ""k"": ""primary_search"",
    ""v"": ""SRS5113123""
  }, {
    ""k"": ""primary_search"",
    ""v"": ""SRX6463301""
  }, {
    ""k"": ""primary_search"",
    ""v"": ""bp0""
  }]
}",1,"{""bases"": 866170660, ""bytes"": 351813131, ""run_file_create_date"": ""2019-07-18T13:29:00.000Z"", ""collection_date_sam"": [""2016""], ""isolate_sam_ss_dpl100"": [""not applicable""], ""isolation_source_sam"": [""laboratory""], ""replicate_sam_ss_dpl121"": [""3""], ""sample_type_sam_ss_dpl131"": [""worker forager""], ""tissue_sam_ss_dpl145"": [""Thorax""], ""primary_search"": ""11466346""}","srr9705309 rna-seq university of pennsylvania public srx6463301 bee_fm-3 illumina hiseq 2500 single rt-pcr transcriptomic illumina srs5113123 samn11466346 apis mellifera srp193058 2019-07-18 00:00:00.000000 utc prjna533756 bee_fm-3 [invertebrate]  japan asia [japan] [] [] [] [fastq,run.zq,sra] [gs,ncbi,s3] [gs.us-east1,ncbi.public,s3.us-east-1] {
  ""attributes"": [{
    ""k"": ""bases"",
    ""v"": ""866170660""
  }, {
    ""k"": ""bytes"",
    ""v"": ""351813131""
  }, {
    ""k"": ""run_file_create_date"",
    ""v"": ""2019-07-18t13:29:00.000z""
  }, {
    ""k"": ""collection_date_sam"",
    ""v"": ""2016""
  }, {
    ""k"": ""isolate_sam_ss_dpl100"",
    ""v"": ""not applicable""
  }, {
    ""k"": ""isolation_source_sam"",
    ""v"": ""laboratory""
  }, {
    ""k"": ""replicate_sam_ss_dpl121"",
    ""v"": ""3""
  }, {
    ""k"": ""sample_type_sam_ss_dpl131"",
    ""v"": ""worker forager""
  }, {
    ""k"": ""tissue_sam_ss_dpl145"",
    ""v"": ""thorax""
  }, {
    ""k"": ""primary_search"",
    ""v"": ""11466346""
  }, {
    ""k"": ""primary_search"",
    ""v"": ""533756""
  }, {
    ""k"": ""primary_search"",
    ""v"": ""bee_fm-3""
  }, {
    ""k"": ""primary_search"",
    ""v"": ""bee_fm-3.fastq.gz""
  }, {
    ""k"": ""primary_search"",
    ""v"": ""prjna533756""
  }, {
    ""k"": ""primary_search"",
    ""v"": ""samn11466346""
  }, {
    ""k"": ""primary_search"",
    ""v"": ""srp193058""
  }, {
    ""k"": ""primary_search"",
    ""v"": ""srr9705309""
  }, {
    ""k"": ""primary_search"",
    ""v"": ""srs5113123""
  }, {
    ""k"": ""primary_search"",
    ""v"": ""srx6463301""
  }, {
    ""k"": ""primary_search"",
    ""v"": ""bp0""
  }]
} {""bases"": 866170660, ""bytes"": 351813131, ""run_file_create_date"": ""2019-07-18t13:29:00.000z"", ""collection_date_sam"": [""2016""], ""isolate_sam_ss_dpl100"": [""not applicable""], ""isolation_source_sam"": [""laboratory""], ""replicate_sam_ss_dpl121"": [""3""], ""sample_type_sam_ss_dpl131"": [""worker forager""], ""tissue_sam_ss_dpl145"": [""thorax""], ""primary_search"": ""11466346""}",,3
SRR12584245,RNA-Seq,UNIVERSITY OF NORTH CAROLINA AT GREENSBORO,public,SRX9070959,QR-A-25d-PostPBS-24h_S200_L008_R1_001.fastq.gz,Illumina HiSeq 2500,SINGLE,other,TRANSCRIPTOMIC,ILLUMINA,SRS7319213,SAMN16054452,Apis mellifera,SRP280012,2020-09-03 00:00:00.000000 UTC,PRJNA661322,98,NA,101,283,NA,QR-A-25d-PostPBS-24h_S200_L008_R1_001.fastq.gz,[Invertebrate],2017-07-25,USA,North America,[USA:Greensboro],[],[],[],"[fastq,run.zq,sra]","[gs,ncbi,s3]","[gs.us-east1,ncbi.public,s3.us-east-1]","{
  ""attributes"": [{
    ""k"": ""bases"",
    ""v"": ""283444784""
  }, {
    ""k"": ""bytes"",
    ""v"": ""103275975""
  }, {
    ""k"": ""run_file_create_date"",
    ""v"": ""2020-09-03T17:08:00.000Z""
  }, {
    ""k"": ""collection_date_sam"",
    ""v"": ""2017-07-25""
  }, {
    ""k"": ""isolate_sam_ss_dpl100"",
    ""v"": ""Not Applicable""
  }, {
    ""k"": ""isolation_source_sam"",
    ""v"": ""Greensboro, NC""
  }, {
    ""k"": ""samples_numbers_sam"",
    ""v"": ""105""
  }, {
    ""k"": ""tissue_sam_ss_dpl145"",
    ""v"": ""Whole Body""
  }, {
    ""k"": ""primary_search"",
    ""v"": ""16054452""
  }, {
    ""k"": ""primary_search"",
    ""v"": ""661322""
  }, {
    ""k"": ""primary_search"",
    ""v"": ""PRJNA661322""
  }, {
    ""k"": ""primary_search"",
    ""v"": ""QR-A-25d-PostPBS-24h_S200_L008_R1_001.fastq.gz""
  }, {
    ""k"": ""primary_search"",
    ""v"": ""SAMN16054452""
  }, {
    ""k"": ""primary_search"",
    ""v"": ""SRP280012""
  }, {
    ""k"": ""primary_search"",
    ""v"": ""SRR12584245""
  }, {
    ""k"": ""primary_search"",
    ""v"": ""SRS7319213""
  }, {
    ""k"": ""primary_search"",
    ""v"": ""SRX9070959""
  }, {
    ""k"": ""primary_search"",
    ""v"": ""bp0""
  }]
}",1,"{""bases"": 283444784, ""bytes"": 103275975, ""run_file_create_date"": ""2020-09-03T17:08:00.000Z"", ""collection_date_sam"": [""2017-07-25""], ""isolate_sam_ss_dpl100"": [""Not Applicable""], ""isolation_source_sam"": [""Greensboro, NC""], ""samples_numbers_sam"": 105, ""tissue_sam_ss_dpl145"": [""Whole Body""], ""primary_search"": ""16054452""}","srr12584245 rna-seq university of north carolina at greensboro public srx9070959 qr-a-25d-postpbs-24h_s200_l008_r1_001.fastq.gz illumina hiseq 2500 single other transcriptomic illumina srs7319213 samn16054452 apis mellifera srp280012 2020-09-03 00:00:00.000000 utc prjna661322 qr-a-25d-postpbs-24h_s200_l008_r1_001.fastq.gz [invertebrate] 2017-07-25 usa north america [usa:greensboro] [] [] [] [fastq,run.zq,sra] [gs,ncbi,s3] [gs.us-east1,ncbi.public,s3.us-east-1] {
  ""attributes"": [{
    ""k"": ""bases"",
    ""v"": ""283444784""
  }, {
    ""k"": ""bytes"",
    ""v"": ""103275975""
  }, {
    ""k"": ""run_file_create_date"",
    ""v"": ""2020-09-03t17:08:00.000z""
  }, {
    ""k"": ""collection_date_sam"",
    ""v"": ""2017-07-25""
  }, {
    ""k"": ""isolate_sam_ss_dpl100"",
    ""v"": ""not applicable""
  }, {
    ""k"": ""isolation_source_sam"",
    ""v"": ""greensboro, nc""
  }, {
    ""k"": ""samples_numbers_sam"",
    ""v"": ""105""
  }, {
    ""k"": ""tissue_sam_ss_dpl145"",
    ""v"": ""whole body""
  }, {
    ""k"": ""primary_search"",
    ""v"": ""16054452""
  }, {
    ""k"": ""primary_search"",
    ""v"": ""661322""
  }, {
    ""k"": ""primary_search"",
    ""v"": ""prjna661322""
  }, {
    ""k"": ""primary_search"",
    ""v"": ""qr-a-25d-postpbs-24h_s200_l008_r1_001.fastq.gz""
  }, {
    ""k"": ""primary_search"",
    ""v"": ""samn16054452""
  }, {
    ""k"": ""primary_search"",
    ""v"": ""srp280012""
  }, {
    ""k"": ""primary_search"",
    ""v"": ""srr12584245""
  }, {
    ""k"": ""primary_search"",
    ""v"": ""srs7319213""
  }, {
    ""k"": ""primary_search"",
    ""v"": ""srx9070959""
  }, {
    ""k"": ""primary_search"",
    ""v"": ""bp0""
  }]
} {""bases"": 283444784, ""bytes"": 103275975, ""run_file_create_date"": ""2020-09-03t17:08:00.000z"", ""collection_date_sam"": [""2017-07-25""], ""isolate_sam_ss_dpl100"": [""not applicable""], ""isolation_source_sam"": [""greensboro, nc""], ""samples_numbers_sam"": 105, ""tissue_sam_ss_dpl145"": [""whole body""], ""primary_search"": ""16054452""}",,1
SRR12584232,RNA-Seq,UNIVERSITY OF NORTH CAROLINA AT GREENSBORO,public,SRX9070972,QR-CC-25d-NoTreat_S196_L008_R1_001.fastq.gz,Illumina HiSeq 2500,SINGLE,other,TRANSCRIPTOMIC,ILLUMINA,SRS7319226,SAMN16054464,Apis mellifera,SRP280012,2020-09-03 00:00:00.000000 UTC,PRJNA661322,144,NA,101,412,NA,QR-CC-25d-NoTreat_S196_L008_R1_001.fastq.gz,[Invertebrate],2017-07-25,USA,North America,[USA:Greensboro],[],[],[],"[fastq,run.zq,sra]","[gs,ncbi,s3]","[gs.us-east1,ncbi.public,s3.us-east-1]","{
  ""attributes"": [{
    ""k"": ""bases"",
    ""v"": ""412370072""
  }, {
    ""k"": ""bytes"",
    ""v"": ""151909074""
  }, {
    ""k"": ""run_file_create_date"",
    ""v"": ""2020-09-03T17:08:00.000Z""
  }, {
    ""k"": ""collection_date_sam"",
    ""v"": ""2017-07-25""
  }, {
    ""k"": ""isolate_sam_ss_dpl100"",
    ""v"": ""Not Applicable""
  }, {
    ""k"": ""isolation_source_sam"",
    ""v"": ""Greensboro, NC""
  }, {
    ""k"": ""samples_numbers_sam"",
    ""v"": ""117""
  }, {
    ""k"": ""tissue_sam_ss_dpl145"",
    ""v"": ""Whole Body""
  }, {
    ""k"": ""primary_search"",
    ""v"": ""16054464""
  }, {
    ""k"": ""primary_search"",
    ""v"": ""661322""
  }, {
    ""k"": ""primary_search"",
    ""v"": ""PRJNA661322""
  }, {
    ""k"": ""primary_search"",
    ""v"": ""QR-CC-25d-NoTreat_S196_L008_R1_001.fastq.gz""
  }, {
    ""k"": ""primary_search"",
    ""v"": ""SAMN16054464""
  }, {
    ""k"": ""primary_search"",
    ""v"": ""SRP280012""
  }, {
    ""k"": ""primary_search"",
    ""v"": ""SRR12584232""
  }, {
    ""k"": ""primary_search"",
    ""v"": ""SRS7319226""
  }, {
    ""k"": ""primary_search"",
    ""v"": ""SRX9070972""
  }, {
    ""k"": ""primary_search"",
    ""v"": ""bp0""
  }]
}",1,"{""bases"": 412370072, ""bytes"": 151909074, ""run_file_create_date"": ""2020-09-03T17:08:00.000Z"", ""collection_date_sam"": [""2017-07-25""], ""isolate_sam_ss_dpl100"": [""Not Applicable""], ""isolation_source_sam"": [""Greensboro, NC""], ""samples_numbers_sam"": 117, ""tissue_sam_ss_dpl145"": [""Whole Body""], ""primary_search"": ""16054464""}","srr12584232 rna-seq university of north carolina at greensboro public srx9070972 qr-cc-25d-notreat_s196_l008_r1_001.fastq.gz illumina hiseq 2500 single other transcriptomic illumina srs7319226 samn16054464 apis mellifera srp280012 2020-09-03 00:00:00.000000 utc prjna661322 qr-cc-25d-notreat_s196_l008_r1_001.fastq.gz [invertebrate] 2017-07-25 usa north america [usa:greensboro] [] [] [] [fastq,run.zq,sra] [gs,ncbi,s3] [gs.us-east1,ncbi.public,s3.us-east-1] {
  ""attributes"": [{
    ""k"": ""bases"",
    ""v"": ""412370072""
  }, {
    ""k"": ""bytes"",
    ""v"": ""151909074""
  }, {
    ""k"": ""run_file_create_date"",
    ""v"": ""2020-09-03t17:08:00.000z""
  }, {
    ""k"": ""collection_date_sam"",
    ""v"": ""2017-07-25""
  }, {
    ""k"": ""isolate_sam_ss_dpl100"",
    ""v"": ""not applicable""
  }, {
    ""k"": ""isolation_source_sam"",
    ""v"": ""greensboro, nc""
  }, {
    ""k"": ""samples_numbers_sam"",
    ""v"": ""117""
  }, {
    ""k"": ""tissue_sam_ss_dpl145"",
    ""v"": ""whole body""
  }, {
    ""k"": ""primary_search"",
    ""v"": ""16054464""
  }, {
    ""k"": ""primary_search"",
    ""v"": ""661322""
  }, {
    ""k"": ""primary_search"",
    ""v"": ""prjna661322""
  }, {
    ""k"": ""primary_search"",
    ""v"": ""qr-cc-25d-notreat_s196_l008_r1_001.fastq.gz""
  }, {
    ""k"": ""primary_search"",
    ""v"": ""samn16054464""
  }, {
    ""k"": ""primary_search"",
    ""v"": ""srp280012""
  }, {
    ""k"": ""primary_search"",
    ""v"": ""srr12584232""
  }, {
    ""k"": ""primary_search"",
    ""v"": ""srs7319226""
  }, {
    ""k"": ""primary_search"",
    ""v"": ""srx9070972""
  }, {
    ""k"": ""primary_search"",
    ""v"": ""bp0""
  }]
} {""bases"": 412370072, ""bytes"": 151909074, ""run_file_create_date"": ""2020-09-03t17:08:00.000z"", ""collection_date_sam"": [""2017-07-25""], ""isolate_sam_ss_dpl100"": [""not applicable""], ""isolation_source_sam"": [""greensboro, nc""], ""samples_numbers_sam"": 117, ""tissue_sam_ss_dpl145"": [""whole body""], ""primary_search"": ""16054464""}",,1
SRR12584210,RNA-Seq,UNIVERSITY OF NORTH CAROLINA AT GREENSBORO,public,SRX9070994,QR-HH-25d-NoTreat_S189_L007_R1_001.fastq.gz,Illumina HiSeq 2500,SINGLE,other,TRANSCRIPTOMIC,ILLUMINA,SRS7319248,SAMN16054484,Apis mellifera,SRP280012,2020-09-03 00:00:00.000000 UTC,PRJNA661322,102,NA,101,285,NA,QR-HH-25d-NoTreat_S189_L007_R1_001.fastq.gz,[Invertebrate],2017-07-25,USA,North America,[USA:Greensboro],[],[],[],"[fastq,run.zq,sra]","[gs,ncbi,s3]","[gs.us-east1,ncbi.public,s3.us-east-1]","{
  ""attributes"": [{
    ""k"": ""bases"",
    ""v"": ""285927970""
  }, {
    ""k"": ""bytes"",
    ""v"": ""107174522""
  }, {
    ""k"": ""run_file_create_date"",
    ""v"": ""2020-09-03T17:07:00.000Z""
  }, {
    ""k"": ""collection_date_sam"",
    ""v"": ""2017-07-25""
  }, {
    ""k"": ""isolate_sam_ss_dpl100"",
    ""v"": ""Not Applicable""
  }, {
    ""k"": ""isolation_source_sam"",
    ""v"": ""Greensboro, NC""
  }, {
    ""k"": ""samples_numbers_sam"",
    ""v"": ""137""
  }, {
    ""k"": ""tissue_sam_ss_dpl145"",
    ""v"": ""Whole Body""
  }, {
    ""k"": ""primary_search"",
    ""v"": ""16054484""
  }, {
    ""k"": ""primary_search"",
    ""v"": ""661322""
  }, {
    ""k"": ""primary_search"",
    ""v"": ""PRJNA661322""
  }, {
    ""k"": ""primary_search"",
    ""v"": ""QR-HH-25d-NoTreat_S189_L007_R1_001.fastq.gz""
  }, {
    ""k"": ""primary_search"",
    ""v"": ""SAMN16054484""
  }, {
    ""k"": ""primary_search"",
    ""v"": ""SRP280012""
  }, {
    ""k"": ""primary_search"",
    ""v"": ""SRR12584210""
  }, {
    ""k"": ""primary_search"",
    ""v"": ""SRS7319248""
  }, {
    ""k"": ""primary_search"",
    ""v"": ""SRX9070994""
  }, {
    ""k"": ""primary_search"",
    ""v"": ""bp0""
  }]
}",1,"{""bases"": 285927970, ""bytes"": 107174522, ""run_file_create_date"": ""2020-09-03T17:07:00.000Z"", ""collection_date_sam"": [""2017-07-25""], ""isolate_sam_ss_dpl100"": [""Not Applicable""], ""isolation_source_sam"": [""Greensboro, NC""], ""samples_numbers_sam"": 137, ""tissue_sam_ss_dpl145"": [""Whole Body""], ""primary_search"": ""16054484""}","srr12584210 rna-seq university of north carolina at greensboro public srx9070994 qr-hh-25d-notreat_s189_l007_r1_001.fastq.gz illumina hiseq 2500 single other transcriptomic illumina srs7319248 samn16054484 apis mellifera srp280012 2020-09-03 00:00:00.000000 utc prjna661322 qr-hh-25d-notreat_s189_l007_r1_001.fastq.gz [invertebrate] 2017-07-25 usa north america [usa:greensboro] [] [] [] [fastq,run.zq,sra] [gs,ncbi,s3] [gs.us-east1,ncbi.public,s3.us-east-1] {
  ""attributes"": [{
    ""k"": ""bases"",
    ""v"": ""285927970""
  }, {
    ""k"": ""bytes"",
    ""v"": ""107174522""
  }, {
    ""k"": ""run_file_create_date"",
    ""v"": ""2020-09-03t17:07:00.000z""
  }, {
    ""k"": ""collection_date_sam"",
    ""v"": ""2017-07-25""
  }, {
    ""k"": ""isolate_sam_ss_dpl100"",
    ""v"": ""not applicable""
  }, {
    ""k"": ""isolation_source_sam"",
    ""v"": ""greensboro, nc""
  }, {
    ""k"": ""samples_numbers_sam"",
    ""v"": ""137""
  }, {
    ""k"": ""tissue_sam_ss_dpl145"",
    ""v"": ""whole body""
  }, {
    ""k"": ""primary_search"",
    ""v"": ""16054484""
  }, {
    ""k"": ""primary_search"",
    ""v"": ""661322""
  }, {
    ""k"": ""primary_search"",
    ""v"": ""prjna661322""
  }, {
    ""k"": ""primary_search"",
    ""v"": ""qr-hh-25d-notreat_s189_l007_r1_001.fastq.gz""
  }, {
    ""k"": ""primary_search"",
    ""v"": ""samn16054484""
  }, {
    ""k"": ""primary_search"",
    ""v"": ""srp280012""
  }, {
    ""k"": ""primary_search"",
    ""v"": ""srr12584210""
  }, {
    ""k"": ""primary_search"",
    ""v"": ""srs7319248""
  }, {
    ""k"": ""primary_search"",
    ""v"": ""srx9070994""
  }, {
    ""k"": ""primary_search"",
    ""v"": ""bp0""
  }]
} {""bases"": 285927970, ""bytes"": 107174522, ""run_file_create_date"": ""2020-09-03t17:07:00.000z"", ""collection_date_sam"": [""2017-07-25""], ""isolate_sam_ss_dpl100"": [""not applicable""], ""isolation_source_sam"": [""greensboro, nc""], ""samples_numbers_sam"": 137, ""tissue_sam_ss_dpl145"": [""whole body""], ""primary_search"": ""16054484""}",,1
SRR12584262,RNA-Seq,UNIVERSITY OF NORTH CAROLINA AT GREENSBORO,public,SRX9070942,QR-S-25d-PostParaquat-24h_S176_L008_R1_001.fastq.gz,Illumina HiSeq 2500,SINGLE,other,TRANSCRIPTOMIC,ILLUMINA,SRS7319196,SAMN16054524,Apis mellifera,SRP280012,2020-09-03 00:00:00.000000 UTC,PRJNA661322,68,NA,101,189,NA,QR-S-25d-PostParaquat-24h_S176_L008_R1_001.fastq.gz,[Invertebrate],2017-07-25,USA,North America,[USA:Greensboro],[],[],[],"[fastq,run.zq,sra]","[gs,ncbi,s3]","[gs.us-east1,ncbi.public,s3.us-east-1]","{
  ""attributes"": [{
    ""k"": ""bases"",
    ""v"": ""189412976""
  }, {
    ""k"": ""bytes"",
    ""v"": ""71682294""
  }, {
    ""k"": ""run_file_create_date"",
    ""v"": ""2020-09-03T17:07:00.000Z""
  }, {
    ""k"": ""collection_date_sam"",
    ""v"": ""2017-07-25""
  }, {
    ""k"": ""isolate_sam_ss_dpl100"",
    ""v"": ""Not Applicable""
  }, {
    ""k"": ""isolation_source_sam"",
    ""v"": ""Greensboro, NC""
  }, {
    ""k"": ""samples_numbers_sam"",
    ""v"": ""177""
  }, {
    ""k"": ""tissue_sam_ss_dpl145"",
    ""v"": ""Whole Body""
  }, {
    ""k"": ""primary_search"",
    ""v"": ""16054524""
  }, {
    ""k"": ""primary_search"",
    ""v"": ""661322""
  }, {
    ""k"": ""primary_search"",
    ""v"": ""PRJNA661322""
  }, {
    ""k"": ""primary_search"",
    ""v"": ""QR-S-25d-PostParaquat-24h_S176_L008_R1_001.fastq.gz""
  }, {
    ""k"": ""primary_search"",
    ""v"": ""SAMN16054524""
  }, {
    ""k"": ""primary_search"",
    ""v"": ""SRP280012""
  }, {
    ""k"": ""primary_search"",
    ""v"": ""SRR12584262""
  }, {
    ""k"": ""primary_search"",
    ""v"": ""SRS7319196""
  }, {
    ""k"": ""primary_search"",
    ""v"": ""SRX9070942""
  }, {
    ""k"": ""primary_search"",
    ""v"": ""bp0""
  }]
}",1,"{""bases"": 189412976, ""bytes"": 71682294, ""run_file_create_date"": ""2020-09-03T17:07:00.000Z"", ""collection_date_sam"": [""2017-07-25""], ""isolate_sam_ss_dpl100"": [""Not Applicable""], ""isolation_source_sam"": [""Greensboro, NC""], ""samples_numbers_sam"": 177, ""tissue_sam_ss_dpl145"": [""Whole Body""], ""primary_search"": ""16054524""}","srr12584262 rna-seq university of north carolina at greensboro public srx9070942 qr-s-25d-postparaquat-24h_s176_l008_r1_001.fastq.gz illumina hiseq 2500 single other transcriptomic illumina srs7319196 samn16054524 apis mellifera srp280012 2020-09-03 00:00:00.000000 utc prjna661322 qr-s-25d-postparaquat-24h_s176_l008_r1_001.fastq.gz [invertebrate] 2017-07-25 usa north america [usa:greensboro] [] [] [] [fastq,run.zq,sra] [gs,ncbi,s3] [gs.us-east1,ncbi.public,s3.us-east-1] {
  ""attributes"": [{
    ""k"": ""bases"",
    ""v"": ""189412976""
  }, {
    ""k"": ""bytes"",
    ""v"": ""71682294""
  }, {
    ""k"": ""run_file_create_date"",
    ""v"": ""2020-09-03t17:07:00.000z""
  }, {
    ""k"": ""collection_date_sam"",
    ""v"": ""2017-07-25""
  }, {
    ""k"": ""isolate_sam_ss_dpl100"",
    ""v"": ""not applicable""
  }, {
    ""k"": ""isolation_source_sam"",
    ""v"": ""greensboro, nc""
  }, {
    ""k"": ""samples_numbers_sam"",
    ""v"": ""177""
  }, {
    ""k"": ""tissue_sam_ss_dpl145"",
    ""v"": ""whole body""
  }, {
    ""k"": ""primary_search"",
    ""v"": ""16054524""
  }, {
    ""k"": ""primary_search"",
    ""v"": ""661322""
  }, {
    ""k"": ""primary_search"",
    ""v"": ""prjna661322""
  }, {
    ""k"": ""primary_search"",
    ""v"": ""qr-s-25d-postparaquat-24h_s176_l008_r1_001.fastq.gz""
  }, {
    ""k"": ""primary_search"",
    ""v"": ""samn16054524""
  }, {
    ""k"": ""primary_search"",
    ""v"": ""srp280012""
  }, {
    ""k"": ""primary_search"",
    ""v"": ""srr12584262""
  }, {
    ""k"": ""primary_search"",
    ""v"": ""srs7319196""
  }, {
    ""k"": ""primary_search"",
    ""v"": ""srx9070942""
  }, {
    ""k"": ""primary_search"",
    ""v"": ""bp0""
  }]
} {""bases"": 189412976, ""bytes"": 71682294, ""run_file_create_date"": ""2020-09-03t17:07:00.000z"", ""collection_date_sam"": [""2017-07-25""], ""isolate_sam_ss_dpl100"": [""not applicable""], ""isolation_source_sam"": [""greensboro, nc""], ""samples_numbers_sam"": 177, ""tissue_sam_ss_dpl145"": [""whole body""], ""primary_search"": ""16054524""}",,1
SRR12584273,RNA-Seq,UNIVERSITY OF NORTH CAROLINA AT GREENSBORO,public,SRX9070931,QR-P-25d-PostParaquat-24h_S179_L007_R1_001.fastq.gz,Illumina HiSeq 2500,SINGLE,other,TRANSCRIPTOMIC,ILLUMINA,SRS7319185,SAMN16054514,Apis mellifera,SRP280012,2020-09-03 00:00:00.000000 UTC,PRJNA661322,135,NA,101,376,NA,QR-P-25d-PostParaquat-24h_S179_L007_R1_001.fastq.gz,[Invertebrate],2017-07-25,USA,North America,[USA:Greensboro],[],[],[],"[fastq,run.zq,sra]","[gs,ncbi,s3]","[gs.us-east1,ncbi.public,s3.us-east-1]","{
  ""attributes"": [{
    ""k"": ""bases"",
    ""v"": ""376620920""
  }, {
    ""k"": ""bytes"",
    ""v"": ""142278260""
  }, {
    ""k"": ""run_file_create_date"",
    ""v"": ""2020-09-03T17:08:00.000Z""
  }, {
    ""k"": ""collection_date_sam"",
    ""v"": ""2017-07-25""
  }, {
    ""k"": ""isolate_sam_ss_dpl100"",
    ""v"": ""Not Applicable""
  }, {
    ""k"": ""isolation_source_sam"",
    ""v"": ""Greensboro, NC""
  }, {
    ""k"": ""samples_numbers_sam"",
    ""v"": ""167""
  }, {
    ""k"": ""tissue_sam_ss_dpl145"",
    ""v"": ""Whole Body""
  }, {
    ""k"": ""primary_search"",
    ""v"": ""16054514""
  }, {
    ""k"": ""primary_search"",
    ""v"": ""661322""
  }, {
    ""k"": ""primary_search"",
    ""v"": ""PRJNA661322""
  }, {
    ""k"": ""primary_search"",
    ""v"": ""QR-P-25d-PostParaquat-24h_S179_L007_R1_001.fastq.gz""
  }, {
    ""k"": ""primary_search"",
    ""v"": ""SAMN16054514""
  }, {
    ""k"": ""primary_search"",
    ""v"": ""SRP280012""
  }, {
    ""k"": ""primary_search"",
    ""v"": ""SRR12584273""
  }, {
    ""k"": ""primary_search"",
    ""v"": ""SRS7319185""
  }, {
    ""k"": ""primary_search"",
    ""v"": ""SRX9070931""
  }, {
    ""k"": ""primary_search"",
    ""v"": ""bp0""
  }]
}",1,"{""bases"": 376620920, ""bytes"": 142278260, ""run_file_create_date"": ""2020-09-03T17:08:00.000Z"", ""collection_date_sam"": [""2017-07-25""], ""isolate_sam_ss_dpl100"": [""Not Applicable""], ""isolation_source_sam"": [""Greensboro, NC""], ""samples_numbers_sam"": 167, ""tissue_sam_ss_dpl145"": [""Whole Body""], ""primary_search"": ""16054514""}","srr12584273 rna-seq university of north carolina at greensboro public srx9070931 qr-p-25d-postparaquat-24h_s179_l007_r1_001.fastq.gz illumina hiseq 2500 single other transcriptomic illumina srs7319185 samn16054514 apis mellifera srp280012 2020-09-03 00:00:00.000000 utc prjna661322 qr-p-25d-postparaquat-24h_s179_l007_r1_001.fastq.gz [invertebrate] 2017-07-25 usa north america [usa:greensboro] [] [] [] [fastq,run.zq,sra] [gs,ncbi,s3] [gs.us-east1,ncbi.public,s3.us-east-1] {
  ""attributes"": [{
    ""k"": ""bases"",
    ""v"": ""376620920""
  }, {
    ""k"": ""bytes"",
    ""v"": ""142278260""
  }, {
    ""k"": ""run_file_create_date"",
    ""v"": ""2020-09-03t17:08:00.000z""
  }, {
    ""k"": ""collection_date_sam"",
    ""v"": ""2017-07-25""
  }, {
    ""k"": ""isolate_sam_ss_dpl100"",
    ""v"": ""not applicable""
  }, {
    ""k"": ""isolation_source_sam"",
    ""v"": ""greensboro, nc""
  }, {
    ""k"": ""samples_numbers_sam"",
    ""v"": ""167""
  }, {
    ""k"": ""tissue_sam_ss_dpl145"",
    ""v"": ""whole body""
  }, {
    ""k"": ""primary_search"",
    ""v"": ""16054514""
  }, {
    ""k"": ""primary_search"",
    ""v"": ""661322""
  }, {
    ""k"": ""primary_search"",
    ""v"": ""prjna661322""
  }, {
    ""k"": ""primary_search"",
    ""v"": ""qr-p-25d-postparaquat-24h_s179_l007_r1_001.fastq.gz""
  }, {
    ""k"": ""primary_search"",
    ""v"": ""samn16054514""
  }, {
    ""k"": ""primary_search"",
    ""v"": ""srp280012""
  }, {
    ""k"": ""primary_search"",
    ""v"": ""srr12584273""
  }, {
    ""k"": ""primary_search"",
    ""v"": ""srs7319185""
  }, {
    ""k"": ""primary_search"",
    ""v"": ""srx9070931""
  }, {
    ""k"": ""primary_search"",
    ""v"": ""bp0""
  }]
} {""bases"": 376620920, ""bytes"": 142278260, ""run_file_create_date"": ""2020-09-03t17:08:00.000z"", ""collection_date_sam"": [""2017-07-25""], ""isolate_sam_ss_dpl100"": [""not applicable""], ""isolation_source_sam"": [""greensboro, nc""], ""samples_numbers_sam"": 167, ""tissue_sam_ss_dpl145"": [""whole body""], ""primary_search"": ""16054514""}",,1
SRR12584219,RNA-Seq,UNIVERSITY OF NORTH CAROLINA AT GREENSBORO,public,SRX9070985,QR-G-25d-PostPBS-24h_S192_L008_R1_001.fastq.gz,Illumina HiSeq 2500,SINGLE,other,TRANSCRIPTOMIC,ILLUMINA,SRS7319239,SAMN16054476,Apis mellifera,SRP280012,2020-09-03 00:00:00.000000 UTC,PRJNA661322,124,NA,101,351,NA,QR-G-25d-PostPBS-24h_S192_L008_R1_001.fastq.gz,[Invertebrate],2017-07-25,USA,North America,[USA:Greensboro],[],[],[],"[fastq,run.zq,sra]","[gs,ncbi,s3]","[gs.us-east1,ncbi.public,s3.us-east-1]","{
  ""attributes"": [{
    ""k"": ""bases"",
    ""v"": ""351079939""
  }, {
    ""k"": ""bytes"",
    ""v"": ""130633108""
  }, {
    ""k"": ""run_file_create_date"",
    ""v"": ""2020-09-03T17:08:00.000Z""
  }, {
    ""k"": ""collection_date_sam"",
    ""v"": ""2017-07-25""
  }, {
    ""k"": ""isolate_sam_ss_dpl100"",
    ""v"": ""Not Applicable""
  }, {
    ""k"": ""isolation_source_sam"",
    ""v"": ""Greensboro, NC""
  }, {
    ""k"": ""samples_numbers_sam"",
    ""v"": ""129""
  }, {
    ""k"": ""tissue_sam_ss_dpl145"",
    ""v"": ""Whole Body""
  }, {
    ""k"": ""primary_search"",
    ""v"": ""16054476""
  }, {
    ""k"": ""primary_search"",
    ""v"": ""661322""
  }, {
    ""k"": ""primary_search"",
    ""v"": ""PRJNA661322""
  }, {
    ""k"": ""primary_search"",
    ""v"": ""QR-G-25d-PostPBS-24h_S192_L008_R1_001.fastq.gz""
  }, {
    ""k"": ""primary_search"",
    ""v"": ""SAMN16054476""
  }, {
    ""k"": ""primary_search"",
    ""v"": ""SRP280012""
  }, {
    ""k"": ""primary_search"",
    ""v"": ""SRR12584219""
  }, {
    ""k"": ""primary_search"",
    ""v"": ""SRS7319239""
  }, {
    ""k"": ""primary_search"",
    ""v"": ""SRX9070985""
  }, {
    ""k"": ""primary_search"",
    ""v"": ""bp0""
  }]
}",1,"{""bases"": 351079939, ""bytes"": 130633108, ""run_file_create_date"": ""2020-09-03T17:08:00.000Z"", ""collection_date_sam"": [""2017-07-25""], ""isolate_sam_ss_dpl100"": [""Not Applicable""], ""isolation_source_sam"": [""Greensboro, NC""], ""samples_numbers_sam"": 129, ""tissue_sam_ss_dpl145"": [""Whole Body""], ""primary_search"": ""16054476""}","srr12584219 rna-seq university of north carolina at greensboro public srx9070985 qr-g-25d-postpbs-24h_s192_l008_r1_001.fastq.gz illumina hiseq 2500 single other transcriptomic illumina srs7319239 samn16054476 apis mellifera srp280012 2020-09-03 00:00:00.000000 utc prjna661322 qr-g-25d-postpbs-24h_s192_l008_r1_001.fastq.gz [invertebrate] 2017-07-25 usa north america [usa:greensboro] [] [] [] [fastq,run.zq,sra] [gs,ncbi,s3] [gs.us-east1,ncbi.public,s3.us-east-1] {
  ""attributes"": [{
    ""k"": ""bases"",
    ""v"": ""351079939""
  }, {
    ""k"": ""bytes"",
    ""v"": ""130633108""
  }, {
    ""k"": ""run_file_create_date"",
    ""v"": ""2020-09-03t17:08:00.000z""
  }, {
    ""k"": ""collection_date_sam"",
    ""v"": ""2017-07-25""
  }, {
    ""k"": ""isolate_sam_ss_dpl100"",
    ""v"": ""not applicable""
  }, {
    ""k"": ""isolation_source_sam"",
    ""v"": ""greensboro, nc""
  }, {
    ""k"": ""samples_numbers_sam"",
    ""v"": ""129""
  }, {
    ""k"": ""tissue_sam_ss_dpl145"",
    ""v"": ""whole body""
  }, {
    ""k"": ""primary_search"",
    ""v"": ""16054476""
  }, {
    ""k"": ""primary_search"",
    ""v"": ""661322""
  }, {
    ""k"": ""primary_search"",
    ""v"": ""prjna661322""
  }, {
    ""k"": ""primary_search"",
    ""v"": ""qr-g-25d-postpbs-24h_s192_l008_r1_001.fastq.gz""
  }, {
    ""k"": ""primary_search"",
    ""v"": ""samn16054476""
  }, {
    ""k"": ""primary_search"",
    ""v"": ""srp280012""
  }, {
    ""k"": ""primary_search"",
    ""v"": ""srr12584219""
  }, {
    ""k"": ""primary_search"",
    ""v"": ""srs7319239""
  }, {
    ""k"": ""primary_search"",
    ""v"": ""srx9070985""
  }, {
    ""k"": ""primary_search"",
    ""v"": ""bp0""
  }]
} {""bases"": 351079939, ""bytes"": 130633108, ""run_file_create_date"": ""2020-09-03t17:08:00.000z"", ""collection_date_sam"": [""2017-07-25""], ""isolate_sam_ss_dpl100"": [""not applicable""], ""isolation_source_sam"": [""greensboro, nc""], ""samples_numbers_sam"": 129, ""tissue_sam_ss_dpl145"": [""whole body""], ""primary_search"": ""16054476""}",,1
SRR12584272,RNA-Seq,UNIVERSITY OF NORTH CAROLINA AT GREENSBORO,public,SRX9070932,QR-P-25d-PostParaquat-24h_S179_L008_R1_001.fastq.gz,Illumina HiSeq 2500,SINGLE,other,TRANSCRIPTOMIC,ILLUMINA,SRS7319186,SAMN16054515,Apis mellifera,SRP280012,2020-09-03 00:00:00.000000 UTC,PRJNA661322,138,NA,101,382,NA,QR-P-25d-PostParaquat-24h_S179_L008_R1_001.fastq.gz,[Invertebrate],2017-07-25,USA,North America,[USA:Greensboro],[],[],[],"[fastq,run.zq,sra]","[gs,ncbi,s3]","[gs.us-east1,ncbi.public,s3.us-east-1]","{
  ""attributes"": [{
    ""k"": ""bases"",
    ""v"": ""382259447""
  }, {
    ""k"": ""bytes"",
    ""v"": ""144735128""
  }, {
    ""k"": ""run_file_create_date"",
    ""v"": ""2020-09-03T17:08:00.000Z""
  }, {
    ""k"": ""collection_date_sam"",
    ""v"": ""2017-07-25""
  }, {
    ""k"": ""isolate_sam_ss_dpl100"",
    ""v"": ""Not Applicable""
  }, {
    ""k"": ""isolation_source_sam"",
    ""v"": ""Greensboro, NC""
  }, {
    ""k"": ""samples_numbers_sam"",
    ""v"": ""168""
  }, {
    ""k"": ""tissue_sam_ss_dpl145"",
    ""v"": ""Whole Body""
  }, {
    ""k"": ""primary_search"",
    ""v"": ""16054515""
  }, {
    ""k"": ""primary_search"",
    ""v"": ""661322""
  }, {
    ""k"": ""primary_search"",
    ""v"": ""PRJNA661322""
  }, {
    ""k"": ""primary_search"",
    ""v"": ""QR-P-25d-PostParaquat-24h_S179_L008_R1_001.fastq.gz""
  }, {
    ""k"": ""primary_search"",
    ""v"": ""SAMN16054515""
  }, {
    ""k"": ""primary_search"",
    ""v"": ""SRP280012""
  }, {
    ""k"": ""primary_search"",
    ""v"": ""SRR12584272""
  }, {
    ""k"": ""primary_search"",
    ""v"": ""SRS7319186""
  }, {
    ""k"": ""primary_search"",
    ""v"": ""SRX9070932""
  }, {
    ""k"": ""primary_search"",
    ""v"": ""bp0""
  }]
}",1,"{""bases"": 382259447, ""bytes"": 144735128, ""run_file_create_date"": ""2020-09-03T17:08:00.000Z"", ""collection_date_sam"": [""2017-07-25""], ""isolate_sam_ss_dpl100"": [""Not Applicable""], ""isolation_source_sam"": [""Greensboro, NC""], ""samples_numbers_sam"": 168, ""tissue_sam_ss_dpl145"": [""Whole Body""], ""primary_search"": ""16054515""}","srr12584272 rna-seq university of north carolina at greensboro public srx9070932 qr-p-25d-postparaquat-24h_s179_l008_r1_001.fastq.gz illumina hiseq 2500 single other transcriptomic illumina srs7319186 samn16054515 apis mellifera srp280012 2020-09-03 00:00:00.000000 utc prjna661322 qr-p-25d-postparaquat-24h_s179_l008_r1_001.fastq.gz [invertebrate] 2017-07-25 usa north america [usa:greensboro] [] [] [] [fastq,run.zq,sra] [gs,ncbi,s3] [gs.us-east1,ncbi.public,s3.us-east-1] {
  ""attributes"": [{
    ""k"": ""bases"",
    ""v"": ""382259447""
  }, {
    ""k"": ""bytes"",
    ""v"": ""144735128""
  }, {
    ""k"": ""run_file_create_date"",
    ""v"": ""2020-09-03t17:08:00.000z""
  }, {
    ""k"": ""collection_date_sam"",
    ""v"": ""2017-07-25""
  }, {
    ""k"": ""isolate_sam_ss_dpl100"",
    ""v"": ""not applicable""
  }, {
    ""k"": ""isolation_source_sam"",
    ""v"": ""greensboro, nc""
  }, {
    ""k"": ""samples_numbers_sam"",
    ""v"": ""168""
  }, {
    ""k"": ""tissue_sam_ss_dpl145"",
    ""v"": ""whole body""
  }, {
    ""k"": ""primary_search"",
    ""v"": ""16054515""
  }, {
    ""k"": ""primary_search"",
    ""v"": ""661322""
  }, {
    ""k"": ""primary_search"",
    ""v"": ""prjna661322""
  }, {
    ""k"": ""primary_search"",
    ""v"": ""qr-p-25d-postparaquat-24h_s179_l008_r1_001.fastq.gz""
  }, {
    ""k"": ""primary_search"",
    ""v"": ""samn16054515""
  }, {
    ""k"": ""primary_search"",
    ""v"": ""srp280012""
  }, {
    ""k"": ""primary_search"",
    ""v"": ""srr12584272""
  }, {
    ""k"": ""primary_search"",
    ""v"": ""srs7319186""
  }, {
    ""k"": ""primary_search"",
    ""v"": ""srx9070932""
  }, {
    ""k"": ""primary_search"",
    ""v"": ""bp0""
  }]
} {""bases"": 382259447, ""bytes"": 144735128, ""run_file_create_date"": ""2020-09-03t17:08:00.000z"", ""collection_date_sam"": [""2017-07-25""], ""isolate_sam_ss_dpl100"": [""not applicable""], ""isolation_source_sam"": [""greensboro, nc""], ""samples_numbers_sam"": 168, ""tissue_sam_ss_dpl145"": [""whole body""], ""primary_search"": ""16054515""}",,1
SRR12584135,RNA-Seq,UNIVERSITY OF NORTH CAROLINA AT GREENSBORO,public,SRX9071069,QL-M-25d-PostParaquat-24h_S164_L006_R1_001.fastq.gz,Illumina HiSeq 2500,SINGLE,other,TRANSCRIPTOMIC,ILLUMINA,SRS7319323,SAMN16054411,Apis mellifera,SRP280012,2020-09-03 00:00:00.000000 UTC,PRJNA661322,96,NA,101,266,NA,QL-M-25d-PostParaquat-24h_S164_L006_R1_001.fastq.gz,[Invertebrate],2017-07-25,USA,North America,[USA:Greensboro],[],[],[],"[fastq,run.zq,sra]","[gs,ncbi,s3]","[gs.us-east1,ncbi.public,s3.us-east-1]","{
  ""attributes"": [{
    ""k"": ""bases"",
    ""v"": ""266424769""
  }, {
    ""k"": ""bytes"",
    ""v"": ""101156226""
  }, {
    ""k"": ""run_file_create_date"",
    ""v"": ""2020-09-03T17:07:00.000Z""
  }, {
    ""k"": ""collection_date_sam"",
    ""v"": ""2017-07-25""
  }, {
    ""k"": ""isolate_sam_ss_dpl100"",
    ""v"": ""Not Applicable""
  }, {
    ""k"": ""isolation_source_sam"",
    ""v"": ""Greensboro, NC""
  }, {
    ""k"": ""samples_numbers_sam"",
    ""v"": ""64""
  }, {
    ""k"": ""tissue_sam_ss_dpl145"",
    ""v"": ""Whole Body""
  }, {
    ""k"": ""primary_search"",
    ""v"": ""16054411""
  }, {
    ""k"": ""primary_search"",
    ""v"": ""661322""
  }, {
    ""k"": ""primary_search"",
    ""v"": ""PRJNA661322""
  }, {
    ""k"": ""primary_search"",
    ""v"": ""QL-M-25d-PostParaquat-24h_S164_L006_R1_001.fastq.gz""
  }, {
    ""k"": ""primary_search"",
    ""v"": ""SAMN16054411""
  }, {
    ""k"": ""primary_search"",
    ""v"": ""SRP280012""
  }, {
    ""k"": ""primary_search"",
    ""v"": ""SRR12584135""
  }, {
    ""k"": ""primary_search"",
    ""v"": ""SRS7319323""
  }, {
    ""k"": ""primary_search"",
    ""v"": ""SRX9071069""
  }, {
    ""k"": ""primary_search"",
    ""v"": ""bp0""
  }]
}",1,"{""bases"": 266424769, ""bytes"": 101156226, ""run_file_create_date"": ""2020-09-03T17:07:00.000Z"", ""collection_date_sam"": [""2017-07-25""], ""isolate_sam_ss_dpl100"": [""Not Applicable""], ""isolation_source_sam"": [""Greensboro, NC""], ""samples_numbers_sam"": 64, ""tissue_sam_ss_dpl145"": [""Whole Body""], ""primary_search"": ""16054411""}","srr12584135 rna-seq university of north carolina at greensboro public srx9071069 ql-m-25d-postparaquat-24h_s164_l006_r1_001.fastq.gz illumina hiseq 2500 single other transcriptomic illumina srs7319323 samn16054411 apis mellifera srp280012 2020-09-03 00:00:00.000000 utc prjna661322 ql-m-25d-postparaquat-24h_s164_l006_r1_001.fastq.gz [invertebrate] 2017-07-25 usa north america [usa:greensboro] [] [] [] [fastq,run.zq,sra] [gs,ncbi,s3] [gs.us-east1,ncbi.public,s3.us-east-1] {
  ""attributes"": [{
    ""k"": ""bases"",
    ""v"": ""266424769""
  }, {
    ""k"": ""bytes"",
    ""v"": ""101156226""
  }, {
    ""k"": ""run_file_create_date"",
    ""v"": ""2020-09-03t17:07:00.000z""
  }, {
    ""k"": ""collection_date_sam"",
    ""v"": ""2017-07-25""
  }, {
    ""k"": ""isolate_sam_ss_dpl100"",
    ""v"": ""not applicable""
  }, {
    ""k"": ""isolation_source_sam"",
    ""v"": ""greensboro, nc""
  }, {
    ""k"": ""samples_numbers_sam"",
    ""v"": ""64""
  }, {
    ""k"": ""tissue_sam_ss_dpl145"",
    ""v"": ""whole body""
  }, {
    ""k"": ""primary_search"",
    ""v"": ""16054411""
  }, {
    ""k"": ""primary_search"",
    ""v"": ""661322""
  }, {
    ""k"": ""primary_search"",
    ""v"": ""prjna661322""
  }, {
    ""k"": ""primary_search"",
    ""v"": ""ql-m-25d-postparaquat-24h_s164_l006_r1_001.fastq.gz""
  }, {
    ""k"": ""primary_search"",
    ""v"": ""samn16054411""
  }, {
    ""k"": ""primary_search"",
    ""v"": ""srp280012""
  }, {
    ""k"": ""primary_search"",
    ""v"": ""srr12584135""
  }, {
    ""k"": ""primary_search"",
    ""v"": ""srs7319323""
  }, {
    ""k"": ""primary_search"",
    ""v"": ""srx9071069""
  }, {
    ""k"": ""primary_search"",
    ""v"": ""bp0""
  }]
} {""bases"": 266424769, ""bytes"": 101156226, ""run_file_create_date"": ""2020-09-03t17:07:00.000z"", ""collection_date_sam"": [""2017-07-25""], ""isolate_sam_ss_dpl100"": [""not applicable""], ""isolation_source_sam"": [""greensboro, nc""], ""samples_numbers_sam"": 64, ""tissue_sam_ss_dpl145"": [""whole body""], ""primary_search"": ""16054411""}",,1
SRR12584120,RNA-Seq,UNIVERSITY OF NORTH CAROLINA AT GREENSBORO,public,SRX9071084,QL-Q-25d-PostParaquat-24h_S153_L008_R1_001.fastq.gz,Illumina HiSeq 2500,SINGLE,other,TRANSCRIPTOMIC,ILLUMINA,SRS7319338,SAMN16054425,Apis mellifera,SRP280012,2020-09-03 00:00:00.000000 UTC,PRJNA661322,84,NA,101,235,NA,QL-Q-25d-PostParaquat-24h_S153_L008_R1_001.fastq.gz,[Invertebrate],2017-07-25,USA,North America,[USA:Greensboro],[],[],[],"[fastq,run.zq,sra]","[gs,ncbi,s3]","[gs.us-east1,ncbi.public,s3.us-east-1]","{
  ""attributes"": [{
    ""k"": ""bases"",
    ""v"": ""235741373""
  }, {
    ""k"": ""bytes"",
    ""v"": ""88517057""
  }, {
    ""k"": ""run_file_create_date"",
    ""v"": ""2020-09-03T17:07:00.000Z""
  }, {
    ""k"": ""collection_date_sam"",
    ""v"": ""2017-07-25""
  }, {
    ""k"": ""isolate_sam_ss_dpl100"",
    ""v"": ""Not Applicable""
  }, {
    ""k"": ""isolation_source_sam"",
    ""v"": ""Greensboro, NC""
  }, {
    ""k"": ""samples_numbers_sam"",
    ""v"": ""78""
  }, {
    ""k"": ""tissue_sam_ss_dpl145"",
    ""v"": ""Whole Body""
  }, {
    ""k"": ""primary_search"",
    ""v"": ""16054425""
  }, {
    ""k"": ""primary_search"",
    ""v"": ""661322""
  }, {
    ""k"": ""primary_search"",
    ""v"": ""PRJNA661322""
  }, {
    ""k"": ""primary_search"",
    ""v"": ""QL-Q-25d-PostParaquat-24h_S153_L008_R1_001.fastq.gz""
  }, {
    ""k"": ""primary_search"",
    ""v"": ""SAMN16054425""
  }, {
    ""k"": ""primary_search"",
    ""v"": ""SRP280012""
  }, {
    ""k"": ""primary_search"",
    ""v"": ""SRR12584120""
  }, {
    ""k"": ""primary_search"",
    ""v"": ""SRS7319338""
  }, {
    ""k"": ""primary_search"",
    ""v"": ""SRX9071084""
  }, {
    ""k"": ""primary_search"",
    ""v"": ""bp0""
  }]
}",1,"{""bases"": 235741373, ""bytes"": 88517057, ""run_file_create_date"": ""2020-09-03T17:07:00.000Z"", ""collection_date_sam"": [""2017-07-25""], ""isolate_sam_ss_dpl100"": [""Not Applicable""], ""isolation_source_sam"": [""Greensboro, NC""], ""samples_numbers_sam"": 78, ""tissue_sam_ss_dpl145"": [""Whole Body""], ""primary_search"": ""16054425""}","srr12584120 rna-seq university of north carolina at greensboro public srx9071084 ql-q-25d-postparaquat-24h_s153_l008_r1_001.fastq.gz illumina hiseq 2500 single other transcriptomic illumina srs7319338 samn16054425 apis mellifera srp280012 2020-09-03 00:00:00.000000 utc prjna661322 ql-q-25d-postparaquat-24h_s153_l008_r1_001.fastq.gz [invertebrate] 2017-07-25 usa north america [usa:greensboro] [] [] [] [fastq,run.zq,sra] [gs,ncbi,s3] [gs.us-east1,ncbi.public,s3.us-east-1] {
  ""attributes"": [{
    ""k"": ""bases"",
    ""v"": ""235741373""
  }, {
    ""k"": ""bytes"",
    ""v"": ""88517057""
  }, {
    ""k"": ""run_file_create_date"",
    ""v"": ""2020-09-03t17:07:00.000z""
  }, {
    ""k"": ""collection_date_sam"",
    ""v"": ""2017-07-25""
  }, {
    ""k"": ""isolate_sam_ss_dpl100"",
    ""v"": ""not applicable""
  }, {
    ""k"": ""isolation_source_sam"",
    ""v"": ""greensboro, nc""
  }, {
    ""k"": ""samples_numbers_sam"",
    ""v"": ""78""
  }, {
    ""k"": ""tissue_sam_ss_dpl145"",
    ""v"": ""whole body""
  }, {
    ""k"": ""primary_search"",
    ""v"": ""16054425""
  }, {
    ""k"": ""primary_search"",
    ""v"": ""661322""
  }, {
    ""k"": ""primary_search"",
    ""v"": ""prjna661322""
  }, {
    ""k"": ""primary_search"",
    ""v"": ""ql-q-25d-postparaquat-24h_s153_l008_r1_001.fastq.gz""
  }, {
    ""k"": ""primary_search"",
    ""v"": ""samn16054425""
  }, {
    ""k"": ""primary_search"",
    ""v"": ""srp280012""
  }, {
    ""k"": ""primary_search"",
    ""v"": ""srr12584120""
  }, {
    ""k"": ""primary_search"",
    ""v"": ""srs7319338""
  }, {
    ""k"": ""primary_search"",
    ""v"": ""srx9071084""
  }, {
    ""k"": ""primary_search"",
    ""v"": ""bp0""
  }]
} {""bases"": 235741373, ""bytes"": 88517057, ""run_file_create_date"": ""2020-09-03t17:07:00.000z"", ""collection_date_sam"": [""2017-07-25""], ""isolate_sam_ss_dpl100"": [""not applicable""], ""isolation_source_sam"": [""greensboro, nc""], ""samples_numbers_sam"": 78, ""tissue_sam_ss_dpl145"": [""whole body""], ""primary_search"": ""16054425""}",,1
SRR12584220,RNA-Seq,UNIVERSITY OF NORTH CAROLINA AT GREENSBORO,public,SRX9070984,QR-G-25d-PostPBS-24h_S192_L007_R1_001.fastq.gz,Illumina HiSeq 2500,SINGLE,other,TRANSCRIPTOMIC,ILLUMINA,SRS7319238,SAMN16054475,Apis mellifera,SRP280012,2020-09-03 00:00:00.000000 UTC,PRJNA661322,123,NA,101,348,NA,QR-G-25d-PostPBS-24h_S192_L007_R1_001.fastq.gz,[Invertebrate],2017-07-25,USA,North America,[USA:Greensboro],[],[],[],"[fastq,run.zq,sra]","[gs,ncbi,s3]","[gs.us-east1,ncbi.public,s3.us-east-1]","{
  ""attributes"": [{
    ""k"": ""bases"",
    ""v"": ""348900056""
  }, {
    ""k"": ""bytes"",
    ""v"": ""129818853""
  }, {
    ""k"": ""run_file_create_date"",
    ""v"": ""2020-09-03T17:08:00.000Z""
  }, {
    ""k"": ""collection_date_sam"",
    ""v"": ""2017-07-25""
  }, {
    ""k"": ""isolate_sam_ss_dpl100"",
    ""v"": ""Not Applicable""
  }, {
    ""k"": ""isolation_source_sam"",
    ""v"": ""Greensboro, NC""
  }, {
    ""k"": ""samples_numbers_sam"",
    ""v"": ""128""
  }, {
    ""k"": ""tissue_sam_ss_dpl145"",
    ""v"": ""Whole Body""
  }, {
    ""k"": ""primary_search"",
    ""v"": ""16054475""
  }, {
    ""k"": ""primary_search"",
    ""v"": ""661322""
  }, {
    ""k"": ""primary_search"",
    ""v"": ""PRJNA661322""
  }, {
    ""k"": ""primary_search"",
    ""v"": ""QR-G-25d-PostPBS-24h_S192_L007_R1_001.fastq.gz""
  }, {
    ""k"": ""primary_search"",
    ""v"": ""SAMN16054475""
  }, {
    ""k"": ""primary_search"",
    ""v"": ""SRP280012""
  }, {
    ""k"": ""primary_search"",
    ""v"": ""SRR12584220""
  }, {
    ""k"": ""primary_search"",
    ""v"": ""SRS7319238""
  }, {
    ""k"": ""primary_search"",
    ""v"": ""SRX9070984""
  }, {
    ""k"": ""primary_search"",
    ""v"": ""bp0""
  }]
}",1,"{""bases"": 348900056, ""bytes"": 129818853, ""run_file_create_date"": ""2020-09-03T17:08:00.000Z"", ""collection_date_sam"": [""2017-07-25""], ""isolate_sam_ss_dpl100"": [""Not Applicable""], ""isolation_source_sam"": [""Greensboro, NC""], ""samples_numbers_sam"": 128, ""tissue_sam_ss_dpl145"": [""Whole Body""], ""primary_search"": ""16054475""}","srr12584220 rna-seq university of north carolina at greensboro public srx9070984 qr-g-25d-postpbs-24h_s192_l007_r1_001.fastq.gz illumina hiseq 2500 single other transcriptomic illumina srs7319238 samn16054475 apis mellifera srp280012 2020-09-03 00:00:00.000000 utc prjna661322 qr-g-25d-postpbs-24h_s192_l007_r1_001.fastq.gz [invertebrate] 2017-07-25 usa north america [usa:greensboro] [] [] [] [fastq,run.zq,sra] [gs,ncbi,s3] [gs.us-east1,ncbi.public,s3.us-east-1] {
  ""attributes"": [{
    ""k"": ""bases"",
    ""v"": ""348900056""
  }, {
    ""k"": ""bytes"",
    ""v"": ""129818853""
  }, {
    ""k"": ""run_file_create_date"",
    ""v"": ""2020-09-03t17:08:00.000z""
  }, {
    ""k"": ""collection_date_sam"",
    ""v"": ""2017-07-25""
  }, {
    ""k"": ""isolate_sam_ss_dpl100"",
    ""v"": ""not applicable""
  }, {
    ""k"": ""isolation_source_sam"",
    ""v"": ""greensboro, nc""
  }, {
    ""k"": ""samples_numbers_sam"",
    ""v"": ""128""
  }, {
    ""k"": ""tissue_sam_ss_dpl145"",
    ""v"": ""whole body""
  }, {
    ""k"": ""primary_search"",
    ""v"": ""16054475""
  }, {
    ""k"": ""primary_search"",
    ""v"": ""661322""
  }, {
    ""k"": ""primary_search"",
    ""v"": ""prjna661322""
  }, {
    ""k"": ""primary_search"",
    ""v"": ""qr-g-25d-postpbs-24h_s192_l007_r1_001.fastq.gz""
  }, {
    ""k"": ""primary_search"",
    ""v"": ""samn16054475""
  }, {
    ""k"": ""primary_search"",
    ""v"": ""srp280012""
  }, {
    ""k"": ""primary_search"",
    ""v"": ""srr12584220""
  }, {
    ""k"": ""primary_search"",
    ""v"": ""srs7319238""
  }, {
    ""k"": ""primary_search"",
    ""v"": ""srx9070984""
  }, {
    ""k"": ""primary_search"",
    ""v"": ""bp0""
  }]
} {""bases"": 348900056, ""bytes"": 129818853, ""run_file_create_date"": ""2020-09-03t17:08:00.000z"", ""collection_date_sam"": [""2017-07-25""], ""isolate_sam_ss_dpl100"": [""not applicable""], ""isolation_source_sam"": [""greensboro, nc""], ""samples_numbers_sam"": 128, ""tissue_sam_ss_dpl145"": [""whole body""], ""primary_search"": ""16054475""}",,1
SRR12584275,RNA-Seq,UNIVERSITY OF NORTH CAROLINA AT GREENSBORO,public,SRX9070929,QR-O-25d-PostParaquat-24h_S180_L008_R1_001.fastq.gz,Illumina HiSeq 2500,SINGLE,other,TRANSCRIPTOMIC,ILLUMINA,SRS7319183,SAMN16054512,Apis mellifera,SRP280012,2020-09-03 00:00:00.000000 UTC,PRJNA661322,203,NA,101,539,NA,QR-O-25d-PostParaquat-24h_S180_L008_R1_001.fastq.gz,[Invertebrate],2017-07-25,USA,North America,[USA:Greensboro],[],[],[],"[fastq,run.zq,sra]","[gs,ncbi,s3]","[gs.us-east1,ncbi.public,s3.us-east-1]","{
  ""attributes"": [{
    ""k"": ""bases"",
    ""v"": ""539997510""
  }, {
    ""k"": ""bytes"",
    ""v"": ""213524829""
  }, {
    ""k"": ""run_file_create_date"",
    ""v"": ""2020-09-03T17:08:00.000Z""
  }, {
    ""k"": ""collection_date_sam"",
    ""v"": ""2017-07-25""
  }, {
    ""k"": ""isolate_sam_ss_dpl100"",
    ""v"": ""Not Applicable""
  }, {
    ""k"": ""isolation_source_sam"",
    ""v"": ""Greensboro, NC""
  }, {
    ""k"": ""samples_numbers_sam"",
    ""v"": ""165""
  }, {
    ""k"": ""tissue_sam_ss_dpl145"",
    ""v"": ""Whole Body""
  }, {
    ""k"": ""primary_search"",
    ""v"": ""16054512""
  }, {
    ""k"": ""primary_search"",
    ""v"": ""661322""
  }, {
    ""k"": ""primary_search"",
    ""v"": ""PRJNA661322""
  }, {
    ""k"": ""primary_search"",
    ""v"": ""QR-O-25d-PostParaquat-24h_S180_L008_R1_001.fastq.gz""
  }, {
    ""k"": ""primary_search"",
    ""v"": ""SAMN16054512""
  }, {
    ""k"": ""primary_search"",
    ""v"": ""SRP280012""
  }, {
    ""k"": ""primary_search"",
    ""v"": ""SRR12584275""
  }, {
    ""k"": ""primary_search"",
    ""v"": ""SRS7319183""
  }, {
    ""k"": ""primary_search"",
    ""v"": ""SRX9070929""
  }, {
    ""k"": ""primary_search"",
    ""v"": ""bp0""
  }]
}",1,"{""bases"": 539997510, ""bytes"": 213524829, ""run_file_create_date"": ""2020-09-03T17:08:00.000Z"", ""collection_date_sam"": [""2017-07-25""], ""isolate_sam_ss_dpl100"": [""Not Applicable""], ""isolation_source_sam"": [""Greensboro, NC""], ""samples_numbers_sam"": 165, ""tissue_sam_ss_dpl145"": [""Whole Body""], ""primary_search"": ""16054512""}","srr12584275 rna-seq university of north carolina at greensboro public srx9070929 qr-o-25d-postparaquat-24h_s180_l008_r1_001.fastq.gz illumina hiseq 2500 single other transcriptomic illumina srs7319183 samn16054512 apis mellifera srp280012 2020-09-03 00:00:00.000000 utc prjna661322 qr-o-25d-postparaquat-24h_s180_l008_r1_001.fastq.gz [invertebrate] 2017-07-25 usa north america [usa:greensboro] [] [] [] [fastq,run.zq,sra] [gs,ncbi,s3] [gs.us-east1,ncbi.public,s3.us-east-1] {
  ""attributes"": [{
    ""k"": ""bases"",
    ""v"": ""539997510""
  }, {
    ""k"": ""bytes"",
    ""v"": ""213524829""
  }, {
    ""k"": ""run_file_create_date"",
    ""v"": ""2020-09-03t17:08:00.000z""
  }, {
    ""k"": ""collection_date_sam"",
    ""v"": ""2017-07-25""
  }, {
    ""k"": ""isolate_sam_ss_dpl100"",
    ""v"": ""not applicable""
  }, {
    ""k"": ""isolation_source_sam"",
    ""v"": ""greensboro, nc""
  }, {
    ""k"": ""samples_numbers_sam"",
    ""v"": ""165""
  }, {
    ""k"": ""tissue_sam_ss_dpl145"",
    ""v"": ""whole body""
  }, {
    ""k"": ""primary_search"",
    ""v"": ""16054512""
  }, {
    ""k"": ""primary_search"",
    ""v"": ""661322""
  }, {
    ""k"": ""primary_search"",
    ""v"": ""prjna661322""
  }, {
    ""k"": ""primary_search"",
    ""v"": ""qr-o-25d-postparaquat-24h_s180_l008_r1_001.fastq.gz""
  }, {
    ""k"": ""primary_search"",
    ""v"": ""samn16054512""
  }, {
    ""k"": ""primary_search"",
    ""v"": ""srp280012""
  }, {
    ""k"": ""primary_search"",
    ""v"": ""srr12584275""
  }, {
    ""k"": ""primary_search"",
    ""v"": ""srs7319183""
  }, {
    ""k"": ""primary_search"",
    ""v"": ""srx9070929""
  }, {
    ""k"": ""primary_search"",
    ""v"": ""bp0""
  }]
} {""bases"": 539997510, ""bytes"": 213524829, ""run_file_create_date"": ""2020-09-03t17:08:00.000z"", ""collection_date_sam"": [""2017-07-25""], ""isolate_sam_ss_dpl100"": [""not applicable""], ""isolation_source_sam"": [""greensboro, nc""], ""samples_numbers_sam"": 165, ""tissue_sam_ss_dpl145"": [""whole body""], ""primary_search"": ""16054512""}",,1
SRR12584134,RNA-Seq,UNIVERSITY OF NORTH CAROLINA AT GREENSBORO,public,SRX9071070,QL-M-25d-PostParaquat-24h_S164_L007_R1_001.fastq.gz,Illumina HiSeq 2500,SINGLE,other,TRANSCRIPTOMIC,ILLUMINA,SRS7319324,SAMN16054412,Apis mellifera,SRP280012,2020-09-03 00:00:00.000000 UTC,PRJNA661322,96,NA,101,268,NA,QL-M-25d-PostParaquat-24h_S164_L007_R1_001.fastq.gz,[Invertebrate],2017-07-25,USA,North America,[USA:Greensboro],[],[],[],"[fastq,run.zq,sra]","[gs,ncbi,s3]","[gs.us-east1,ncbi.public,s3.us-east-1]","{
  ""attributes"": [{
    ""k"": ""bases"",
    ""v"": ""268367807""
  }, {
    ""k"": ""bytes"",
    ""v"": ""101477083""
  }, {
    ""k"": ""run_file_create_date"",
    ""v"": ""2020-09-03T17:07:00.000Z""
  }, {
    ""k"": ""collection_date_sam"",
    ""v"": ""2017-07-25""
  }, {
    ""k"": ""isolate_sam_ss_dpl100"",
    ""v"": ""Not Applicable""
  }, {
    ""k"": ""isolation_source_sam"",
    ""v"": ""Greensboro, NC""
  }, {
    ""k"": ""samples_numbers_sam"",
    ""v"": ""65""
  }, {
    ""k"": ""tissue_sam_ss_dpl145"",
    ""v"": ""Whole Body""
  }, {
    ""k"": ""primary_search"",
    ""v"": ""16054412""
  }, {
    ""k"": ""primary_search"",
    ""v"": ""661322""
  }, {
    ""k"": ""primary_search"",
    ""v"": ""PRJNA661322""
  }, {
    ""k"": ""primary_search"",
    ""v"": ""QL-M-25d-PostParaquat-24h_S164_L007_R1_001.fastq.gz""
  }, {
    ""k"": ""primary_search"",
    ""v"": ""SAMN16054412""
  }, {
    ""k"": ""primary_search"",
    ""v"": ""SRP280012""
  }, {
    ""k"": ""primary_search"",
    ""v"": ""SRR12584134""
  }, {
    ""k"": ""primary_search"",
    ""v"": ""SRS7319324""
  }, {
    ""k"": ""primary_search"",
    ""v"": ""SRX9071070""
  }, {
    ""k"": ""primary_search"",
    ""v"": ""bp0""
  }]
}",1,"{""bases"": 268367807, ""bytes"": 101477083, ""run_file_create_date"": ""2020-09-03T17:07:00.000Z"", ""collection_date_sam"": [""2017-07-25""], ""isolate_sam_ss_dpl100"": [""Not Applicable""], ""isolation_source_sam"": [""Greensboro, NC""], ""samples_numbers_sam"": 65, ""tissue_sam_ss_dpl145"": [""Whole Body""], ""primary_search"": ""16054412""}","srr12584134 rna-seq university of north carolina at greensboro public srx9071070 ql-m-25d-postparaquat-24h_s164_l007_r1_001.fastq.gz illumina hiseq 2500 single other transcriptomic illumina srs7319324 samn16054412 apis mellifera srp280012 2020-09-03 00:00:00.000000 utc prjna661322 ql-m-25d-postparaquat-24h_s164_l007_r1_001.fastq.gz [invertebrate] 2017-07-25 usa north america [usa:greensboro] [] [] [] [fastq,run.zq,sra] [gs,ncbi,s3] [gs.us-east1,ncbi.public,s3.us-east-1] {
  ""attributes"": [{
    ""k"": ""bases"",
    ""v"": ""268367807""
  }, {
    ""k"": ""bytes"",
    ""v"": ""101477083""
  }, {
    ""k"": ""run_file_create_date"",
    ""v"": ""2020-09-03t17:07:00.000z""
  }, {
    ""k"": ""collection_date_sam"",
    ""v"": ""2017-07-25""
  }, {
    ""k"": ""isolate_sam_ss_dpl100"",
    ""v"": ""not applicable""
  }, {
    ""k"": ""isolation_source_sam"",
    ""v"": ""greensboro, nc""
  }, {
    ""k"": ""samples_numbers_sam"",
    ""v"": ""65""
  }, {
    ""k"": ""tissue_sam_ss_dpl145"",
    ""v"": ""whole body""
  }, {
    ""k"": ""primary_search"",
    ""v"": ""16054412""
  }, {
    ""k"": ""primary_search"",
    ""v"": ""661322""
  }, {
    ""k"": ""primary_search"",
    ""v"": ""prjna661322""
  }, {
    ""k"": ""primary_search"",
    ""v"": ""ql-m-25d-postparaquat-24h_s164_l007_r1_001.fastq.gz""
  }, {
    ""k"": ""primary_search"",
    ""v"": ""samn16054412""
  }, {
    ""k"": ""primary_search"",
    ""v"": ""srp280012""
  }, {
    ""k"": ""primary_search"",
    ""v"": ""srr12584134""
  }, {
    ""k"": ""primary_search"",
    ""v"": ""srs7319324""
  }, {
    ""k"": ""primary_search"",
    ""v"": ""srx9071070""
  }, {
    ""k"": ""primary_search"",
    ""v"": ""bp0""
  }]
} {""bases"": 268367807, ""bytes"": 101477083, ""run_file_create_date"": ""2020-09-03t17:07:00.000z"", ""collection_date_sam"": [""2017-07-25""], ""isolate_sam_ss_dpl100"": [""not applicable""], ""isolation_source_sam"": [""greensboro, nc""], ""samples_numbers_sam"": 65, ""tissue_sam_ss_dpl145"": [""whole body""], ""primary_search"": ""16054412""}",,1
SRR12584260,RNA-Seq,UNIVERSITY OF NORTH CAROLINA AT GREENSBORO,public,SRX9070944,QR-T-25d-PostParaquat-24h_S175_L007_R1_001.fastq.gz,Illumina HiSeq 2500,SINGLE,other,TRANSCRIPTOMIC,ILLUMINA,SRS7319198,SAMN16054526,Apis mellifera,SRP280012,2020-09-03 00:00:00.000000 UTC,PRJNA661322,98,NA,101,265,NA,QR-T-25d-PostParaquat-24h_S175_L007_R1_001.fastq.gz,[Invertebrate],2017-07-25,USA,North America,[USA:Greensboro],[],[],[],"[fastq,run.zq,sra]","[gs,ncbi,s3]","[gs.us-east1,ncbi.public,s3.us-east-1]","{
  ""attributes"": [{
    ""k"": ""bases"",
    ""v"": ""265401538""
  }, {
    ""k"": ""bytes"",
    ""v"": ""103420909""
  }, {
    ""k"": ""run_file_create_date"",
    ""v"": ""2020-09-03T17:07:00.000Z""
  }, {
    ""k"": ""collection_date_sam"",
    ""v"": ""2017-07-25""
  }, {
    ""k"": ""isolate_sam_ss_dpl100"",
    ""v"": ""Not Applicable""
  }, {
    ""k"": ""isolation_source_sam"",
    ""v"": ""Greensboro, NC""
  }, {
    ""k"": ""samples_numbers_sam"",
    ""v"": ""179""
  }, {
    ""k"": ""tissue_sam_ss_dpl145"",
    ""v"": ""Whole Body""
  }, {
    ""k"": ""primary_search"",
    ""v"": ""16054526""
  }, {
    ""k"": ""primary_search"",
    ""v"": ""661322""
  }, {
    ""k"": ""primary_search"",
    ""v"": ""PRJNA661322""
  }, {
    ""k"": ""primary_search"",
    ""v"": ""QR-T-25d-PostParaquat-24h_S175_L007_R1_001.fastq.gz""
  }, {
    ""k"": ""primary_search"",
    ""v"": ""SAMN16054526""
  }, {
    ""k"": ""primary_search"",
    ""v"": ""SRP280012""
  }, {
    ""k"": ""primary_search"",
    ""v"": ""SRR12584260""
  }, {
    ""k"": ""primary_search"",
    ""v"": ""SRS7319198""
  }, {
    ""k"": ""primary_search"",
    ""v"": ""SRX9070944""
  }, {
    ""k"": ""primary_search"",
    ""v"": ""bp0""
  }]
}",1,"{""bases"": 265401538, ""bytes"": 103420909, ""run_file_create_date"": ""2020-09-03T17:07:00.000Z"", ""collection_date_sam"": [""2017-07-25""], ""isolate_sam_ss_dpl100"": [""Not Applicable""], ""isolation_source_sam"": [""Greensboro, NC""], ""samples_numbers_sam"": 179, ""tissue_sam_ss_dpl145"": [""Whole Body""], ""primary_search"": ""16054526""}","srr12584260 rna-seq university of north carolina at greensboro public srx9070944 qr-t-25d-postparaquat-24h_s175_l007_r1_001.fastq.gz illumina hiseq 2500 single other transcriptomic illumina srs7319198 samn16054526 apis mellifera srp280012 2020-09-03 00:00:00.000000 utc prjna661322 qr-t-25d-postparaquat-24h_s175_l007_r1_001.fastq.gz [invertebrate] 2017-07-25 usa north america [usa:greensboro] [] [] [] [fastq,run.zq,sra] [gs,ncbi,s3] [gs.us-east1,ncbi.public,s3.us-east-1] {
  ""attributes"": [{
    ""k"": ""bases"",
    ""v"": ""265401538""
  }, {
    ""k"": ""bytes"",
    ""v"": ""103420909""
  }, {
    ""k"": ""run_file_create_date"",
    ""v"": ""2020-09-03t17:07:00.000z""
  }, {
    ""k"": ""collection_date_sam"",
    ""v"": ""2017-07-25""
  }, {
    ""k"": ""isolate_sam_ss_dpl100"",
    ""v"": ""not applicable""
  }, {
    ""k"": ""isolation_source_sam"",
    ""v"": ""greensboro, nc""
  }, {
    ""k"": ""samples_numbers_sam"",
    ""v"": ""179""
  }, {
    ""k"": ""tissue_sam_ss_dpl145"",
    ""v"": ""whole body""
  }, {
    ""k"": ""primary_search"",
    ""v"": ""16054526""
  }, {
    ""k"": ""primary_search"",
    ""v"": ""661322""
  }, {
    ""k"": ""primary_search"",
    ""v"": ""prjna661322""
  }, {
    ""k"": ""primary_search"",
    ""v"": ""qr-t-25d-postparaquat-24h_s175_l007_r1_001.fastq.gz""
  }, {
    ""k"": ""primary_search"",
    ""v"": ""samn16054526""
  }, {
    ""k"": ""primary_search"",
    ""v"": ""srp280012""
  }, {
    ""k"": ""primary_search"",
    ""v"": ""srr12584260""
  }, {
    ""k"": ""primary_search"",
    ""v"": ""srs7319198""
  }, {
    ""k"": ""primary_search"",
    ""v"": ""srx9070944""
  }, {
    ""k"": ""primary_search"",
    ""v"": ""bp0""
  }]
} {""bases"": 265401538, ""bytes"": 103420909, ""run_file_create_date"": ""2020-09-03t17:07:00.000z"", ""collection_date_sam"": [""2017-07-25""], ""isolate_sam_ss_dpl100"": [""not applicable""], ""isolation_source_sam"": [""greensboro, nc""], ""samples_numbers_sam"": 179, ""tissue_sam_ss_dpl145"": [""whole body""], ""primary_search"": ""16054526""}",,1
SRR12584236,RNA-Seq,UNIVERSITY OF NORTH CAROLINA AT GREENSBORO,public,SRX9070968,QR-C-25d-PostPBS-24h_S197_L007_R1_001.fastq.gz,Illumina HiSeq 2500,SINGLE,other,TRANSCRIPTOMIC,ILLUMINA,SRS7319222,SAMN16054460,Apis mellifera,SRP280012,2020-09-03 00:00:00.000000 UTC,PRJNA661322,161,NA,101,462,NA,QR-C-25d-PostPBS-24h_S197_L007_R1_001.fastq.gz,[Invertebrate],2017-07-25,USA,North America,[USA:Greensboro],[],[],[],"[fastq,run.zq,sra]","[gs,ncbi,s3]","[gs.us-east1,ncbi.public,s3.us-east-1]","{
  ""attributes"": [{
    ""k"": ""bases"",
    ""v"": ""462424460""
  }, {
    ""k"": ""bytes"",
    ""v"": ""169082709""
  }, {
    ""k"": ""run_file_create_date"",
    ""v"": ""2020-09-03T17:09:00.000Z""
  }, {
    ""k"": ""collection_date_sam"",
    ""v"": ""2017-07-25""
  }, {
    ""k"": ""isolate_sam_ss_dpl100"",
    ""v"": ""Not Applicable""
  }, {
    ""k"": ""isolation_source_sam"",
    ""v"": ""Greensboro, NC""
  }, {
    ""k"": ""samples_numbers_sam"",
    ""v"": ""113""
  }, {
    ""k"": ""tissue_sam_ss_dpl145"",
    ""v"": ""Whole Body""
  }, {
    ""k"": ""primary_search"",
    ""v"": ""16054460""
  }, {
    ""k"": ""primary_search"",
    ""v"": ""661322""
  }, {
    ""k"": ""primary_search"",
    ""v"": ""PRJNA661322""
  }, {
    ""k"": ""primary_search"",
    ""v"": ""QR-C-25d-PostPBS-24h_S197_L007_R1_001.fastq.gz""
  }, {
    ""k"": ""primary_search"",
    ""v"": ""SAMN16054460""
  }, {
    ""k"": ""primary_search"",
    ""v"": ""SRP280012""
  }, {
    ""k"": ""primary_search"",
    ""v"": ""SRR12584236""
  }, {
    ""k"": ""primary_search"",
    ""v"": ""SRS7319222""
  }, {
    ""k"": ""primary_search"",
    ""v"": ""SRX9070968""
  }, {
    ""k"": ""primary_search"",
    ""v"": ""bp0""
  }]
}",1,"{""bases"": 462424460, ""bytes"": 169082709, ""run_file_create_date"": ""2020-09-03T17:09:00.000Z"", ""collection_date_sam"": [""2017-07-25""], ""isolate_sam_ss_dpl100"": [""Not Applicable""], ""isolation_source_sam"": [""Greensboro, NC""], ""samples_numbers_sam"": 113, ""tissue_sam_ss_dpl145"": [""Whole Body""], ""primary_search"": ""16054460""}","srr12584236 rna-seq university of north carolina at greensboro public srx9070968 qr-c-25d-postpbs-24h_s197_l007_r1_001.fastq.gz illumina hiseq 2500 single other transcriptomic illumina srs7319222 samn16054460 apis mellifera srp280012 2020-09-03 00:00:00.000000 utc prjna661322 qr-c-25d-postpbs-24h_s197_l007_r1_001.fastq.gz [invertebrate] 2017-07-25 usa north america [usa:greensboro] [] [] [] [fastq,run.zq,sra] [gs,ncbi,s3] [gs.us-east1,ncbi.public,s3.us-east-1] {
  ""attributes"": [{
    ""k"": ""bases"",
    ""v"": ""462424460""
  }, {
    ""k"": ""bytes"",
    ""v"": ""169082709""
  }, {
    ""k"": ""run_file_create_date"",
    ""v"": ""2020-09-03t17:09:00.000z""
  }, {
    ""k"": ""collection_date_sam"",
    ""v"": ""2017-07-25""
  }, {
    ""k"": ""isolate_sam_ss_dpl100"",
    ""v"": ""not applicable""
  }, {
    ""k"": ""isolation_source_sam"",
    ""v"": ""greensboro, nc""
  }, {
    ""k"": ""samples_numbers_sam"",
    ""v"": ""113""
  }, {
    ""k"": ""tissue_sam_ss_dpl145"",
    ""v"": ""whole body""
  }, {
    ""k"": ""primary_search"",
    ""v"": ""16054460""
  }, {
    ""k"": ""primary_search"",
    ""v"": ""661322""
  }, {
    ""k"": ""primary_search"",
    ""v"": ""prjna661322""
  }, {
    ""k"": ""primary_search"",
    ""v"": ""qr-c-25d-postpbs-24h_s197_l007_r1_001.fastq.gz""
  }, {
    ""k"": ""primary_search"",
    ""v"": ""samn16054460""
  }, {
    ""k"": ""primary_search"",
    ""v"": ""srp280012""
  }, {
    ""k"": ""primary_search"",
    ""v"": ""srr12584236""
  }, {
    ""k"": ""primary_search"",
    ""v"": ""srs7319222""
  }, {
    ""k"": ""primary_search"",
    ""v"": ""srx9070968""
  }, {
    ""k"": ""primary_search"",
    ""v"": ""bp0""
  }]
} {""bases"": 462424460, ""bytes"": 169082709, ""run_file_create_date"": ""2020-09-03t17:09:00.000z"", ""collection_date_sam"": [""2017-07-25""], ""isolate_sam_ss_dpl100"": [""not applicable""], ""isolation_source_sam"": [""greensboro, nc""], ""samples_numbers_sam"": 113, ""tissue_sam_ss_dpl145"": [""whole body""], ""primary_search"": ""16054460""}",,1
SRR12584097,RNA-Seq,UNIVERSITY OF NORTH CAROLINA AT GREENSBORO,public,SRX9071107,QR-4-25d-NoTreat_S202_L008_R1_001.fastq.gz,Illumina HiSeq 2500,SINGLE,other,TRANSCRIPTOMIC,ILLUMINA,SRS7319361,SAMN16054446,Apis mellifera,SRP280012,2020-09-03 00:00:00.000000 UTC,PRJNA661322,169,NA,101,463,NA,QR-4-25d-NoTreat_S202_L008_R1_001.fastq.gz,[Invertebrate],2017-07-25,USA,North America,[USA:Greensboro],[],[],[],"[fastq,run.zq,sra]","[gs,ncbi,s3]","[gs.us-east1,ncbi.public,s3.us-east-1]","{
  ""attributes"": [{
    ""k"": ""bases"",
    ""v"": ""463346287""
  }, {
    ""k"": ""bytes"",
    ""v"": ""177306472""
  }, {
    ""k"": ""run_file_create_date"",
    ""v"": ""2020-09-03T17:08:00.000Z""
  }, {
    ""k"": ""collection_date_sam"",
    ""v"": ""2017-07-25""
  }, {
    ""k"": ""isolate_sam_ss_dpl100"",
    ""v"": ""Not Applicable""
  }, {
    ""k"": ""isolation_source_sam"",
    ""v"": ""Greensboro, NC""
  }, {
    ""k"": ""samples_numbers_sam"",
    ""v"": ""99""
  }, {
    ""k"": ""tissue_sam_ss_dpl145"",
    ""v"": ""Whole Body""
  }, {
    ""k"": ""primary_search"",
    ""v"": ""16054446""
  }, {
    ""k"": ""primary_search"",
    ""v"": ""661322""
  }, {
    ""k"": ""primary_search"",
    ""v"": ""PRJNA661322""
  }, {
    ""k"": ""primary_search"",
    ""v"": ""QR-4-25d-NoTreat_S202_L008_R1_001.fastq.gz""
  }, {
    ""k"": ""primary_search"",
    ""v"": ""SAMN16054446""
  }, {
    ""k"": ""primary_search"",
    ""v"": ""SRP280012""
  }, {
    ""k"": ""primary_search"",
    ""v"": ""SRR12584097""
  }, {
    ""k"": ""primary_search"",
    ""v"": ""SRS7319361""
  }, {
    ""k"": ""primary_search"",
    ""v"": ""SRX9071107""
  }, {
    ""k"": ""primary_search"",
    ""v"": ""bp0""
  }]
}",1,"{""bases"": 463346287, ""bytes"": 177306472, ""run_file_create_date"": ""2020-09-03T17:08:00.000Z"", ""collection_date_sam"": [""2017-07-25""], ""isolate_sam_ss_dpl100"": [""Not Applicable""], ""isolation_source_sam"": [""Greensboro, NC""], ""samples_numbers_sam"": 99, ""tissue_sam_ss_dpl145"": [""Whole Body""], ""primary_search"": ""16054446""}","srr12584097 rna-seq university of north carolina at greensboro public srx9071107 qr-4-25d-notreat_s202_l008_r1_001.fastq.gz illumina hiseq 2500 single other transcriptomic illumina srs7319361 samn16054446 apis mellifera srp280012 2020-09-03 00:00:00.000000 utc prjna661322 qr-4-25d-notreat_s202_l008_r1_001.fastq.gz [invertebrate] 2017-07-25 usa north america [usa:greensboro] [] [] [] [fastq,run.zq,sra] [gs,ncbi,s3] [gs.us-east1,ncbi.public,s3.us-east-1] {
  ""attributes"": [{
    ""k"": ""bases"",
    ""v"": ""463346287""
  }, {
    ""k"": ""bytes"",
    ""v"": ""177306472""
  }, {
    ""k"": ""run_file_create_date"",
    ""v"": ""2020-09-03t17:08:00.000z""
  }, {
    ""k"": ""collection_date_sam"",
    ""v"": ""2017-07-25""
  }, {
    ""k"": ""isolate_sam_ss_dpl100"",
    ""v"": ""not applicable""
  }, {
    ""k"": ""isolation_source_sam"",
    ""v"": ""greensboro, nc""
  }, {
    ""k"": ""samples_numbers_sam"",
    ""v"": ""99""
  }, {
    ""k"": ""tissue_sam_ss_dpl145"",
    ""v"": ""whole body""
  }, {
    ""k"": ""primary_search"",
    ""v"": ""16054446""
  }, {
    ""k"": ""primary_search"",
    ""v"": ""661322""
  }, {
    ""k"": ""primary_search"",
    ""v"": ""prjna661322""
  }, {
    ""k"": ""primary_search"",
    ""v"": ""qr-4-25d-notreat_s202_l008_r1_001.fastq.gz""
  }, {
    ""k"": ""primary_search"",
    ""v"": ""samn16054446""
  }, {
    ""k"": ""primary_search"",
    ""v"": ""srp280012""
  }, {
    ""k"": ""primary_search"",
    ""v"": ""srr12584097""
  }, {
    ""k"": ""primary_search"",
    ""v"": ""srs7319361""
  }, {
    ""k"": ""primary_search"",
    ""v"": ""srx9071107""
  }, {
    ""k"": ""primary_search"",
    ""v"": ""bp0""
  }]
} {""bases"": 463346287, ""bytes"": 177306472, ""run_file_create_date"": ""2020-09-03t17:08:00.000z"", ""collection_date_sam"": [""2017-07-25""], ""isolate_sam_ss_dpl100"": [""not applicable""], ""isolation_source_sam"": [""greensboro, nc""], ""samples_numbers_sam"": 99, ""tissue_sam_ss_dpl145"": [""whole body""], ""primary_search"": ""16054446""}",,1
SRR12584221,RNA-Seq,UNIVERSITY OF NORTH CAROLINA AT GREENSBORO,public,SRX9070983,QR-G-25d-PostPBS-24h_S192_L006_R1_001.fastq.gz,Illumina HiSeq 2500,SINGLE,other,TRANSCRIPTOMIC,ILLUMINA,SRS7319237,SAMN16054474,Apis mellifera,SRP280012,2020-09-03 00:00:00.000000 UTC,PRJNA661322,119,NA,101,334,NA,QR-G-25d-PostPBS-24h_S192_L006_R1_001.fastq.gz,[Invertebrate],2017-07-25,USA,North America,[USA:Greensboro],[],[],[],"[fastq,run.zq,sra]","[gs,ncbi,s3]","[gs.us-east1,ncbi.public,s3.us-east-1]","{
  ""attributes"": [{
    ""k"": ""bases"",
    ""v"": ""334249198""
  }, {
    ""k"": ""bytes"",
    ""v"": ""124957972""
  }, {
    ""k"": ""run_file_create_date"",
    ""v"": ""2020-09-03T17:08:00.000Z""
  }, {
    ""k"": ""collection_date_sam"",
    ""v"": ""2017-07-25""
  }, {
    ""k"": ""isolate_sam_ss_dpl100"",
    ""v"": ""Not Applicable""
  }, {
    ""k"": ""isolation_source_sam"",
    ""v"": ""Greensboro, NC""
  }, {
    ""k"": ""samples_numbers_sam"",
    ""v"": ""127""
  }, {
    ""k"": ""tissue_sam_ss_dpl145"",
    ""v"": ""Whole Body""
  }, {
    ""k"": ""primary_search"",
    ""v"": ""16054474""
  }, {
    ""k"": ""primary_search"",
    ""v"": ""661322""
  }, {
    ""k"": ""primary_search"",
    ""v"": ""PRJNA661322""
  }, {
    ""k"": ""primary_search"",
    ""v"": ""QR-G-25d-PostPBS-24h_S192_L006_R1_001.fastq.gz""
  }, {
    ""k"": ""primary_search"",
    ""v"": ""SAMN16054474""
  }, {
    ""k"": ""primary_search"",
    ""v"": ""SRP280012""
  }, {
    ""k"": ""primary_search"",
    ""v"": ""SRR12584221""
  }, {
    ""k"": ""primary_search"",
    ""v"": ""SRS7319237""
  }, {
    ""k"": ""primary_search"",
    ""v"": ""SRX9070983""
  }, {
    ""k"": ""primary_search"",
    ""v"": ""bp0""
  }]
}",1,"{""bases"": 334249198, ""bytes"": 124957972, ""run_file_create_date"": ""2020-09-03T17:08:00.000Z"", ""collection_date_sam"": [""2017-07-25""], ""isolate_sam_ss_dpl100"": [""Not Applicable""], ""isolation_source_sam"": [""Greensboro, NC""], ""samples_numbers_sam"": 127, ""tissue_sam_ss_dpl145"": [""Whole Body""], ""primary_search"": ""16054474""}","srr12584221 rna-seq university of north carolina at greensboro public srx9070983 qr-g-25d-postpbs-24h_s192_l006_r1_001.fastq.gz illumina hiseq 2500 single other transcriptomic illumina srs7319237 samn16054474 apis mellifera srp280012 2020-09-03 00:00:00.000000 utc prjna661322 qr-g-25d-postpbs-24h_s192_l006_r1_001.fastq.gz [invertebrate] 2017-07-25 usa north america [usa:greensboro] [] [] [] [fastq,run.zq,sra] [gs,ncbi,s3] [gs.us-east1,ncbi.public,s3.us-east-1] {
  ""attributes"": [{
    ""k"": ""bases"",
    ""v"": ""334249198""
  }, {
    ""k"": ""bytes"",
    ""v"": ""124957972""
  }, {
    ""k"": ""run_file_create_date"",
    ""v"": ""2020-09-03t17:08:00.000z""
  }, {
    ""k"": ""collection_date_sam"",
    ""v"": ""2017-07-25""
  }, {
    ""k"": ""isolate_sam_ss_dpl100"",
    ""v"": ""not applicable""
  }, {
    ""k"": ""isolation_source_sam"",
    ""v"": ""greensboro, nc""
  }, {
    ""k"": ""samples_numbers_sam"",
    ""v"": ""127""
  }, {
    ""k"": ""tissue_sam_ss_dpl145"",
    ""v"": ""whole body""
  }, {
    ""k"": ""primary_search"",
    ""v"": ""16054474""
  }, {
    ""k"": ""primary_search"",
    ""v"": ""661322""
  }, {
    ""k"": ""primary_search"",
    ""v"": ""prjna661322""
  }, {
    ""k"": ""primary_search"",
    ""v"": ""qr-g-25d-postpbs-24h_s192_l006_r1_001.fastq.gz""
  }, {
    ""k"": ""primary_search"",
    ""v"": ""samn16054474""
  }, {
    ""k"": ""primary_search"",
    ""v"": ""srp280012""
  }, {
    ""k"": ""primary_search"",
    ""v"": ""srr12584221""
  }, {
    ""k"": ""primary_search"",
    ""v"": ""srs7319237""
  }, {
    ""k"": ""primary_search"",
    ""v"": ""srx9070983""
  }, {
    ""k"": ""primary_search"",
    ""v"": ""bp0""
  }]
} {""bases"": 334249198, ""bytes"": 124957972, ""run_file_create_date"": ""2020-09-03t17:08:00.000z"", ""collection_date_sam"": [""2017-07-25""], ""isolate_sam_ss_dpl100"": [""not applicable""], ""isolation_source_sam"": [""greensboro, nc""], ""samples_numbers_sam"": 127, ""tissue_sam_ss_dpl145"": [""whole body""], ""primary_search"": ""16054474""}",,1
SRR12584146,RNA-Seq,UNIVERSITY OF NORTH CAROLINA AT GREENSBORO,public,SRX9071058,QL-I-25d-PostPBS-24h_S149_L008_R1_001.fastq.gz,Illumina HiSeq 2500,SINGLE,other,TRANSCRIPTOMIC,ILLUMINA,SRS7319312,SAMN16054401,Apis mellifera,SRP280012,2020-09-03 00:00:00.000000 UTC,PRJNA661322,82,NA,101,215,NA,QL-I-25d-PostPBS-24h_S149_L008_R1_001.fastq.gz,[Invertebrate],2017-07-25,USA,North America,[USA:Greensboro],[],[],[],"[fastq,run.zq,sra]","[gs,ncbi,s3]","[gs.us-east1,ncbi.public,s3.us-east-1]","{
  ""attributes"": [{
    ""k"": ""bases"",
    ""v"": ""215478147""
  }, {
    ""k"": ""bytes"",
    ""v"": ""86730981""
  }, {
    ""k"": ""run_file_create_date"",
    ""v"": ""2020-09-03T17:07:00.000Z""
  }, {
    ""k"": ""collection_date_sam"",
    ""v"": ""2017-07-25""
  }, {
    ""k"": ""isolate_sam_ss_dpl100"",
    ""v"": ""Not Applicable""
  }, {
    ""k"": ""isolation_source_sam"",
    ""v"": ""Greensboro, NC""
  }, {
    ""k"": ""samples_numbers_sam"",
    ""v"": ""54""
  }, {
    ""k"": ""tissue_sam_ss_dpl145"",
    ""v"": ""Whole Body""
  }, {
    ""k"": ""primary_search"",
    ""v"": ""16054401""
  }, {
    ""k"": ""primary_search"",
    ""v"": ""661322""
  }, {
    ""k"": ""primary_search"",
    ""v"": ""PRJNA661322""
  }, {
    ""k"": ""primary_search"",
    ""v"": ""QL-I-25d-PostPBS-24h_S149_L008_R1_001.fastq.gz""
  }, {
    ""k"": ""primary_search"",
    ""v"": ""SAMN16054401""
  }, {
    ""k"": ""primary_search"",
    ""v"": ""SRP280012""
  }, {
    ""k"": ""primary_search"",
    ""v"": ""SRR12584146""
  }, {
    ""k"": ""primary_search"",
    ""v"": ""SRS7319312""
  }, {
    ""k"": ""primary_search"",
    ""v"": ""SRX9071058""
  }, {
    ""k"": ""primary_search"",
    ""v"": ""bp0""
  }]
}",1,"{""bases"": 215478147, ""bytes"": 86730981, ""run_file_create_date"": ""2020-09-03T17:07:00.000Z"", ""collection_date_sam"": [""2017-07-25""], ""isolate_sam_ss_dpl100"": [""Not Applicable""], ""isolation_source_sam"": [""Greensboro, NC""], ""samples_numbers_sam"": 54, ""tissue_sam_ss_dpl145"": [""Whole Body""], ""primary_search"": ""16054401""}","srr12584146 rna-seq university of north carolina at greensboro public srx9071058 ql-i-25d-postpbs-24h_s149_l008_r1_001.fastq.gz illumina hiseq 2500 single other transcriptomic illumina srs7319312 samn16054401 apis mellifera srp280012 2020-09-03 00:00:00.000000 utc prjna661322 ql-i-25d-postpbs-24h_s149_l008_r1_001.fastq.gz [invertebrate] 2017-07-25 usa north america [usa:greensboro] [] [] [] [fastq,run.zq,sra] [gs,ncbi,s3] [gs.us-east1,ncbi.public,s3.us-east-1] {
  ""attributes"": [{
    ""k"": ""bases"",
    ""v"": ""215478147""
  }, {
    ""k"": ""bytes"",
    ""v"": ""86730981""
  }, {
    ""k"": ""run_file_create_date"",
    ""v"": ""2020-09-03t17:07:00.000z""
  }, {
    ""k"": ""collection_date_sam"",
    ""v"": ""2017-07-25""
  }, {
    ""k"": ""isolate_sam_ss_dpl100"",
    ""v"": ""not applicable""
  }, {
    ""k"": ""isolation_source_sam"",
    ""v"": ""greensboro, nc""
  }, {
    ""k"": ""samples_numbers_sam"",
    ""v"": ""54""
  }, {
    ""k"": ""tissue_sam_ss_dpl145"",
    ""v"": ""whole body""
  }, {
    ""k"": ""primary_search"",
    ""v"": ""16054401""
  }, {
    ""k"": ""primary_search"",
    ""v"": ""661322""
  }, {
    ""k"": ""primary_search"",
    ""v"": ""prjna661322""
  }, {
    ""k"": ""primary_search"",
    ""v"": ""ql-i-25d-postpbs-24h_s149_l008_r1_001.fastq.gz""
  }, {
    ""k"": ""primary_search"",
    ""v"": ""samn16054401""
  }, {
    ""k"": ""primary_search"",
    ""v"": ""srp280012""
  }, {
    ""k"": ""primary_search"",
    ""v"": ""srr12584146""
  }, {
    ""k"": ""primary_search"",
    ""v"": ""srs7319312""
  }, {
    ""k"": ""primary_search"",
    ""v"": ""srx9071058""
  }, {
    ""k"": ""primary_search"",
    ""v"": ""bp0""
  }]
} {""bases"": 215478147, ""bytes"": 86730981, ""run_file_create_date"": ""2020-09-03t17:07:00.000z"", ""collection_date_sam"": [""2017-07-25""], ""isolate_sam_ss_dpl100"": [""not applicable""], ""isolation_source_sam"": [""greensboro, nc""], ""samples_numbers_sam"": 54, ""tissue_sam_ss_dpl145"": [""whole body""], ""primary_search"": ""16054401""}",,1
SRR12584271,RNA-Seq,UNIVERSITY OF NORTH CAROLINA AT GREENSBORO,public,SRX9070933,QR-Q-25d-PostParaquat-24h_S178_L006_R1_001.fastq.gz,Illumina HiSeq 2500,SINGLE,other,TRANSCRIPTOMIC,ILLUMINA,SRS7319187,SAMN16054516,Apis mellifera,SRP280012,2020-09-03 00:00:00.000000 UTC,PRJNA661322,144,NA,101,401,NA,QR-Q-25d-PostParaquat-24h_S178_L006_R1_001.fastq.gz,[Invertebrate],2017-07-25,USA,North America,[USA:Greensboro],[],[],[],"[fastq,run.zq,sra]","[gs,ncbi,s3]","[gs.us-east1,ncbi.public,s3.us-east-1]","{
  ""attributes"": [{
    ""k"": ""bases"",
    ""v"": ""401248962""
  }, {
    ""k"": ""bytes"",
    ""v"": ""151911352""
  }, {
    ""k"": ""run_file_create_date"",
    ""v"": ""2020-09-03T17:08:00.000Z""
  }, {
    ""k"": ""collection_date_sam"",
    ""v"": ""2017-07-25""
  }, {
    ""k"": ""isolate_sam_ss_dpl100"",
    ""v"": ""Not Applicable""
  }, {
    ""k"": ""isolation_source_sam"",
    ""v"": ""Greensboro, NC""
  }, {
    ""k"": ""samples_numbers_sam"",
    ""v"": ""169""
  }, {
    ""k"": ""tissue_sam_ss_dpl145"",
    ""v"": ""Whole Body""
  }, {
    ""k"": ""primary_search"",
    ""v"": ""16054516""
  }, {
    ""k"": ""primary_search"",
    ""v"": ""661322""
  }, {
    ""k"": ""primary_search"",
    ""v"": ""PRJNA661322""
  }, {
    ""k"": ""primary_search"",
    ""v"": ""QR-Q-25d-PostParaquat-24h_S178_L006_R1_001.fastq.gz""
  }, {
    ""k"": ""primary_search"",
    ""v"": ""SAMN16054516""
  }, {
    ""k"": ""primary_search"",
    ""v"": ""SRP280012""
  }, {
    ""k"": ""primary_search"",
    ""v"": ""SRR12584271""
  }, {
    ""k"": ""primary_search"",
    ""v"": ""SRS7319187""
  }, {
    ""k"": ""primary_search"",
    ""v"": ""SRX9070933""
  }, {
    ""k"": ""primary_search"",
    ""v"": ""bp0""
  }]
}",1,"{""bases"": 401248962, ""bytes"": 151911352, ""run_file_create_date"": ""2020-09-03T17:08:00.000Z"", ""collection_date_sam"": [""2017-07-25""], ""isolate_sam_ss_dpl100"": [""Not Applicable""], ""isolation_source_sam"": [""Greensboro, NC""], ""samples_numbers_sam"": 169, ""tissue_sam_ss_dpl145"": [""Whole Body""], ""primary_search"": ""16054516""}","srr12584271 rna-seq university of north carolina at greensboro public srx9070933 qr-q-25d-postparaquat-24h_s178_l006_r1_001.fastq.gz illumina hiseq 2500 single other transcriptomic illumina srs7319187 samn16054516 apis mellifera srp280012 2020-09-03 00:00:00.000000 utc prjna661322 qr-q-25d-postparaquat-24h_s178_l006_r1_001.fastq.gz [invertebrate] 2017-07-25 usa north america [usa:greensboro] [] [] [] [fastq,run.zq,sra] [gs,ncbi,s3] [gs.us-east1,ncbi.public,s3.us-east-1] {
  ""attributes"": [{
    ""k"": ""bases"",
    ""v"": ""401248962""
  }, {
    ""k"": ""bytes"",
    ""v"": ""151911352""
  }, {
    ""k"": ""run_file_create_date"",
    ""v"": ""2020-09-03t17:08:00.000z""
  }, {
    ""k"": ""collection_date_sam"",
    ""v"": ""2017-07-25""
  }, {
    ""k"": ""isolate_sam_ss_dpl100"",
    ""v"": ""not applicable""
  }, {
    ""k"": ""isolation_source_sam"",
    ""v"": ""greensboro, nc""
  }, {
    ""k"": ""samples_numbers_sam"",
    ""v"": ""169""
  }, {
    ""k"": ""tissue_sam_ss_dpl145"",
    ""v"": ""whole body""
  }, {
    ""k"": ""primary_search"",
    ""v"": ""16054516""
  }, {
    ""k"": ""primary_search"",
    ""v"": ""661322""
  }, {
    ""k"": ""primary_search"",
    ""v"": ""prjna661322""
  }, {
    ""k"": ""primary_search"",
    ""v"": ""qr-q-25d-postparaquat-24h_s178_l006_r1_001.fastq.gz""
  }, {
    ""k"": ""primary_search"",
    ""v"": ""samn16054516""
  }, {
    ""k"": ""primary_search"",
    ""v"": ""srp280012""
  }, {
    ""k"": ""primary_search"",
    ""v"": ""srr12584271""
  }, {
    ""k"": ""primary_search"",
    ""v"": ""srs7319187""
  }, {
    ""k"": ""primary_search"",
    ""v"": ""srx9070933""
  }, {
    ""k"": ""primary_search"",
    ""v"": ""bp0""
  }]
} {""bases"": 401248962, ""bytes"": 151911352, ""run_file_create_date"": ""2020-09-03t17:08:00.000z"", ""collection_date_sam"": [""2017-07-25""], ""isolate_sam_ss_dpl100"": [""not applicable""], ""isolation_source_sam"": [""greensboro, nc""], ""samples_numbers_sam"": 169, ""tissue_sam_ss_dpl145"": [""whole body""], ""primary_search"": ""16054516""}",,1
SRR12584157,RNA-Seq,UNIVERSITY OF NORTH CAROLINA AT GREENSBORO,public,SRX9071047,QL-G-25d-PostPBS-24h_S154_L007_R1_001.fastq.gz,Illumina HiSeq 2500,SINGLE,other,TRANSCRIPTOMIC,ILLUMINA,SRS7319301,SAMN16054391,Apis mellifera,SRP280012,2020-09-03 00:00:00.000000 UTC,PRJNA661322,94,NA,101,257,NA,QL-G-25d-PostPBS-24h_S154_L007_R1_001.fastq.gz,[Invertebrate],2017-07-25,USA,North America,[USA:Greensboro],[],[],[],"[fastq,run.zq,sra]","[gs,ncbi,s3]","[gs.us-east1,ncbi.public,s3.us-east-1]","{
  ""attributes"": [{
    ""k"": ""bases"",
    ""v"": ""257595046""
  }, {
    ""k"": ""bytes"",
    ""v"": ""99379148""
  }, {
    ""k"": ""run_file_create_date"",
    ""v"": ""2020-09-03T17:07:00.000Z""
  }, {
    ""k"": ""collection_date_sam"",
    ""v"": ""2017-07-25""
  }, {
    ""k"": ""isolate_sam_ss_dpl100"",
    ""v"": ""Not Applicable""
  }, {
    ""k"": ""isolation_source_sam"",
    ""v"": ""Greensboro, NC""
  }, {
    ""k"": ""samples_numbers_sam"",
    ""v"": ""44""
  }, {
    ""k"": ""tissue_sam_ss_dpl145"",
    ""v"": ""Whole Body""
  }, {
    ""k"": ""primary_search"",
    ""v"": ""16054391""
  }, {
    ""k"": ""primary_search"",
    ""v"": ""661322""
  }, {
    ""k"": ""primary_search"",
    ""v"": ""PRJNA661322""
  }, {
    ""k"": ""primary_search"",
    ""v"": ""QL-G-25d-PostPBS-24h_S154_L007_R1_001.fastq.gz""
  }, {
    ""k"": ""primary_search"",
    ""v"": ""SAMN16054391""
  }, {
    ""k"": ""primary_search"",
    ""v"": ""SRP280012""
  }, {
    ""k"": ""primary_search"",
    ""v"": ""SRR12584157""
  }, {
    ""k"": ""primary_search"",
    ""v"": ""SRS7319301""
  }, {
    ""k"": ""primary_search"",
    ""v"": ""SRX9071047""
  }, {
    ""k"": ""primary_search"",
    ""v"": ""bp0""
  }]
}",1,"{""bases"": 257595046, ""bytes"": 99379148, ""run_file_create_date"": ""2020-09-03T17:07:00.000Z"", ""collection_date_sam"": [""2017-07-25""], ""isolate_sam_ss_dpl100"": [""Not Applicable""], ""isolation_source_sam"": [""Greensboro, NC""], ""samples_numbers_sam"": 44, ""tissue_sam_ss_dpl145"": [""Whole Body""], ""primary_search"": ""16054391""}","srr12584157 rna-seq university of north carolina at greensboro public srx9071047 ql-g-25d-postpbs-24h_s154_l007_r1_001.fastq.gz illumina hiseq 2500 single other transcriptomic illumina srs7319301 samn16054391 apis mellifera srp280012 2020-09-03 00:00:00.000000 utc prjna661322 ql-g-25d-postpbs-24h_s154_l007_r1_001.fastq.gz [invertebrate] 2017-07-25 usa north america [usa:greensboro] [] [] [] [fastq,run.zq,sra] [gs,ncbi,s3] [gs.us-east1,ncbi.public,s3.us-east-1] {
  ""attributes"": [{
    ""k"": ""bases"",
    ""v"": ""257595046""
  }, {
    ""k"": ""bytes"",
    ""v"": ""99379148""
  }, {
    ""k"": ""run_file_create_date"",
    ""v"": ""2020-09-03t17:07:00.000z""
  }, {
    ""k"": ""collection_date_sam"",
    ""v"": ""2017-07-25""
  }, {
    ""k"": ""isolate_sam_ss_dpl100"",
    ""v"": ""not applicable""
  }, {
    ""k"": ""isolation_source_sam"",
    ""v"": ""greensboro, nc""
  }, {
    ""k"": ""samples_numbers_sam"",
    ""v"": ""44""
  }, {
    ""k"": ""tissue_sam_ss_dpl145"",
    ""v"": ""whole body""
  }, {
    ""k"": ""primary_search"",
    ""v"": ""16054391""
  }, {
    ""k"": ""primary_search"",
    ""v"": ""661322""
  }, {
    ""k"": ""primary_search"",
    ""v"": ""prjna661322""
  }, {
    ""k"": ""primary_search"",
    ""v"": ""ql-g-25d-postpbs-24h_s154_l007_r1_001.fastq.gz""
  }, {
    ""k"": ""primary_search"",
    ""v"": ""samn16054391""
  }, {
    ""k"": ""primary_search"",
    ""v"": ""srp280012""
  }, {
    ""k"": ""primary_search"",
    ""v"": ""srr12584157""
  }, {
    ""k"": ""primary_search"",
    ""v"": ""srs7319301""
  }, {
    ""k"": ""primary_search"",
    ""v"": ""srx9071047""
  }, {
    ""k"": ""primary_search"",
    ""v"": ""bp0""
  }]
} {""bases"": 257595046, ""bytes"": 99379148, ""run_file_create_date"": ""2020-09-03t17:07:00.000z"", ""collection_date_sam"": [""2017-07-25""], ""isolate_sam_ss_dpl100"": [""not applicable""], ""isolation_source_sam"": [""greensboro, nc""], ""samples_numbers_sam"": 44, ""tissue_sam_ss_dpl145"": [""whole body""], ""primary_search"": ""16054391""}",,1
SRR12584100,RNA-Seq,UNIVERSITY OF NORTH CAROLINA AT GREENSBORO,public,SRX9071104,QR-3-25d-NoTreat_S203_L008_R1_001.fastq.gz,Illumina HiSeq 2500,SINGLE,other,TRANSCRIPTOMIC,ILLUMINA,SRS7319358,SAMN16054443,Apis mellifera,SRP280012,2020-09-03 00:00:00.000000 UTC,PRJNA661322,181,NA,101,495,NA,QR-3-25d-NoTreat_S203_L008_R1_001.fastq.gz,[Invertebrate],2017-07-25,USA,North America,[USA:Greensboro],[],[],[],"[fastq,run.zq,sra]","[gs,ncbi,s3]","[gs.us-east1,ncbi.public,s3.us-east-1]","{
  ""attributes"": [{
    ""k"": ""bases"",
    ""v"": ""495745774""
  }, {
    ""k"": ""bytes"",
    ""v"": ""189956193""
  }, {
    ""k"": ""run_file_create_date"",
    ""v"": ""2020-09-03T17:07:00.000Z""
  }, {
    ""k"": ""collection_date_sam"",
    ""v"": ""2017-07-25""
  }, {
    ""k"": ""isolate_sam_ss_dpl100"",
    ""v"": ""Not Applicable""
  }, {
    ""k"": ""isolation_source_sam"",
    ""v"": ""Greensboro, NC""
  }, {
    ""k"": ""samples_numbers_sam"",
    ""v"": ""96""
  }, {
    ""k"": ""tissue_sam_ss_dpl145"",
    ""v"": ""Whole Body""
  }, {
    ""k"": ""primary_search"",
    ""v"": ""16054443""
  }, {
    ""k"": ""primary_search"",
    ""v"": ""661322""
  }, {
    ""k"": ""primary_search"",
    ""v"": ""PRJNA661322""
  }, {
    ""k"": ""primary_search"",
    ""v"": ""QR-3-25d-NoTreat_S203_L008_R1_001.fastq.gz""
  }, {
    ""k"": ""primary_search"",
    ""v"": ""SAMN16054443""
  }, {
    ""k"": ""primary_search"",
    ""v"": ""SRP280012""
  }, {
    ""k"": ""primary_search"",
    ""v"": ""SRR12584100""
  }, {
    ""k"": ""primary_search"",
    ""v"": ""SRS7319358""
  }, {
    ""k"": ""primary_search"",
    ""v"": ""SRX9071104""
  }, {
    ""k"": ""primary_search"",
    ""v"": ""bp0""
  }]
}",1,"{""bases"": 495745774, ""bytes"": 189956193, ""run_file_create_date"": ""2020-09-03T17:07:00.000Z"", ""collection_date_sam"": [""2017-07-25""], ""isolate_sam_ss_dpl100"": [""Not Applicable""], ""isolation_source_sam"": [""Greensboro, NC""], ""samples_numbers_sam"": 96, ""tissue_sam_ss_dpl145"": [""Whole Body""], ""primary_search"": ""16054443""}","srr12584100 rna-seq university of north carolina at greensboro public srx9071104 qr-3-25d-notreat_s203_l008_r1_001.fastq.gz illumina hiseq 2500 single other transcriptomic illumina srs7319358 samn16054443 apis mellifera srp280012 2020-09-03 00:00:00.000000 utc prjna661322 qr-3-25d-notreat_s203_l008_r1_001.fastq.gz [invertebrate] 2017-07-25 usa north america [usa:greensboro] [] [] [] [fastq,run.zq,sra] [gs,ncbi,s3] [gs.us-east1,ncbi.public,s3.us-east-1] {
  ""attributes"": [{
    ""k"": ""bases"",
    ""v"": ""495745774""
  }, {
    ""k"": ""bytes"",
    ""v"": ""189956193""
  }, {
    ""k"": ""run_file_create_date"",
    ""v"": ""2020-09-03t17:07:00.000z""
  }, {
    ""k"": ""collection_date_sam"",
    ""v"": ""2017-07-25""
  }, {
    ""k"": ""isolate_sam_ss_dpl100"",
    ""v"": ""not applicable""
  }, {
    ""k"": ""isolation_source_sam"",
    ""v"": ""greensboro, nc""
  }, {
    ""k"": ""samples_numbers_sam"",
    ""v"": ""96""
  }, {
    ""k"": ""tissue_sam_ss_dpl145"",
    ""v"": ""whole body""
  }, {
    ""k"": ""primary_search"",
    ""v"": ""16054443""
  }, {
    ""k"": ""primary_search"",
    ""v"": ""661322""
  }, {
    ""k"": ""primary_search"",
    ""v"": ""prjna661322""
  }, {
    ""k"": ""primary_search"",
    ""v"": ""qr-3-25d-notreat_s203_l008_r1_001.fastq.gz""
  }, {
    ""k"": ""primary_search"",
    ""v"": ""samn16054443""
  }, {
    ""k"": ""primary_search"",
    ""v"": ""srp280012""
  }, {
    ""k"": ""primary_search"",
    ""v"": ""srr12584100""
  }, {
    ""k"": ""primary_search"",
    ""v"": ""srs7319358""
  }, {
    ""k"": ""primary_search"",
    ""v"": ""srx9071104""
  }, {
    ""k"": ""primary_search"",
    ""v"": ""bp0""
  }]
} {""bases"": 495745774, ""bytes"": 189956193, ""run_file_create_date"": ""2020-09-03t17:07:00.000z"", ""collection_date_sam"": [""2017-07-25""], ""isolate_sam_ss_dpl100"": [""not applicable""], ""isolation_source_sam"": [""greensboro, nc""], ""samples_numbers_sam"": 96, ""tissue_sam_ss_dpl145"": [""whole body""], ""primary_search"": ""16054443""}",,1
SRR12584175,RNA-Seq,UNIVERSITY OF NORTH CAROLINA AT GREENSBORO,public,SRX9071029,QL-B-25d-PostPBS-24h_S160_L006_R1_001.fastq.gz,Illumina HiSeq 2500,SINGLE,other,TRANSCRIPTOMIC,ILLUMINA,SRS7319283,SAMN16054375,Apis mellifera,SRP280012,2020-09-03 00:00:00.000000 UTC,PRJNA661322,126,NA,101,339,NA,QL-B-25d-PostPBS-24h_S160_L006_R1_001.fastq.gz,[Invertebrate],2017-07-25,USA,North America,[USA:Greensboro],[],[],[],"[fastq,run.zq,sra]","[gs,ncbi,s3]","[gs.us-east1,ncbi.public,s3.us-east-1]","{
  ""attributes"": [{
    ""k"": ""bases"",
    ""v"": ""339693603""
  }, {
    ""k"": ""bytes"",
    ""v"": ""132843960""
  }, {
    ""k"": ""run_file_create_date"",
    ""v"": ""2020-09-03T17:08:00.000Z""
  }, {
    ""k"": ""collection_date_sam"",
    ""v"": ""2017-07-25""
  }, {
    ""k"": ""isolate_sam_ss_dpl100"",
    ""v"": ""Not Applicable""
  }, {
    ""k"": ""isolation_source_sam"",
    ""v"": ""Greensboro, NC""
  }, {
    ""k"": ""samples_numbers_sam"",
    ""v"": ""28""
  }, {
    ""k"": ""tissue_sam_ss_dpl145"",
    ""v"": ""Whole Body""
  }, {
    ""k"": ""primary_search"",
    ""v"": ""16054375""
  }, {
    ""k"": ""primary_search"",
    ""v"": ""661322""
  }, {
    ""k"": ""primary_search"",
    ""v"": ""PRJNA661322""
  }, {
    ""k"": ""primary_search"",
    ""v"": ""QL-B-25d-PostPBS-24h_S160_L006_R1_001.fastq.gz""
  }, {
    ""k"": ""primary_search"",
    ""v"": ""SAMN16054375""
  }, {
    ""k"": ""primary_search"",
    ""v"": ""SRP280012""
  }, {
    ""k"": ""primary_search"",
    ""v"": ""SRR12584175""
  }, {
    ""k"": ""primary_search"",
    ""v"": ""SRS7319283""
  }, {
    ""k"": ""primary_search"",
    ""v"": ""SRX9071029""
  }, {
    ""k"": ""primary_search"",
    ""v"": ""bp0""
  }]
}",1,"{""bases"": 339693603, ""bytes"": 132843960, ""run_file_create_date"": ""2020-09-03T17:08:00.000Z"", ""collection_date_sam"": [""2017-07-25""], ""isolate_sam_ss_dpl100"": [""Not Applicable""], ""isolation_source_sam"": [""Greensboro, NC""], ""samples_numbers_sam"": 28, ""tissue_sam_ss_dpl145"": [""Whole Body""], ""primary_search"": ""16054375""}","srr12584175 rna-seq university of north carolina at greensboro public srx9071029 ql-b-25d-postpbs-24h_s160_l006_r1_001.fastq.gz illumina hiseq 2500 single other transcriptomic illumina srs7319283 samn16054375 apis mellifera srp280012 2020-09-03 00:00:00.000000 utc prjna661322 ql-b-25d-postpbs-24h_s160_l006_r1_001.fastq.gz [invertebrate] 2017-07-25 usa north america [usa:greensboro] [] [] [] [fastq,run.zq,sra] [gs,ncbi,s3] [gs.us-east1,ncbi.public,s3.us-east-1] {
  ""attributes"": [{
    ""k"": ""bases"",
    ""v"": ""339693603""
  }, {
    ""k"": ""bytes"",
    ""v"": ""132843960""
  }, {
    ""k"": ""run_file_create_date"",
    ""v"": ""2020-09-03t17:08:00.000z""
  }, {
    ""k"": ""collection_date_sam"",
    ""v"": ""2017-07-25""
  }, {
    ""k"": ""isolate_sam_ss_dpl100"",
    ""v"": ""not applicable""
  }, {
    ""k"": ""isolation_source_sam"",
    ""v"": ""greensboro, nc""
  }, {
    ""k"": ""samples_numbers_sam"",
    ""v"": ""28""
  }, {
    ""k"": ""tissue_sam_ss_dpl145"",
    ""v"": ""whole body""
  }, {
    ""k"": ""primary_search"",
    ""v"": ""16054375""
  }, {
    ""k"": ""primary_search"",
    ""v"": ""661322""
  }, {
    ""k"": ""primary_search"",
    ""v"": ""prjna661322""
  }, {
    ""k"": ""primary_search"",
    ""v"": ""ql-b-25d-postpbs-24h_s160_l006_r1_001.fastq.gz""
  }, {
    ""k"": ""primary_search"",
    ""v"": ""samn16054375""
  }, {
    ""k"": ""primary_search"",
    ""v"": ""srp280012""
  }, {
    ""k"": ""primary_search"",
    ""v"": ""srr12584175""
  }, {
    ""k"": ""primary_search"",
    ""v"": ""srs7319283""
  }, {
    ""k"": ""primary_search"",
    ""v"": ""srx9071029""
  }, {
    ""k"": ""primary_search"",
    ""v"": ""bp0""
  }]
} {""bases"": 339693603, ""bytes"": 132843960, ""run_file_create_date"": ""2020-09-03t17:08:00.000z"", ""collection_date_sam"": [""2017-07-25""], ""isolate_sam_ss_dpl100"": [""not applicable""], ""isolation_source_sam"": [""greensboro, nc""], ""samples_numbers_sam"": 28, ""tissue_sam_ss_dpl145"": [""whole body""], ""primary_search"": ""16054375""}",,1
SRR12584185,RNA-Seq,UNIVERSITY OF NORTH CAROLINA AT GREENSBORO,public,SRX9071019,QR-N-25d-PostParaquat-24h_S181_L006_R1_001.fastq.gz,Illumina HiSeq 2500,SINGLE,other,TRANSCRIPTOMIC,ILLUMINA,SRS7319273,SAMN16054507,Apis mellifera,SRP280012,2020-09-03 00:00:00.000000 UTC,PRJNA661322,170,NA,101,453,NA,QR-N-25d-PostParaquat-24h_S181_L006_R1_001.fastq.gz,[Invertebrate],2017-07-25,USA,North America,[USA:Greensboro],[],[],[],"[fastq,run.zq,sra]","[gs,ncbi,s3]","[gs.us-east1,ncbi.public,s3.us-east-1]","{
  ""attributes"": [{
    ""k"": ""bases"",
    ""v"": ""453863397""
  }, {
    ""k"": ""bytes"",
    ""v"": ""179104124""
  }, {
    ""k"": ""run_file_create_date"",
    ""v"": ""2020-09-03T17:08:00.000Z""
  }, {
    ""k"": ""collection_date_sam"",
    ""v"": ""2017-07-25""
  }, {
    ""k"": ""isolate_sam_ss_dpl100"",
    ""v"": ""Not Applicable""
  }, {
    ""k"": ""isolation_source_sam"",
    ""v"": ""Greensboro, NC""
  }, {
    ""k"": ""samples_numbers_sam"",
    ""v"": ""160""
  }, {
    ""k"": ""tissue_sam_ss_dpl145"",
    ""v"": ""Whole Body""
  }, {
    ""k"": ""primary_search"",
    ""v"": ""16054507""
  }, {
    ""k"": ""primary_search"",
    ""v"": ""661322""
  }, {
    ""k"": ""primary_search"",
    ""v"": ""PRJNA661322""
  }, {
    ""k"": ""primary_search"",
    ""v"": ""QR-N-25d-PostParaquat-24h_S181_L006_R1_001.fastq.gz""
  }, {
    ""k"": ""primary_search"",
    ""v"": ""SAMN16054507""
  }, {
    ""k"": ""primary_search"",
    ""v"": ""SRP280012""
  }, {
    ""k"": ""primary_search"",
    ""v"": ""SRR12584185""
  }, {
    ""k"": ""primary_search"",
    ""v"": ""SRS7319273""
  }, {
    ""k"": ""primary_search"",
    ""v"": ""SRX9071019""
  }, {
    ""k"": ""primary_search"",
    ""v"": ""bp0""
  }]
}",1,"{""bases"": 453863397, ""bytes"": 179104124, ""run_file_create_date"": ""2020-09-03T17:08:00.000Z"", ""collection_date_sam"": [""2017-07-25""], ""isolate_sam_ss_dpl100"": [""Not Applicable""], ""isolation_source_sam"": [""Greensboro, NC""], ""samples_numbers_sam"": 160, ""tissue_sam_ss_dpl145"": [""Whole Body""], ""primary_search"": ""16054507""}","srr12584185 rna-seq university of north carolina at greensboro public srx9071019 qr-n-25d-postparaquat-24h_s181_l006_r1_001.fastq.gz illumina hiseq 2500 single other transcriptomic illumina srs7319273 samn16054507 apis mellifera srp280012 2020-09-03 00:00:00.000000 utc prjna661322 qr-n-25d-postparaquat-24h_s181_l006_r1_001.fastq.gz [invertebrate] 2017-07-25 usa north america [usa:greensboro] [] [] [] [fastq,run.zq,sra] [gs,ncbi,s3] [gs.us-east1,ncbi.public,s3.us-east-1] {
  ""attributes"": [{
    ""k"": ""bases"",
    ""v"": ""453863397""
  }, {
    ""k"": ""bytes"",
    ""v"": ""179104124""
  }, {
    ""k"": ""run_file_create_date"",
    ""v"": ""2020-09-03t17:08:00.000z""
  }, {
    ""k"": ""collection_date_sam"",
    ""v"": ""2017-07-25""
  }, {
    ""k"": ""isolate_sam_ss_dpl100"",
    ""v"": ""not applicable""
  }, {
    ""k"": ""isolation_source_sam"",
    ""v"": ""greensboro, nc""
  }, {
    ""k"": ""samples_numbers_sam"",
    ""v"": ""160""
  }, {
    ""k"": ""tissue_sam_ss_dpl145"",
    ""v"": ""whole body""
  }, {
    ""k"": ""primary_search"",
    ""v"": ""16054507""
  }, {
    ""k"": ""primary_search"",
    ""v"": ""661322""
  }, {
    ""k"": ""primary_search"",
    ""v"": ""prjna661322""
  }, {
    ""k"": ""primary_search"",
    ""v"": ""qr-n-25d-postparaquat-24h_s181_l006_r1_001.fastq.gz""
  }, {
    ""k"": ""primary_search"",
    ""v"": ""samn16054507""
  }, {
    ""k"": ""primary_search"",
    ""v"": ""srp280012""
  }, {
    ""k"": ""primary_search"",
    ""v"": ""srr12584185""
  }, {
    ""k"": ""primary_search"",
    ""v"": ""srs7319273""
  }, {
    ""k"": ""primary_search"",
    ""v"": ""srx9071019""
  }, {
    ""k"": ""primary_search"",
    ""v"": ""bp0""
  }]
} {""bases"": 453863397, ""bytes"": 179104124, ""run_file_create_date"": ""2020-09-03t17:08:00.000z"", ""collection_date_sam"": [""2017-07-25""], ""isolate_sam_ss_dpl100"": [""not applicable""], ""isolation_source_sam"": [""greensboro, nc""], ""samples_numbers_sam"": 160, ""tissue_sam_ss_dpl145"": [""whole body""], ""primary_search"": ""16054507""}",,1
SRR12584276,RNA-Seq,UNIVERSITY OF NORTH CAROLINA AT GREENSBORO,public,SRX9070928,QR-O-25d-PostParaquat-24h_S180_L007_R1_001.fastq.gz,Illumina HiSeq 2500,SINGLE,other,TRANSCRIPTOMIC,ILLUMINA,SRS7319182,SAMN16054511,Apis mellifera,SRP280012,2020-09-03 00:00:00.000000 UTC,PRJNA661322,199,NA,101,530,NA,QR-O-25d-PostParaquat-24h_S180_L007_R1_001.fastq.gz,[Invertebrate],2017-07-25,USA,North America,[USA:Greensboro],[],[],[],"[fastq,run.zq,sra]","[gs,ncbi,s3]","[gs.us-east1,ncbi.public,s3.us-east-1]","{
  ""attributes"": [{
    ""k"": ""bases"",
    ""v"": ""530128396""
  }, {
    ""k"": ""bytes"",
    ""v"": ""209172930""
  }, {
    ""k"": ""run_file_create_date"",
    ""v"": ""2020-09-03T17:08:00.000Z""
  }, {
    ""k"": ""collection_date_sam"",
    ""v"": ""2017-07-25""
  }, {
    ""k"": ""isolate_sam_ss_dpl100"",
    ""v"": ""Not Applicable""
  }, {
    ""k"": ""isolation_source_sam"",
    ""v"": ""Greensboro, NC""
  }, {
    ""k"": ""samples_numbers_sam"",
    ""v"": ""164""
  }, {
    ""k"": ""tissue_sam_ss_dpl145"",
    ""v"": ""Whole Body""
  }, {
    ""k"": ""primary_search"",
    ""v"": ""16054511""
  }, {
    ""k"": ""primary_search"",
    ""v"": ""661322""
  }, {
    ""k"": ""primary_search"",
    ""v"": ""PRJNA661322""
  }, {
    ""k"": ""primary_search"",
    ""v"": ""QR-O-25d-PostParaquat-24h_S180_L007_R1_001.fastq.gz""
  }, {
    ""k"": ""primary_search"",
    ""v"": ""SAMN16054511""
  }, {
    ""k"": ""primary_search"",
    ""v"": ""SRP280012""
  }, {
    ""k"": ""primary_search"",
    ""v"": ""SRR12584276""
  }, {
    ""k"": ""primary_search"",
    ""v"": ""SRS7319182""
  }, {
    ""k"": ""primary_search"",
    ""v"": ""SRX9070928""
  }, {
    ""k"": ""primary_search"",
    ""v"": ""bp0""
  }]
}",1,"{""bases"": 530128396, ""bytes"": 209172930, ""run_file_create_date"": ""2020-09-03T17:08:00.000Z"", ""collection_date_sam"": [""2017-07-25""], ""isolate_sam_ss_dpl100"": [""Not Applicable""], ""isolation_source_sam"": [""Greensboro, NC""], ""samples_numbers_sam"": 164, ""tissue_sam_ss_dpl145"": [""Whole Body""], ""primary_search"": ""16054511""}","srr12584276 rna-seq university of north carolina at greensboro public srx9070928 qr-o-25d-postparaquat-24h_s180_l007_r1_001.fastq.gz illumina hiseq 2500 single other transcriptomic illumina srs7319182 samn16054511 apis mellifera srp280012 2020-09-03 00:00:00.000000 utc prjna661322 qr-o-25d-postparaquat-24h_s180_l007_r1_001.fastq.gz [invertebrate] 2017-07-25 usa north america [usa:greensboro] [] [] [] [fastq,run.zq,sra] [gs,ncbi,s3] [gs.us-east1,ncbi.public,s3.us-east-1] {
  ""attributes"": [{
    ""k"": ""bases"",
    ""v"": ""530128396""
  }, {
    ""k"": ""bytes"",
    ""v"": ""209172930""
  }, {
    ""k"": ""run_file_create_date"",
    ""v"": ""2020-09-03t17:08:00.000z""
  }, {
    ""k"": ""collection_date_sam"",
    ""v"": ""2017-07-25""
  }, {
    ""k"": ""isolate_sam_ss_dpl100"",
    ""v"": ""not applicable""
  }, {
    ""k"": ""isolation_source_sam"",
    ""v"": ""greensboro, nc""
  }, {
    ""k"": ""samples_numbers_sam"",
    ""v"": ""164""
  }, {
    ""k"": ""tissue_sam_ss_dpl145"",
    ""v"": ""whole body""
  }, {
    ""k"": ""primary_search"",
    ""v"": ""16054511""
  }, {
    ""k"": ""primary_search"",
    ""v"": ""661322""
  }, {
    ""k"": ""primary_search"",
    ""v"": ""prjna661322""
  }, {
    ""k"": ""primary_search"",
    ""v"": ""qr-o-25d-postparaquat-24h_s180_l007_r1_001.fastq.gz""
  }, {
    ""k"": ""primary_search"",
    ""v"": ""samn16054511""
  }, {
    ""k"": ""primary_search"",
    ""v"": ""srp280012""
  }, {
    ""k"": ""primary_search"",
    ""v"": ""srr12584276""
  }, {
    ""k"": ""primary_search"",
    ""v"": ""srs7319182""
  }, {
    ""k"": ""primary_search"",
    ""v"": ""srx9070928""
  }, {
    ""k"": ""primary_search"",
    ""v"": ""bp0""
  }]
} {""bases"": 530128396, ""bytes"": 209172930, ""run_file_create_date"": ""2020-09-03t17:08:00.000z"", ""collection_date_sam"": [""2017-07-25""], ""isolate_sam_ss_dpl100"": [""not applicable""], ""isolation_source_sam"": [""greensboro, nc""], ""samples_numbers_sam"": 164, ""tissue_sam_ss_dpl145"": [""whole body""], ""primary_search"": ""16054511""}",,1
SRR12584143,RNA-Seq,UNIVERSITY OF NORTH CAROLINA AT GREENSBORO,public,SRX9071061,QL-J-25d-PostPBS-24h_S161_L008_R1_001.fastq.gz,Illumina HiSeq 2500,SINGLE,other,TRANSCRIPTOMIC,ILLUMINA,SRS7319315,SAMN16054404,Apis mellifera,SRP280012,2020-09-03 00:00:00.000000 UTC,PRJNA661322,131,NA,101,364,NA,QL-J-25d-PostPBS-24h_S161_L008_R1_001.fastq.gz,[Invertebrate],2017-07-25,USA,North America,[USA:Greensboro],[],[],[],"[fastq,run.zq,sra]","[gs,ncbi,s3]","[gs.us-east1,ncbi.public,s3.us-east-1]","{
  ""attributes"": [{
    ""k"": ""bases"",
    ""v"": ""364091870""
  }, {
    ""k"": ""bytes"",
    ""v"": ""138161069""
  }, {
    ""k"": ""run_file_create_date"",
    ""v"": ""2020-09-03T17:07:00.000Z""
  }, {
    ""k"": ""collection_date_sam"",
    ""v"": ""2017-07-25""
  }, {
    ""k"": ""isolate_sam_ss_dpl100"",
    ""v"": ""Not Applicable""
  }, {
    ""k"": ""isolation_source_sam"",
    ""v"": ""Greensboro, NC""
  }, {
    ""k"": ""samples_numbers_sam"",
    ""v"": ""57""
  }, {
    ""k"": ""tissue_sam_ss_dpl145"",
    ""v"": ""Whole Body""
  }, {
    ""k"": ""primary_search"",
    ""v"": ""16054404""
  }, {
    ""k"": ""primary_search"",
    ""v"": ""661322""
  }, {
    ""k"": ""primary_search"",
    ""v"": ""PRJNA661322""
  }, {
    ""k"": ""primary_search"",
    ""v"": ""QL-J-25d-PostPBS-24h_S161_L008_R1_001.fastq.gz""
  }, {
    ""k"": ""primary_search"",
    ""v"": ""SAMN16054404""
  }, {
    ""k"": ""primary_search"",
    ""v"": ""SRP280012""
  }, {
    ""k"": ""primary_search"",
    ""v"": ""SRR12584143""
  }, {
    ""k"": ""primary_search"",
    ""v"": ""SRS7319315""
  }, {
    ""k"": ""primary_search"",
    ""v"": ""SRX9071061""
  }, {
    ""k"": ""primary_search"",
    ""v"": ""bp0""
  }]
}",1,"{""bases"": 364091870, ""bytes"": 138161069, ""run_file_create_date"": ""2020-09-03T17:07:00.000Z"", ""collection_date_sam"": [""2017-07-25""], ""isolate_sam_ss_dpl100"": [""Not Applicable""], ""isolation_source_sam"": [""Greensboro, NC""], ""samples_numbers_sam"": 57, ""tissue_sam_ss_dpl145"": [""Whole Body""], ""primary_search"": ""16054404""}","srr12584143 rna-seq university of north carolina at greensboro public srx9071061 ql-j-25d-postpbs-24h_s161_l008_r1_001.fastq.gz illumina hiseq 2500 single other transcriptomic illumina srs7319315 samn16054404 apis mellifera srp280012 2020-09-03 00:00:00.000000 utc prjna661322 ql-j-25d-postpbs-24h_s161_l008_r1_001.fastq.gz [invertebrate] 2017-07-25 usa north america [usa:greensboro] [] [] [] [fastq,run.zq,sra] [gs,ncbi,s3] [gs.us-east1,ncbi.public,s3.us-east-1] {
  ""attributes"": [{
    ""k"": ""bases"",
    ""v"": ""364091870""
  }, {
    ""k"": ""bytes"",
    ""v"": ""138161069""
  }, {
    ""k"": ""run_file_create_date"",
    ""v"": ""2020-09-03t17:07:00.000z""
  }, {
    ""k"": ""collection_date_sam"",
    ""v"": ""2017-07-25""
  }, {
    ""k"": ""isolate_sam_ss_dpl100"",
    ""v"": ""not applicable""
  }, {
    ""k"": ""isolation_source_sam"",
    ""v"": ""greensboro, nc""
  }, {
    ""k"": ""samples_numbers_sam"",
    ""v"": ""57""
  }, {
    ""k"": ""tissue_sam_ss_dpl145"",
    ""v"": ""whole body""
  }, {
    ""k"": ""primary_search"",
    ""v"": ""16054404""
  }, {
    ""k"": ""primary_search"",
    ""v"": ""661322""
  }, {
    ""k"": ""primary_search"",
    ""v"": ""prjna661322""
  }, {
    ""k"": ""primary_search"",
    ""v"": ""ql-j-25d-postpbs-24h_s161_l008_r1_001.fastq.gz""
  }, {
    ""k"": ""primary_search"",
    ""v"": ""samn16054404""
  }, {
    ""k"": ""primary_search"",
    ""v"": ""srp280012""
  }, {
    ""k"": ""primary_search"",
    ""v"": ""srr12584143""
  }, {
    ""k"": ""primary_search"",
    ""v"": ""srs7319315""
  }, {
    ""k"": ""primary_search"",
    ""v"": ""srx9071061""
  }, {
    ""k"": ""primary_search"",
    ""v"": ""bp0""
  }]
} {""bases"": 364091870, ""bytes"": 138161069, ""run_file_create_date"": ""2020-09-03t17:07:00.000z"", ""collection_date_sam"": [""2017-07-25""], ""isolate_sam_ss_dpl100"": [""not applicable""], ""isolation_source_sam"": [""greensboro, nc""], ""samples_numbers_sam"": 57, ""tissue_sam_ss_dpl145"": [""whole body""], ""primary_search"": ""16054404""}",,1
SRR12584203,RNA-Seq,UNIVERSITY OF NORTH CAROLINA AT GREENSBORO,public,SRX9071001,QR-II-25d-NoTreat_S187_L007_R1_001.fastq.gz,Illumina HiSeq 2500,SINGLE,other,TRANSCRIPTOMIC,ILLUMINA,SRS7319255,SAMN16054490,Apis mellifera,SRP280012,2020-09-03 00:00:00.000000 UTC,PRJNA661322,95,NA,101,273,NA,QR-II-25d-NoTreat_S187_L007_R1_001.fastq.gz,[Invertebrate],2017-07-25,USA,North America,[USA:Greensboro],[],[],[],"[fastq,run.zq,sra]","[gs,ncbi,s3]","[gs.us-east1,ncbi.public,s3.us-east-1]","{
  ""attributes"": [{
    ""k"": ""bases"",
    ""v"": ""273277013""
  }, {
    ""k"": ""bytes"",
    ""v"": ""99757391""
  }, {
    ""k"": ""run_file_create_date"",
    ""v"": ""2020-09-03T17:07:00.000Z""
  }, {
    ""k"": ""collection_date_sam"",
    ""v"": ""2017-07-25""
  }, {
    ""k"": ""isolate_sam_ss_dpl100"",
    ""v"": ""Not Applicable""
  }, {
    ""k"": ""isolation_source_sam"",
    ""v"": ""Greensboro, NC""
  }, {
    ""k"": ""samples_numbers_sam"",
    ""v"": ""143""
  }, {
    ""k"": ""tissue_sam_ss_dpl145"",
    ""v"": ""Whole Body""
  }, {
    ""k"": ""primary_search"",
    ""v"": ""16054490""
  }, {
    ""k"": ""primary_search"",
    ""v"": ""661322""
  }, {
    ""k"": ""primary_search"",
    ""v"": ""PRJNA661322""
  }, {
    ""k"": ""primary_search"",
    ""v"": ""QR-II-25d-NoTreat_S187_L007_R1_001.fastq.gz""
  }, {
    ""k"": ""primary_search"",
    ""v"": ""SAMN16054490""
  }, {
    ""k"": ""primary_search"",
    ""v"": ""SRP280012""
  }, {
    ""k"": ""primary_search"",
    ""v"": ""SRR12584203""
  }, {
    ""k"": ""primary_search"",
    ""v"": ""SRS7319255""
  }, {
    ""k"": ""primary_search"",
    ""v"": ""SRX9071001""
  }, {
    ""k"": ""primary_search"",
    ""v"": ""bp0""
  }]
}",1,"{""bases"": 273277013, ""bytes"": 99757391, ""run_file_create_date"": ""2020-09-03T17:07:00.000Z"", ""collection_date_sam"": [""2017-07-25""], ""isolate_sam_ss_dpl100"": [""Not Applicable""], ""isolation_source_sam"": [""Greensboro, NC""], ""samples_numbers_sam"": 143, ""tissue_sam_ss_dpl145"": [""Whole Body""], ""primary_search"": ""16054490""}","srr12584203 rna-seq university of north carolina at greensboro public srx9071001 qr-ii-25d-notreat_s187_l007_r1_001.fastq.gz illumina hiseq 2500 single other transcriptomic illumina srs7319255 samn16054490 apis mellifera srp280012 2020-09-03 00:00:00.000000 utc prjna661322 qr-ii-25d-notreat_s187_l007_r1_001.fastq.gz [invertebrate] 2017-07-25 usa north america [usa:greensboro] [] [] [] [fastq,run.zq,sra] [gs,ncbi,s3] [gs.us-east1,ncbi.public,s3.us-east-1] {
  ""attributes"": [{
    ""k"": ""bases"",
    ""v"": ""273277013""
  }, {
    ""k"": ""bytes"",
    ""v"": ""99757391""
  }, {
    ""k"": ""run_file_create_date"",
    ""v"": ""2020-09-03t17:07:00.000z""
  }, {
    ""k"": ""collection_date_sam"",
    ""v"": ""2017-07-25""
  }, {
    ""k"": ""isolate_sam_ss_dpl100"",
    ""v"": ""not applicable""
  }, {
    ""k"": ""isolation_source_sam"",
    ""v"": ""greensboro, nc""
  }, {
    ""k"": ""samples_numbers_sam"",
    ""v"": ""143""
  }, {
    ""k"": ""tissue_sam_ss_dpl145"",
    ""v"": ""whole body""
  }, {
    ""k"": ""primary_search"",
    ""v"": ""16054490""
  }, {
    ""k"": ""primary_search"",
    ""v"": ""661322""
  }, {
    ""k"": ""primary_search"",
    ""v"": ""prjna661322""
  }, {
    ""k"": ""primary_search"",
    ""v"": ""qr-ii-25d-notreat_s187_l007_r1_001.fastq.gz""
  }, {
    ""k"": ""primary_search"",
    ""v"": ""samn16054490""
  }, {
    ""k"": ""primary_search"",
    ""v"": ""srp280012""
  }, {
    ""k"": ""primary_search"",
    ""v"": ""srr12584203""
  }, {
    ""k"": ""primary_search"",
    ""v"": ""srs7319255""
  }, {
    ""k"": ""primary_search"",
    ""v"": ""srx9071001""
  }, {
    ""k"": ""primary_search"",
    ""v"": ""bp0""
  }]
} {""bases"": 273277013, ""bytes"": 99757391, ""run_file_create_date"": ""2020-09-03t17:07:00.000z"", ""collection_date_sam"": [""2017-07-25""], ""isolate_sam_ss_dpl100"": [""not applicable""], ""isolation_source_sam"": [""greensboro, nc""], ""samples_numbers_sam"": 143, ""tissue_sam_ss_dpl145"": [""whole body""], ""primary_search"": ""16054490""}",,1
SRR12584173,RNA-Seq,UNIVERSITY OF NORTH CAROLINA AT GREENSBORO,public,SRX9071031,QL-B-25d-PostPBS-24h_S160_L008_R1_001.fastq.gz,Illumina HiSeq 2500,SINGLE,other,TRANSCRIPTOMIC,ILLUMINA,SRS7319285,SAMN16054377,Apis mellifera,SRP280012,2020-09-03 00:00:00.000000 UTC,PRJNA661322,125,NA,101,336,NA,QL-B-25d-PostPBS-24h_S160_L008_R1_001.fastq.gz,[Invertebrate],2017-07-25,USA,North America,[USA:Greensboro],[],[],[],"[fastq,run.zq,sra]","[gs,ncbi,s3]","[gs.us-east1,ncbi.public,s3.us-east-1]","{
  ""attributes"": [{
    ""k"": ""bases"",
    ""v"": ""336658351""
  }, {
    ""k"": ""bytes"",
    ""v"": ""131315747""
  }, {
    ""k"": ""run_file_create_date"",
    ""v"": ""2020-09-03T17:07:00.000Z""
  }, {
    ""k"": ""collection_date_sam"",
    ""v"": ""2017-07-25""
  }, {
    ""k"": ""isolate_sam_ss_dpl100"",
    ""v"": ""Not Applicable""
  }, {
    ""k"": ""isolation_source_sam"",
    ""v"": ""Greensboro, NC""
  }, {
    ""k"": ""samples_numbers_sam"",
    ""v"": ""30""
  }, {
    ""k"": ""tissue_sam_ss_dpl145"",
    ""v"": ""Whole Body""
  }, {
    ""k"": ""primary_search"",
    ""v"": ""16054377""
  }, {
    ""k"": ""primary_search"",
    ""v"": ""661322""
  }, {
    ""k"": ""primary_search"",
    ""v"": ""PRJNA661322""
  }, {
    ""k"": ""primary_search"",
    ""v"": ""QL-B-25d-PostPBS-24h_S160_L008_R1_001.fastq.gz""
  }, {
    ""k"": ""primary_search"",
    ""v"": ""SAMN16054377""
  }, {
    ""k"": ""primary_search"",
    ""v"": ""SRP280012""
  }, {
    ""k"": ""primary_search"",
    ""v"": ""SRR12584173""
  }, {
    ""k"": ""primary_search"",
    ""v"": ""SRS7319285""
  }, {
    ""k"": ""primary_search"",
    ""v"": ""SRX9071031""
  }, {
    ""k"": ""primary_search"",
    ""v"": ""bp0""
  }]
}",1,"{""bases"": 336658351, ""bytes"": 131315747, ""run_file_create_date"": ""2020-09-03T17:07:00.000Z"", ""collection_date_sam"": [""2017-07-25""], ""isolate_sam_ss_dpl100"": [""Not Applicable""], ""isolation_source_sam"": [""Greensboro, NC""], ""samples_numbers_sam"": 30, ""tissue_sam_ss_dpl145"": [""Whole Body""], ""primary_search"": ""16054377""}","srr12584173 rna-seq university of north carolina at greensboro public srx9071031 ql-b-25d-postpbs-24h_s160_l008_r1_001.fastq.gz illumina hiseq 2500 single other transcriptomic illumina srs7319285 samn16054377 apis mellifera srp280012 2020-09-03 00:00:00.000000 utc prjna661322 ql-b-25d-postpbs-24h_s160_l008_r1_001.fastq.gz [invertebrate] 2017-07-25 usa north america [usa:greensboro] [] [] [] [fastq,run.zq,sra] [gs,ncbi,s3] [gs.us-east1,ncbi.public,s3.us-east-1] {
  ""attributes"": [{
    ""k"": ""bases"",
    ""v"": ""336658351""
  }, {
    ""k"": ""bytes"",
    ""v"": ""131315747""
  }, {
    ""k"": ""run_file_create_date"",
    ""v"": ""2020-09-03t17:07:00.000z""
  }, {
    ""k"": ""collection_date_sam"",
    ""v"": ""2017-07-25""
  }, {
    ""k"": ""isolate_sam_ss_dpl100"",
    ""v"": ""not applicable""
  }, {
    ""k"": ""isolation_source_sam"",
    ""v"": ""greensboro, nc""
  }, {
    ""k"": ""samples_numbers_sam"",
    ""v"": ""30""
  }, {
    ""k"": ""tissue_sam_ss_dpl145"",
    ""v"": ""whole body""
  }, {
    ""k"": ""primary_search"",
    ""v"": ""16054377""
  }, {
    ""k"": ""primary_search"",
    ""v"": ""661322""
  }, {
    ""k"": ""primary_search"",
    ""v"": ""prjna661322""
  }, {
    ""k"": ""primary_search"",
    ""v"": ""ql-b-25d-postpbs-24h_s160_l008_r1_001.fastq.gz""
  }, {
    ""k"": ""primary_search"",
    ""v"": ""samn16054377""
  }, {
    ""k"": ""primary_search"",
    ""v"": ""srp280012""
  }, {
    ""k"": ""primary_search"",
    ""v"": ""srr12584173""
  }, {
    ""k"": ""primary_search"",
    ""v"": ""srs7319285""
  }, {
    ""k"": ""primary_search"",
    ""v"": ""srx9071031""
  }, {
    ""k"": ""primary_search"",
    ""v"": ""bp0""
  }]
} {""bases"": 336658351, ""bytes"": 131315747, ""run_file_create_date"": ""2020-09-03t17:07:00.000z"", ""collection_date_sam"": [""2017-07-25""], ""isolate_sam_ss_dpl100"": [""not applicable""], ""isolation_source_sam"": [""greensboro, nc""], ""samples_numbers_sam"": 30, ""tissue_sam_ss_dpl145"": [""whole body""], ""primary_search"": ""16054377""}",,1
SRR12584216,RNA-Seq,UNIVERSITY OF NORTH CAROLINA AT GREENSBORO,public,SRX9070988,QR-GG-25d-NoTreat_S191_L007_R1_001.fastq.gz,Illumina HiSeq 2500,SINGLE,other,TRANSCRIPTOMIC,ILLUMINA,SRS7319242,SAMN16054478,Apis mellifera,SRP280012,2020-09-03 00:00:00.000000 UTC,PRJNA661322,128,NA,101,353,NA,QR-GG-25d-NoTreat_S191_L007_R1_001.fastq.gz,[Invertebrate],2017-07-25,USA,North America,[USA:Greensboro],[],[],[],"[fastq,run.zq,sra]","[gs,ncbi,s3]","[gs.us-east1,ncbi.public,s3.us-east-1]","{
  ""attributes"": [{
    ""k"": ""bases"",
    ""v"": ""353308706""
  }, {
    ""k"": ""bytes"",
    ""v"": ""134577419""
  }, {
    ""k"": ""run_file_create_date"",
    ""v"": ""2020-09-03T17:08:00.000Z""
  }, {
    ""k"": ""collection_date_sam"",
    ""v"": ""2017-07-25""
  }, {
    ""k"": ""isolate_sam_ss_dpl100"",
    ""v"": ""Not Applicable""
  }, {
    ""k"": ""isolation_source_sam"",
    ""v"": ""Greensboro, NC""
  }, {
    ""k"": ""samples_numbers_sam"",
    ""v"": ""131""
  }, {
    ""k"": ""tissue_sam_ss_dpl145"",
    ""v"": ""Whole Body""
  }, {
    ""k"": ""primary_search"",
    ""v"": ""16054478""
  }, {
    ""k"": ""primary_search"",
    ""v"": ""661322""
  }, {
    ""k"": ""primary_search"",
    ""v"": ""PRJNA661322""
  }, {
    ""k"": ""primary_search"",
    ""v"": ""QR-GG-25d-NoTreat_S191_L007_R1_001.fastq.gz""
  }, {
    ""k"": ""primary_search"",
    ""v"": ""SAMN16054478""
  }, {
    ""k"": ""primary_search"",
    ""v"": ""SRP280012""
  }, {
    ""k"": ""primary_search"",
    ""v"": ""SRR12584216""
  }, {
    ""k"": ""primary_search"",
    ""v"": ""SRS7319242""
  }, {
    ""k"": ""primary_search"",
    ""v"": ""SRX9070988""
  }, {
    ""k"": ""primary_search"",
    ""v"": ""bp0""
  }]
}",1,"{""bases"": 353308706, ""bytes"": 134577419, ""run_file_create_date"": ""2020-09-03T17:08:00.000Z"", ""collection_date_sam"": [""2017-07-25""], ""isolate_sam_ss_dpl100"": [""Not Applicable""], ""isolation_source_sam"": [""Greensboro, NC""], ""samples_numbers_sam"": 131, ""tissue_sam_ss_dpl145"": [""Whole Body""], ""primary_search"": ""16054478""}","srr12584216 rna-seq university of north carolina at greensboro public srx9070988 qr-gg-25d-notreat_s191_l007_r1_001.fastq.gz illumina hiseq 2500 single other transcriptomic illumina srs7319242 samn16054478 apis mellifera srp280012 2020-09-03 00:00:00.000000 utc prjna661322 qr-gg-25d-notreat_s191_l007_r1_001.fastq.gz [invertebrate] 2017-07-25 usa north america [usa:greensboro] [] [] [] [fastq,run.zq,sra] [gs,ncbi,s3] [gs.us-east1,ncbi.public,s3.us-east-1] {
  ""attributes"": [{
    ""k"": ""bases"",
    ""v"": ""353308706""
  }, {
    ""k"": ""bytes"",
    ""v"": ""134577419""
  }, {
    ""k"": ""run_file_create_date"",
    ""v"": ""2020-09-03t17:08:00.000z""
  }, {
    ""k"": ""collection_date_sam"",
    ""v"": ""2017-07-25""
  }, {
    ""k"": ""isolate_sam_ss_dpl100"",
    ""v"": ""not applicable""
  }, {
    ""k"": ""isolation_source_sam"",
    ""v"": ""greensboro, nc""
  }, {
    ""k"": ""samples_numbers_sam"",
    ""v"": ""131""
  }, {
    ""k"": ""tissue_sam_ss_dpl145"",
    ""v"": ""whole body""
  }, {
    ""k"": ""primary_search"",
    ""v"": ""16054478""
  }, {
    ""k"": ""primary_search"",
    ""v"": ""661322""
  }, {
    ""k"": ""primary_search"",
    ""v"": ""prjna661322""
  }, {
    ""k"": ""primary_search"",
    ""v"": ""qr-gg-25d-notreat_s191_l007_r1_001.fastq.gz""
  }, {
    ""k"": ""primary_search"",
    ""v"": ""samn16054478""
  }, {
    ""k"": ""primary_search"",
    ""v"": ""srp280012""
  }, {
    ""k"": ""primary_search"",
    ""v"": ""srr12584216""
  }, {
    ""k"": ""primary_search"",
    ""v"": ""srs7319242""
  }, {
    ""k"": ""primary_search"",
    ""v"": ""srx9070988""
  }, {
    ""k"": ""primary_search"",
    ""v"": ""bp0""
  }]
} {""bases"": 353308706, ""bytes"": 134577419, ""run_file_create_date"": ""2020-09-03t17:08:00.000z"", ""collection_date_sam"": [""2017-07-25""], ""isolate_sam_ss_dpl100"": [""not applicable""], ""isolation_source_sam"": [""greensboro, nc""], ""samples_numbers_sam"": 131, ""tissue_sam_ss_dpl145"": [""whole body""], ""primary_search"": ""16054478""}",,1
SRR12584096,RNA-Seq,UNIVERSITY OF NORTH CAROLINA AT GREENSBORO,public,SRX9071108,QR-5-25d-NoTreat_S201_L006_R1_001.fastq.gz,Illumina HiSeq 2500,SINGLE,other,TRANSCRIPTOMIC,ILLUMINA,SRS7319362,SAMN16054447,Apis mellifera,SRP280012,2020-09-03 00:00:00.000000 UTC,PRJNA661322,157,NA,101,431,NA,QR-5-25d-NoTreat_S201_L006_R1_001.fastq.gz,[Invertebrate],2017-07-25,USA,North America,[USA:Greensboro],[],[],[],"[fastq,run.zq,sra]","[gs,ncbi,s3]","[gs.us-east1,ncbi.public,s3.us-east-1]","{
  ""attributes"": [{
    ""k"": ""bases"",
    ""v"": ""431402108""
  }, {
    ""k"": ""bytes"",
    ""v"": ""164804299""
  }, {
    ""k"": ""run_file_create_date"",
    ""v"": ""2020-09-03T17:08:00.000Z""
  }, {
    ""k"": ""collection_date_sam"",
    ""v"": ""2017-07-25""
  }, {
    ""k"": ""isolate_sam_ss_dpl100"",
    ""v"": ""Not Applicable""
  }, {
    ""k"": ""isolation_source_sam"",
    ""v"": ""Greensboro, NC""
  }, {
    ""k"": ""samples_numbers_sam"",
    ""v"": ""100""
  }, {
    ""k"": ""tissue_sam_ss_dpl145"",
    ""v"": ""Whole Body""
  }, {
    ""k"": ""primary_search"",
    ""v"": ""16054447""
  }, {
    ""k"": ""primary_search"",
    ""v"": ""661322""
  }, {
    ""k"": ""primary_search"",
    ""v"": ""PRJNA661322""
  }, {
    ""k"": ""primary_search"",
    ""v"": ""QR-5-25d-NoTreat_S201_L006_R1_001.fastq.gz""
  }, {
    ""k"": ""primary_search"",
    ""v"": ""SAMN16054447""
  }, {
    ""k"": ""primary_search"",
    ""v"": ""SRP280012""
  }, {
    ""k"": ""primary_search"",
    ""v"": ""SRR12584096""
  }, {
    ""k"": ""primary_search"",
    ""v"": ""SRS7319362""
  }, {
    ""k"": ""primary_search"",
    ""v"": ""SRX9071108""
  }, {
    ""k"": ""primary_search"",
    ""v"": ""bp0""
  }]
}",1,"{""bases"": 431402108, ""bytes"": 164804299, ""run_file_create_date"": ""2020-09-03T17:08:00.000Z"", ""collection_date_sam"": [""2017-07-25""], ""isolate_sam_ss_dpl100"": [""Not Applicable""], ""isolation_source_sam"": [""Greensboro, NC""], ""samples_numbers_sam"": 100, ""tissue_sam_ss_dpl145"": [""Whole Body""], ""primary_search"": ""16054447""}","srr12584096 rna-seq university of north carolina at greensboro public srx9071108 qr-5-25d-notreat_s201_l006_r1_001.fastq.gz illumina hiseq 2500 single other transcriptomic illumina srs7319362 samn16054447 apis mellifera srp280012 2020-09-03 00:00:00.000000 utc prjna661322 qr-5-25d-notreat_s201_l006_r1_001.fastq.gz [invertebrate] 2017-07-25 usa north america [usa:greensboro] [] [] [] [fastq,run.zq,sra] [gs,ncbi,s3] [gs.us-east1,ncbi.public,s3.us-east-1] {
  ""attributes"": [{
    ""k"": ""bases"",
    ""v"": ""431402108""
  }, {
    ""k"": ""bytes"",
    ""v"": ""164804299""
  }, {
    ""k"": ""run_file_create_date"",
    ""v"": ""2020-09-03t17:08:00.000z""
  }, {
    ""k"": ""collection_date_sam"",
    ""v"": ""2017-07-25""
  }, {
    ""k"": ""isolate_sam_ss_dpl100"",
    ""v"": ""not applicable""
  }, {
    ""k"": ""isolation_source_sam"",
    ""v"": ""greensboro, nc""
  }, {
    ""k"": ""samples_numbers_sam"",
    ""v"": ""100""
  }, {
    ""k"": ""tissue_sam_ss_dpl145"",
    ""v"": ""whole body""
  }, {
    ""k"": ""primary_search"",
    ""v"": ""16054447""
  }, {
    ""k"": ""primary_search"",
    ""v"": ""661322""
  }, {
    ""k"": ""primary_search"",
    ""v"": ""prjna661322""
  }, {
    ""k"": ""primary_search"",
    ""v"": ""qr-5-25d-notreat_s201_l006_r1_001.fastq.gz""
  }, {
    ""k"": ""primary_search"",
    ""v"": ""samn16054447""
  }, {
    ""k"": ""primary_search"",
    ""v"": ""srp280012""
  }, {
    ""k"": ""primary_search"",
    ""v"": ""srr12584096""
  }, {
    ""k"": ""primary_search"",
    ""v"": ""srs7319362""
  }, {
    ""k"": ""primary_search"",
    ""v"": ""srx9071108""
  }, {
    ""k"": ""primary_search"",
    ""v"": ""bp0""
  }]
} {""bases"": 431402108, ""bytes"": 164804299, ""run_file_create_date"": ""2020-09-03t17:08:00.000z"", ""collection_date_sam"": [""2017-07-25""], ""isolate_sam_ss_dpl100"": [""not applicable""], ""isolation_source_sam"": [""greensboro, nc""], ""samples_numbers_sam"": 100, ""tissue_sam_ss_dpl145"": [""whole body""], ""primary_search"": ""16054447""}",,1
SRR12584104,RNA-Seq,UNIVERSITY OF NORTH CAROLINA AT GREENSBORO,public,SRX9071100,QR-2-25d-NoTreat_S204_L007_R1_001.fastq.gz,Illumina HiSeq 2500,SINGLE,other,TRANSCRIPTOMIC,ILLUMINA,SRS7319354,SAMN16054439,Apis mellifera,SRP280012,2020-09-03 00:00:00.000000 UTC,PRJNA661322,207,NA,101,563,NA,QR-2-25d-NoTreat_S204_L007_R1_001.fastq.gz,[Invertebrate],2017-07-25,USA,North America,[USA:Greensboro],[],[],[],"[fastq,run.zq,sra]","[gs,ncbi,s3]","[gs.us-east1,ncbi.public,s3.us-east-1]","{
  ""attributes"": [{
    ""k"": ""bases"",
    ""v"": ""563634742""
  }, {
    ""k"": ""bytes"",
    ""v"": ""218018027""
  }, {
    ""k"": ""run_file_create_date"",
    ""v"": ""2020-09-03T17:08:00.000Z""
  }, {
    ""k"": ""collection_date_sam"",
    ""v"": ""2017-07-25""
  }, {
    ""k"": ""isolate_sam_ss_dpl100"",
    ""v"": ""Not Applicable""
  }, {
    ""k"": ""isolation_source_sam"",
    ""v"": ""Greensboro, NC""
  }, {
    ""k"": ""samples_numbers_sam"",
    ""v"": ""92""
  }, {
    ""k"": ""tissue_sam_ss_dpl145"",
    ""v"": ""Whole Body""
  }, {
    ""k"": ""primary_search"",
    ""v"": ""16054439""
  }, {
    ""k"": ""primary_search"",
    ""v"": ""661322""
  }, {
    ""k"": ""primary_search"",
    ""v"": ""PRJNA661322""
  }, {
    ""k"": ""primary_search"",
    ""v"": ""QR-2-25d-NoTreat_S204_L007_R1_001.fastq.gz""
  }, {
    ""k"": ""primary_search"",
    ""v"": ""SAMN16054439""
  }, {
    ""k"": ""primary_search"",
    ""v"": ""SRP280012""
  }, {
    ""k"": ""primary_search"",
    ""v"": ""SRR12584104""
  }, {
    ""k"": ""primary_search"",
    ""v"": ""SRS7319354""
  }, {
    ""k"": ""primary_search"",
    ""v"": ""SRX9071100""
  }, {
    ""k"": ""primary_search"",
    ""v"": ""bp0""
  }]
}",1,"{""bases"": 563634742, ""bytes"": 218018027, ""run_file_create_date"": ""2020-09-03T17:08:00.000Z"", ""collection_date_sam"": [""2017-07-25""], ""isolate_sam_ss_dpl100"": [""Not Applicable""], ""isolation_source_sam"": [""Greensboro, NC""], ""samples_numbers_sam"": 92, ""tissue_sam_ss_dpl145"": [""Whole Body""], ""primary_search"": ""16054439""}","srr12584104 rna-seq university of north carolina at greensboro public srx9071100 qr-2-25d-notreat_s204_l007_r1_001.fastq.gz illumina hiseq 2500 single other transcriptomic illumina srs7319354 samn16054439 apis mellifera srp280012 2020-09-03 00:00:00.000000 utc prjna661322 qr-2-25d-notreat_s204_l007_r1_001.fastq.gz [invertebrate] 2017-07-25 usa north america [usa:greensboro] [] [] [] [fastq,run.zq,sra] [gs,ncbi,s3] [gs.us-east1,ncbi.public,s3.us-east-1] {
  ""attributes"": [{
    ""k"": ""bases"",
    ""v"": ""563634742""
  }, {
    ""k"": ""bytes"",
    ""v"": ""218018027""
  }, {
    ""k"": ""run_file_create_date"",
    ""v"": ""2020-09-03t17:08:00.000z""
  }, {
    ""k"": ""collection_date_sam"",
    ""v"": ""2017-07-25""
  }, {
    ""k"": ""isolate_sam_ss_dpl100"",
    ""v"": ""not applicable""
  }, {
    ""k"": ""isolation_source_sam"",
    ""v"": ""greensboro, nc""
  }, {
    ""k"": ""samples_numbers_sam"",
    ""v"": ""92""
  }, {
    ""k"": ""tissue_sam_ss_dpl145"",
    ""v"": ""whole body""
  }, {
    ""k"": ""primary_search"",
    ""v"": ""16054439""
  }, {
    ""k"": ""primary_search"",
    ""v"": ""661322""
  }, {
    ""k"": ""primary_search"",
    ""v"": ""prjna661322""
  }, {
    ""k"": ""primary_search"",
    ""v"": ""qr-2-25d-notreat_s204_l007_r1_001.fastq.gz""
  }, {
    ""k"": ""primary_search"",
    ""v"": ""samn16054439""
  }, {
    ""k"": ""primary_search"",
    ""v"": ""srp280012""
  }, {
    ""k"": ""primary_search"",
    ""v"": ""srr12584104""
  }, {
    ""k"": ""primary_search"",
    ""v"": ""srs7319354""
  }, {
    ""k"": ""primary_search"",
    ""v"": ""srx9071100""
  }, {
    ""k"": ""primary_search"",
    ""v"": ""bp0""
  }]
} {""bases"": 563634742, ""bytes"": 218018027, ""run_file_create_date"": ""2020-09-03t17:08:00.000z"", ""collection_date_sam"": [""2017-07-25""], ""isolate_sam_ss_dpl100"": [""not applicable""], ""isolation_source_sam"": [""greensboro, nc""], ""samples_numbers_sam"": 92, ""tissue_sam_ss_dpl145"": [""whole body""], ""primary_search"": ""16054439""}",,1
SRR12584110,RNA-Seq,UNIVERSITY OF NORTH CAROLINA AT GREENSBORO,public,SRX9071094,QR-1-25d-NoTreat-E11_S206_L008_R1_001.fastq.gz,Illumina HiSeq 2500,SINGLE,other,TRANSCRIPTOMIC,ILLUMINA,SRS7319348,SAMN16054434,Apis mellifera,SRP280012,2020-09-03 00:00:00.000000 UTC,PRJNA661322,173,NA,101,477,NA,QR-1-25d-NoTreat-E11_S206_L008_R1_001.fastq.gz,[Invertebrate],2017-07-25,USA,North America,[USA:Greensboro],[],[],[],"[fastq,run.zq,sra]","[gs,ncbi,s3]","[gs.us-east1,ncbi.public,s3.us-east-1]","{
  ""attributes"": [{
    ""k"": ""bases"",
    ""v"": ""477099053""
  }, {
    ""k"": ""bytes"",
    ""v"": ""182010201""
  }, {
    ""k"": ""run_file_create_date"",
    ""v"": ""2020-09-03T17:08:00.000Z""
  }, {
    ""k"": ""collection_date_sam"",
    ""v"": ""2017-07-25""
  }, {
    ""k"": ""isolate_sam_ss_dpl100"",
    ""v"": ""Not Applicable""
  }, {
    ""k"": ""isolation_source_sam"",
    ""v"": ""Greensboro, NC""
  }, {
    ""k"": ""samples_numbers_sam"",
    ""v"": ""87""
  }, {
    ""k"": ""tissue_sam_ss_dpl145"",
    ""v"": ""Whole Body""
  }, {
    ""k"": ""primary_search"",
    ""v"": ""16054434""
  }, {
    ""k"": ""primary_search"",
    ""v"": ""661322""
  }, {
    ""k"": ""primary_search"",
    ""v"": ""PRJNA661322""
  }, {
    ""k"": ""primary_search"",
    ""v"": ""QR-1-25d-NoTreat-E11_S206_L008_R1_001.fastq.gz""
  }, {
    ""k"": ""primary_search"",
    ""v"": ""SAMN16054434""
  }, {
    ""k"": ""primary_search"",
    ""v"": ""SRP280012""
  }, {
    ""k"": ""primary_search"",
    ""v"": ""SRR12584110""
  }, {
    ""k"": ""primary_search"",
    ""v"": ""SRS7319348""
  }, {
    ""k"": ""primary_search"",
    ""v"": ""SRX9071094""
  }, {
    ""k"": ""primary_search"",
    ""v"": ""bp0""
  }]
}",1,"{""bases"": 477099053, ""bytes"": 182010201, ""run_file_create_date"": ""2020-09-03T17:08:00.000Z"", ""collection_date_sam"": [""2017-07-25""], ""isolate_sam_ss_dpl100"": [""Not Applicable""], ""isolation_source_sam"": [""Greensboro, NC""], ""samples_numbers_sam"": 87, ""tissue_sam_ss_dpl145"": [""Whole Body""], ""primary_search"": ""16054434""}","srr12584110 rna-seq university of north carolina at greensboro public srx9071094 qr-1-25d-notreat-e11_s206_l008_r1_001.fastq.gz illumina hiseq 2500 single other transcriptomic illumina srs7319348 samn16054434 apis mellifera srp280012 2020-09-03 00:00:00.000000 utc prjna661322 qr-1-25d-notreat-e11_s206_l008_r1_001.fastq.gz [invertebrate] 2017-07-25 usa north america [usa:greensboro] [] [] [] [fastq,run.zq,sra] [gs,ncbi,s3] [gs.us-east1,ncbi.public,s3.us-east-1] {
  ""attributes"": [{
    ""k"": ""bases"",
    ""v"": ""477099053""
  }, {
    ""k"": ""bytes"",
    ""v"": ""182010201""
  }, {
    ""k"": ""run_file_create_date"",
    ""v"": ""2020-09-03t17:08:00.000z""
  }, {
    ""k"": ""collection_date_sam"",
    ""v"": ""2017-07-25""
  }, {
    ""k"": ""isolate_sam_ss_dpl100"",
    ""v"": ""not applicable""
  }, {
    ""k"": ""isolation_source_sam"",
    ""v"": ""greensboro, nc""
  }, {
    ""k"": ""samples_numbers_sam"",
    ""v"": ""87""
  }, {
    ""k"": ""tissue_sam_ss_dpl145"",
    ""v"": ""whole body""
  }, {
    ""k"": ""primary_search"",
    ""v"": ""16054434""
  }, {
    ""k"": ""primary_search"",
    ""v"": ""661322""
  }, {
    ""k"": ""primary_search"",
    ""v"": ""prjna661322""
  }, {
    ""k"": ""primary_search"",
    ""v"": ""qr-1-25d-notreat-e11_s206_l008_r1_001.fastq.gz""
  }, {
    ""k"": ""primary_search"",
    ""v"": ""samn16054434""
  }, {
    ""k"": ""primary_search"",
    ""v"": ""srp280012""
  }, {
    ""k"": ""primary_search"",
    ""v"": ""srr12584110""
  }, {
    ""k"": ""primary_search"",
    ""v"": ""srs7319348""
  }, {
    ""k"": ""primary_search"",
    ""v"": ""srx9071094""
  }, {
    ""k"": ""primary_search"",
    ""v"": ""bp0""
  }]
} {""bases"": 477099053, ""bytes"": 182010201, ""run_file_create_date"": ""2020-09-03t17:08:00.000z"", ""collection_date_sam"": [""2017-07-25""], ""isolate_sam_ss_dpl100"": [""not applicable""], ""isolation_source_sam"": [""greensboro, nc""], ""samples_numbers_sam"": 87, ""tissue_sam_ss_dpl145"": [""whole body""], ""primary_search"": ""16054434""}",,1
SRR12584111,RNA-Seq,UNIVERSITY OF NORTH CAROLINA AT GREENSBORO,public,SRX9071093,QR-1-25d-NoTreat-E11_S206_L007_R1_001.fastq.gz,Illumina HiSeq 2500,SINGLE,other,TRANSCRIPTOMIC,ILLUMINA,SRS7319347,SAMN16054433,Apis mellifera,SRP280012,2020-09-03 00:00:00.000000 UTC,PRJNA661322,171,NA,101,472,NA,QR-1-25d-NoTreat-E11_S206_L007_R1_001.fastq.gz,[Invertebrate],2017-07-25,USA,North America,[USA:Greensboro],[],[],[],"[fastq,run.zq,sra]","[gs,ncbi,s3]","[gs.us-east1,ncbi.public,s3.us-east-1]","{
  ""attributes"": [{
    ""k"": ""bases"",
    ""v"": ""472216612""
  }, {
    ""k"": ""bytes"",
    ""v"": ""179678793""
  }, {
    ""k"": ""run_file_create_date"",
    ""v"": ""2020-09-03T17:07:00.000Z""
  }, {
    ""k"": ""collection_date_sam"",
    ""v"": ""2017-07-25""
  }, {
    ""k"": ""isolate_sam_ss_dpl100"",
    ""v"": ""Not Applicable""
  }, {
    ""k"": ""isolation_source_sam"",
    ""v"": ""Greensboro, NC""
  }, {
    ""k"": ""samples_numbers_sam"",
    ""v"": ""86""
  }, {
    ""k"": ""tissue_sam_ss_dpl145"",
    ""v"": ""Whole Body""
  }, {
    ""k"": ""primary_search"",
    ""v"": ""16054433""
  }, {
    ""k"": ""primary_search"",
    ""v"": ""661322""
  }, {
    ""k"": ""primary_search"",
    ""v"": ""PRJNA661322""
  }, {
    ""k"": ""primary_search"",
    ""v"": ""QR-1-25d-NoTreat-E11_S206_L007_R1_001.fastq.gz""
  }, {
    ""k"": ""primary_search"",
    ""v"": ""SAMN16054433""
  }, {
    ""k"": ""primary_search"",
    ""v"": ""SRP280012""
  }, {
    ""k"": ""primary_search"",
    ""v"": ""SRR12584111""
  }, {
    ""k"": ""primary_search"",
    ""v"": ""SRS7319347""
  }, {
    ""k"": ""primary_search"",
    ""v"": ""SRX9071093""
  }, {
    ""k"": ""primary_search"",
    ""v"": ""bp0""
  }]
}",1,"{""bases"": 472216612, ""bytes"": 179678793, ""run_file_create_date"": ""2020-09-03T17:07:00.000Z"", ""collection_date_sam"": [""2017-07-25""], ""isolate_sam_ss_dpl100"": [""Not Applicable""], ""isolation_source_sam"": [""Greensboro, NC""], ""samples_numbers_sam"": 86, ""tissue_sam_ss_dpl145"": [""Whole Body""], ""primary_search"": ""16054433""}","srr12584111 rna-seq university of north carolina at greensboro public srx9071093 qr-1-25d-notreat-e11_s206_l007_r1_001.fastq.gz illumina hiseq 2500 single other transcriptomic illumina srs7319347 samn16054433 apis mellifera srp280012 2020-09-03 00:00:00.000000 utc prjna661322 qr-1-25d-notreat-e11_s206_l007_r1_001.fastq.gz [invertebrate] 2017-07-25 usa north america [usa:greensboro] [] [] [] [fastq,run.zq,sra] [gs,ncbi,s3] [gs.us-east1,ncbi.public,s3.us-east-1] {
  ""attributes"": [{
    ""k"": ""bases"",
    ""v"": ""472216612""
  }, {
    ""k"": ""bytes"",
    ""v"": ""179678793""
  }, {
    ""k"": ""run_file_create_date"",
    ""v"": ""2020-09-03t17:07:00.000z""
  }, {
    ""k"": ""collection_date_sam"",
    ""v"": ""2017-07-25""
  }, {
    ""k"": ""isolate_sam_ss_dpl100"",
    ""v"": ""not applicable""
  }, {
    ""k"": ""isolation_source_sam"",
    ""v"": ""greensboro, nc""
  }, {
    ""k"": ""samples_numbers_sam"",
    ""v"": ""86""
  }, {
    ""k"": ""tissue_sam_ss_dpl145"",
    ""v"": ""whole body""
  }, {
    ""k"": ""primary_search"",
    ""v"": ""16054433""
  }, {
    ""k"": ""primary_search"",
    ""v"": ""661322""
  }, {
    ""k"": ""primary_search"",
    ""v"": ""prjna661322""
  }, {
    ""k"": ""primary_search"",
    ""v"": ""qr-1-25d-notreat-e11_s206_l007_r1_001.fastq.gz""
  }, {
    ""k"": ""primary_search"",
    ""v"": ""samn16054433""
  }, {
    ""k"": ""primary_search"",
    ""v"": ""srp280012""
  }, {
    ""k"": ""primary_search"",
    ""v"": ""srr12584111""
  }, {
    ""k"": ""primary_search"",
    ""v"": ""srs7319347""
  }, {
    ""k"": ""primary_search"",
    ""v"": ""srx9071093""
  }, {
    ""k"": ""primary_search"",
    ""v"": ""bp0""
  }]
} {""bases"": 472216612, ""bytes"": 179678793, ""run_file_create_date"": ""2020-09-03t17:07:00.000z"", ""collection_date_sam"": [""2017-07-25""], ""isolate_sam_ss_dpl100"": [""not applicable""], ""isolation_source_sam"": [""greensboro, nc""], ""samples_numbers_sam"": 86, ""tissue_sam_ss_dpl145"": [""whole body""], ""primary_search"": ""16054433""}",,1
SRR12584136,RNA-Seq,UNIVERSITY OF NORTH CAROLINA AT GREENSBORO,public,SRX9071068,QL-L-25d-PostParaquat-24h_S158_L008_R1_001.fastq.gz,Illumina HiSeq 2500,SINGLE,other,TRANSCRIPTOMIC,ILLUMINA,SRS7319322,SAMN16054410,Apis mellifera,SRP280012,2020-09-03 00:00:00.000000 UTC,PRJNA661322,121,NA,101,341,NA,QL-L-25d-PostParaquat-24h_S158_L008_R1_001.fastq.gz,[Invertebrate],2017-07-25,USA,North America,[USA:Greensboro],[],[],[],"[fastq,run.zq,sra]","[gs,ncbi,s3]","[gs.us-east1,ncbi.public,s3.us-east-1]","{
  ""attributes"": [{
    ""k"": ""bases"",
    ""v"": ""341660477""
  }, {
    ""k"": ""bytes"",
    ""v"": ""127428024""
  }, {
    ""k"": ""run_file_create_date"",
    ""v"": ""2020-09-03T17:07:00.000Z""
  }, {
    ""k"": ""collection_date_sam"",
    ""v"": ""2017-07-25""
  }, {
    ""k"": ""isolate_sam_ss_dpl100"",
    ""v"": ""Not Applicable""
  }, {
    ""k"": ""isolation_source_sam"",
    ""v"": ""Greensboro, NC""
  }, {
    ""k"": ""samples_numbers_sam"",
    ""v"": ""63""
  }, {
    ""k"": ""tissue_sam_ss_dpl145"",
    ""v"": ""Whole Body""
  }, {
    ""k"": ""primary_search"",
    ""v"": ""16054410""
  }, {
    ""k"": ""primary_search"",
    ""v"": ""661322""
  }, {
    ""k"": ""primary_search"",
    ""v"": ""PRJNA661322""
  }, {
    ""k"": ""primary_search"",
    ""v"": ""QL-L-25d-PostParaquat-24h_S158_L008_R1_001.fastq.gz""
  }, {
    ""k"": ""primary_search"",
    ""v"": ""SAMN16054410""
  }, {
    ""k"": ""primary_search"",
    ""v"": ""SRP280012""
  }, {
    ""k"": ""primary_search"",
    ""v"": ""SRR12584136""
  }, {
    ""k"": ""primary_search"",
    ""v"": ""SRS7319322""
  }, {
    ""k"": ""primary_search"",
    ""v"": ""SRX9071068""
  }, {
    ""k"": ""primary_search"",
    ""v"": ""bp0""
  }]
}",1,"{""bases"": 341660477, ""bytes"": 127428024, ""run_file_create_date"": ""2020-09-03T17:07:00.000Z"", ""collection_date_sam"": [""2017-07-25""], ""isolate_sam_ss_dpl100"": [""Not Applicable""], ""isolation_source_sam"": [""Greensboro, NC""], ""samples_numbers_sam"": 63, ""tissue_sam_ss_dpl145"": [""Whole Body""], ""primary_search"": ""16054410""}","srr12584136 rna-seq university of north carolina at greensboro public srx9071068 ql-l-25d-postparaquat-24h_s158_l008_r1_001.fastq.gz illumina hiseq 2500 single other transcriptomic illumina srs7319322 samn16054410 apis mellifera srp280012 2020-09-03 00:00:00.000000 utc prjna661322 ql-l-25d-postparaquat-24h_s158_l008_r1_001.fastq.gz [invertebrate] 2017-07-25 usa north america [usa:greensboro] [] [] [] [fastq,run.zq,sra] [gs,ncbi,s3] [gs.us-east1,ncbi.public,s3.us-east-1] {
  ""attributes"": [{
    ""k"": ""bases"",
    ""v"": ""341660477""
  }, {
    ""k"": ""bytes"",
    ""v"": ""127428024""
  }, {
    ""k"": ""run_file_create_date"",
    ""v"": ""2020-09-03t17:07:00.000z""
  }, {
    ""k"": ""collection_date_sam"",
    ""v"": ""2017-07-25""
  }, {
    ""k"": ""isolate_sam_ss_dpl100"",
    ""v"": ""not applicable""
  }, {
    ""k"": ""isolation_source_sam"",
    ""v"": ""greensboro, nc""
  }, {
    ""k"": ""samples_numbers_sam"",
    ""v"": ""63""
  }, {
    ""k"": ""tissue_sam_ss_dpl145"",
    ""v"": ""whole body""
  }, {
    ""k"": ""primary_search"",
    ""v"": ""16054410""
  }, {
    ""k"": ""primary_search"",
    ""v"": ""661322""
  }, {
    ""k"": ""primary_search"",
    ""v"": ""prjna661322""
  }, {
    ""k"": ""primary_search"",
    ""v"": ""ql-l-25d-postparaquat-24h_s158_l008_r1_001.fastq.gz""
  }, {
    ""k"": ""primary_search"",
    ""v"": ""samn16054410""
  }, {
    ""k"": ""primary_search"",
    ""v"": ""srp280012""
  }, {
    ""k"": ""primary_search"",
    ""v"": ""srr12584136""
  }, {
    ""k"": ""primary_search"",
    ""v"": ""srs7319322""
  }, {
    ""k"": ""primary_search"",
    ""v"": ""srx9071068""
  }, {
    ""k"": ""primary_search"",
    ""v"": ""bp0""
  }]
} {""bases"": 341660477, ""bytes"": 127428024, ""run_file_create_date"": ""2020-09-03t17:07:00.000z"", ""collection_date_sam"": [""2017-07-25""], ""isolate_sam_ss_dpl100"": [""not applicable""], ""isolation_source_sam"": [""greensboro, nc""], ""samples_numbers_sam"": 63, ""tissue_sam_ss_dpl145"": [""whole body""], ""primary_search"": ""16054410""}",,1
SRR12584101,RNA-Seq,UNIVERSITY OF NORTH CAROLINA AT GREENSBORO,public,SRX9071103,QR-3-25d-NoTreat_S203_L007_R1_001.fastq.gz,Illumina HiSeq 2500,SINGLE,other,TRANSCRIPTOMIC,ILLUMINA,SRS7319357,SAMN16054442,Apis mellifera,SRP280012,2020-09-03 00:00:00.000000 UTC,PRJNA661322,179,NA,101,492,NA,QR-3-25d-NoTreat_S203_L007_R1_001.fastq.gz,[Invertebrate],2017-07-25,USA,North America,[USA:Greensboro],[],[],[],"[fastq,run.zq,sra]","[gs,ncbi,s3]","[gs.us-east1,ncbi.public,s3.us-east-1]","{
  ""attributes"": [{
    ""k"": ""bases"",
    ""v"": ""492401563""
  }, {
    ""k"": ""bytes"",
    ""v"": ""188451901""
  }, {
    ""k"": ""run_file_create_date"",
    ""v"": ""2020-09-03T17:08:00.000Z""
  }, {
    ""k"": ""collection_date_sam"",
    ""v"": ""2017-07-25""
  }, {
    ""k"": ""isolate_sam_ss_dpl100"",
    ""v"": ""Not Applicable""
  }, {
    ""k"": ""isolation_source_sam"",
    ""v"": ""Greensboro, NC""
  }, {
    ""k"": ""samples_numbers_sam"",
    ""v"": ""95""
  }, {
    ""k"": ""tissue_sam_ss_dpl145"",
    ""v"": ""Whole Body""
  }, {
    ""k"": ""primary_search"",
    ""v"": ""16054442""
  }, {
    ""k"": ""primary_search"",
    ""v"": ""661322""
  }, {
    ""k"": ""primary_search"",
    ""v"": ""PRJNA661322""
  }, {
    ""k"": ""primary_search"",
    ""v"": ""QR-3-25d-NoTreat_S203_L007_R1_001.fastq.gz""
  }, {
    ""k"": ""primary_search"",
    ""v"": ""SAMN16054442""
  }, {
    ""k"": ""primary_search"",
    ""v"": ""SRP280012""
  }, {
    ""k"": ""primary_search"",
    ""v"": ""SRR12584101""
  }, {
    ""k"": ""primary_search"",
    ""v"": ""SRS7319357""
  }, {
    ""k"": ""primary_search"",
    ""v"": ""SRX9071103""
  }, {
    ""k"": ""primary_search"",
    ""v"": ""bp0""
  }]
}",1,"{""bases"": 492401563, ""bytes"": 188451901, ""run_file_create_date"": ""2020-09-03T17:08:00.000Z"", ""collection_date_sam"": [""2017-07-25""], ""isolate_sam_ss_dpl100"": [""Not Applicable""], ""isolation_source_sam"": [""Greensboro, NC""], ""samples_numbers_sam"": 95, ""tissue_sam_ss_dpl145"": [""Whole Body""], ""primary_search"": ""16054442""}","srr12584101 rna-seq university of north carolina at greensboro public srx9071103 qr-3-25d-notreat_s203_l007_r1_001.fastq.gz illumina hiseq 2500 single other transcriptomic illumina srs7319357 samn16054442 apis mellifera srp280012 2020-09-03 00:00:00.000000 utc prjna661322 qr-3-25d-notreat_s203_l007_r1_001.fastq.gz [invertebrate] 2017-07-25 usa north america [usa:greensboro] [] [] [] [fastq,run.zq,sra] [gs,ncbi,s3] [gs.us-east1,ncbi.public,s3.us-east-1] {
  ""attributes"": [{
    ""k"": ""bases"",
    ""v"": ""492401563""
  }, {
    ""k"": ""bytes"",
    ""v"": ""188451901""
  }, {
    ""k"": ""run_file_create_date"",
    ""v"": ""2020-09-03t17:08:00.000z""
  }, {
    ""k"": ""collection_date_sam"",
    ""v"": ""2017-07-25""
  }, {
    ""k"": ""isolate_sam_ss_dpl100"",
    ""v"": ""not applicable""
  }, {
    ""k"": ""isolation_source_sam"",
    ""v"": ""greensboro, nc""
  }, {
    ""k"": ""samples_numbers_sam"",
    ""v"": ""95""
  }, {
    ""k"": ""tissue_sam_ss_dpl145"",
    ""v"": ""whole body""
  }, {
    ""k"": ""primary_search"",
    ""v"": ""16054442""
  }, {
    ""k"": ""primary_search"",
    ""v"": ""661322""
  }, {
    ""k"": ""primary_search"",
    ""v"": ""prjna661322""
  }, {
    ""k"": ""primary_search"",
    ""v"": ""qr-3-25d-notreat_s203_l007_r1_001.fastq.gz""
  }, {
    ""k"": ""primary_search"",
    ""v"": ""samn16054442""
  }, {
    ""k"": ""primary_search"",
    ""v"": ""srp280012""
  }, {
    ""k"": ""primary_search"",
    ""v"": ""srr12584101""
  }, {
    ""k"": ""primary_search"",
    ""v"": ""srs7319357""
  }, {
    ""k"": ""primary_search"",
    ""v"": ""srx9071103""
  }, {
    ""k"": ""primary_search"",
    ""v"": ""bp0""
  }]
} {""bases"": 492401563, ""bytes"": 188451901, ""run_file_create_date"": ""2020-09-03t17:08:00.000z"", ""collection_date_sam"": [""2017-07-25""], ""isolate_sam_ss_dpl100"": [""not applicable""], ""isolation_source_sam"": [""greensboro, nc""], ""samples_numbers_sam"": 95, ""tissue_sam_ss_dpl145"": [""whole body""], ""primary_search"": ""16054442""}",,1
SRR12584137,RNA-Seq,UNIVERSITY OF NORTH CAROLINA AT GREENSBORO,public,SRX9071067,QL-L-25d-PostParaquat-24h_S158_L007_R1_001.fastq.gz,Illumina HiSeq 2500,SINGLE,other,TRANSCRIPTOMIC,ILLUMINA,SRS7319321,SAMN16054409,Apis mellifera,SRP280012,2020-09-03 00:00:00.000000 UTC,PRJNA661322,124,NA,101,350,NA,QL-L-25d-PostParaquat-24h_S158_L007_R1_001.fastq.gz,[Invertebrate],2017-07-25,USA,North America,[USA:Greensboro],[],[],[],"[fastq,run.zq,sra]","[gs,ncbi,s3]","[gs.us-east1,ncbi.public,s3.us-east-1]","{
  ""attributes"": [{
    ""k"": ""bases"",
    ""v"": ""350463132""
  }, {
    ""k"": ""bytes"",
    ""v"": ""130582991""
  }, {
    ""k"": ""run_file_create_date"",
    ""v"": ""2020-09-03T17:07:00.000Z""
  }, {
    ""k"": ""collection_date_sam"",
    ""v"": ""2017-07-25""
  }, {
    ""k"": ""isolate_sam_ss_dpl100"",
    ""v"": ""Not Applicable""
  }, {
    ""k"": ""isolation_source_sam"",
    ""v"": ""Greensboro, NC""
  }, {
    ""k"": ""samples_numbers_sam"",
    ""v"": ""62""
  }, {
    ""k"": ""tissue_sam_ss_dpl145"",
    ""v"": ""Whole Body""
  }, {
    ""k"": ""primary_search"",
    ""v"": ""16054409""
  }, {
    ""k"": ""primary_search"",
    ""v"": ""661322""
  }, {
    ""k"": ""primary_search"",
    ""v"": ""PRJNA661322""
  }, {
    ""k"": ""primary_search"",
    ""v"": ""QL-L-25d-PostParaquat-24h_S158_L007_R1_001.fastq.gz""
  }, {
    ""k"": ""primary_search"",
    ""v"": ""SAMN16054409""
  }, {
    ""k"": ""primary_search"",
    ""v"": ""SRP280012""
  }, {
    ""k"": ""primary_search"",
    ""v"": ""SRR12584137""
  }, {
    ""k"": ""primary_search"",
    ""v"": ""SRS7319321""
  }, {
    ""k"": ""primary_search"",
    ""v"": ""SRX9071067""
  }, {
    ""k"": ""primary_search"",
    ""v"": ""bp0""
  }]
}",1,"{""bases"": 350463132, ""bytes"": 130582991, ""run_file_create_date"": ""2020-09-03T17:07:00.000Z"", ""collection_date_sam"": [""2017-07-25""], ""isolate_sam_ss_dpl100"": [""Not Applicable""], ""isolation_source_sam"": [""Greensboro, NC""], ""samples_numbers_sam"": 62, ""tissue_sam_ss_dpl145"": [""Whole Body""], ""primary_search"": ""16054409""}","srr12584137 rna-seq university of north carolina at greensboro public srx9071067 ql-l-25d-postparaquat-24h_s158_l007_r1_001.fastq.gz illumina hiseq 2500 single other transcriptomic illumina srs7319321 samn16054409 apis mellifera srp280012 2020-09-03 00:00:00.000000 utc prjna661322 ql-l-25d-postparaquat-24h_s158_l007_r1_001.fastq.gz [invertebrate] 2017-07-25 usa north america [usa:greensboro] [] [] [] [fastq,run.zq,sra] [gs,ncbi,s3] [gs.us-east1,ncbi.public,s3.us-east-1] {
  ""attributes"": [{
    ""k"": ""bases"",
    ""v"": ""350463132""
  }, {
    ""k"": ""bytes"",
    ""v"": ""130582991""
  }, {
    ""k"": ""run_file_create_date"",
    ""v"": ""2020-09-03t17:07:00.000z""
  }, {
    ""k"": ""collection_date_sam"",
    ""v"": ""2017-07-25""
  }, {
    ""k"": ""isolate_sam_ss_dpl100"",
    ""v"": ""not applicable""
  }, {
    ""k"": ""isolation_source_sam"",
    ""v"": ""greensboro, nc""
  }, {
    ""k"": ""samples_numbers_sam"",
    ""v"": ""62""
  }, {
    ""k"": ""tissue_sam_ss_dpl145"",
    ""v"": ""whole body""
  }, {
    ""k"": ""primary_search"",
    ""v"": ""16054409""
  }, {
    ""k"": ""primary_search"",
    ""v"": ""661322""
  }, {
    ""k"": ""primary_search"",
    ""v"": ""prjna661322""
  }, {
    ""k"": ""primary_search"",
    ""v"": ""ql-l-25d-postparaquat-24h_s158_l007_r1_001.fastq.gz""
  }, {
    ""k"": ""primary_search"",
    ""v"": ""samn16054409""
  }, {
    ""k"": ""primary_search"",
    ""v"": ""srp280012""
  }, {
    ""k"": ""primary_search"",
    ""v"": ""srr12584137""
  }, {
    ""k"": ""primary_search"",
    ""v"": ""srs7319321""
  }, {
    ""k"": ""primary_search"",
    ""v"": ""srx9071067""
  }, {
    ""k"": ""primary_search"",
    ""v"": ""bp0""
  }]
} {""bases"": 350463132, ""bytes"": 130582991, ""run_file_create_date"": ""2020-09-03t17:07:00.000z"", ""collection_date_sam"": [""2017-07-25""], ""isolate_sam_ss_dpl100"": [""not applicable""], ""isolation_source_sam"": [""greensboro, nc""], ""samples_numbers_sam"": 62, ""tissue_sam_ss_dpl145"": [""whole body""], ""primary_search"": ""16054409""}",,1
SRR12584130,RNA-Seq,UNIVERSITY OF NORTH CAROLINA AT GREENSBORO,public,SRX9071074,QL-N-25d-PostParaquat-24h_S151_L008_R1_001.fastq.gz,Illumina HiSeq 2500,SINGLE,other,TRANSCRIPTOMIC,ILLUMINA,SRS7319328,SAMN16054416,Apis mellifera,SRP280012,2020-09-03 00:00:00.000000 UTC,PRJNA661322,86,NA,101,235,NA,QL-N-25d-PostParaquat-24h_S151_L008_R1_001.fastq.gz,[Invertebrate],2017-07-25,USA,North America,[USA:Greensboro],[],[],[],"[fastq,run.zq,sra]","[gs,ncbi,s3]","[gs.us-east1,ncbi.public,s3.us-east-1]","{
  ""attributes"": [{
    ""k"": ""bases"",
    ""v"": ""235424536""
  }, {
    ""k"": ""bytes"",
    ""v"": ""90957252""
  }, {
    ""k"": ""run_file_create_date"",
    ""v"": ""2020-09-03T17:07:00.000Z""
  }, {
    ""k"": ""collection_date_sam"",
    ""v"": ""2017-07-25""
  }, {
    ""k"": ""isolate_sam_ss_dpl100"",
    ""v"": ""Not Applicable""
  }, {
    ""k"": ""isolation_source_sam"",
    ""v"": ""Greensboro, NC""
  }, {
    ""k"": ""samples_numbers_sam"",
    ""v"": ""69""
  }, {
    ""k"": ""tissue_sam_ss_dpl145"",
    ""v"": ""Whole Body""
  }, {
    ""k"": ""primary_search"",
    ""v"": ""16054416""
  }, {
    ""k"": ""primary_search"",
    ""v"": ""661322""
  }, {
    ""k"": ""primary_search"",
    ""v"": ""PRJNA661322""
  }, {
    ""k"": ""primary_search"",
    ""v"": ""QL-N-25d-PostParaquat-24h_S151_L008_R1_001.fastq.gz""
  }, {
    ""k"": ""primary_search"",
    ""v"": ""SAMN16054416""
  }, {
    ""k"": ""primary_search"",
    ""v"": ""SRP280012""
  }, {
    ""k"": ""primary_search"",
    ""v"": ""SRR12584130""
  }, {
    ""k"": ""primary_search"",
    ""v"": ""SRS7319328""
  }, {
    ""k"": ""primary_search"",
    ""v"": ""SRX9071074""
  }, {
    ""k"": ""primary_search"",
    ""v"": ""bp0""
  }]
}",1,"{""bases"": 235424536, ""bytes"": 90957252, ""run_file_create_date"": ""2020-09-03T17:07:00.000Z"", ""collection_date_sam"": [""2017-07-25""], ""isolate_sam_ss_dpl100"": [""Not Applicable""], ""isolation_source_sam"": [""Greensboro, NC""], ""samples_numbers_sam"": 69, ""tissue_sam_ss_dpl145"": [""Whole Body""], ""primary_search"": ""16054416""}","srr12584130 rna-seq university of north carolina at greensboro public srx9071074 ql-n-25d-postparaquat-24h_s151_l008_r1_001.fastq.gz illumina hiseq 2500 single other transcriptomic illumina srs7319328 samn16054416 apis mellifera srp280012 2020-09-03 00:00:00.000000 utc prjna661322 ql-n-25d-postparaquat-24h_s151_l008_r1_001.fastq.gz [invertebrate] 2017-07-25 usa north america [usa:greensboro] [] [] [] [fastq,run.zq,sra] [gs,ncbi,s3] [gs.us-east1,ncbi.public,s3.us-east-1] {
  ""attributes"": [{
    ""k"": ""bases"",
    ""v"": ""235424536""
  }, {
    ""k"": ""bytes"",
    ""v"": ""90957252""
  }, {
    ""k"": ""run_file_create_date"",
    ""v"": ""2020-09-03t17:07:00.000z""
  }, {
    ""k"": ""collection_date_sam"",
    ""v"": ""2017-07-25""
  }, {
    ""k"": ""isolate_sam_ss_dpl100"",
    ""v"": ""not applicable""
  }, {
    ""k"": ""isolation_source_sam"",
    ""v"": ""greensboro, nc""
  }, {
    ""k"": ""samples_numbers_sam"",
    ""v"": ""69""
  }, {
    ""k"": ""tissue_sam_ss_dpl145"",
    ""v"": ""whole body""
  }, {
    ""k"": ""primary_search"",
    ""v"": ""16054416""
  }, {
    ""k"": ""primary_search"",
    ""v"": ""661322""
  }, {
    ""k"": ""primary_search"",
    ""v"": ""prjna661322""
  }, {
    ""k"": ""primary_search"",
    ""v"": ""ql-n-25d-postparaquat-24h_s151_l008_r1_001.fastq.gz""
  }, {
    ""k"": ""primary_search"",
    ""v"": ""samn16054416""
  }, {
    ""k"": ""primary_search"",
    ""v"": ""srp280012""
  }, {
    ""k"": ""primary_search"",
    ""v"": ""srr12584130""
  }, {
    ""k"": ""primary_search"",
    ""v"": ""srs7319328""
  }, {
    ""k"": ""primary_search"",
    ""v"": ""srx9071074""
  }, {
    ""k"": ""primary_search"",
    ""v"": ""bp0""
  }]
} {""bases"": 235424536, ""bytes"": 90957252, ""run_file_create_date"": ""2020-09-03t17:07:00.000z"", ""collection_date_sam"": [""2017-07-25""], ""isolate_sam_ss_dpl100"": [""not applicable""], ""isolation_source_sam"": [""greensboro, nc""], ""samples_numbers_sam"": 69, ""tissue_sam_ss_dpl145"": [""whole body""], ""primary_search"": ""16054416""}",,1
SRR12584140,RNA-Seq,UNIVERSITY OF NORTH CAROLINA AT GREENSBORO,public,SRX9071064,QL-K-25d-PostParaquat-24h_S162_L008_R1_001.fastq.gz,Illumina HiSeq 2500,SINGLE,other,TRANSCRIPTOMIC,ILLUMINA,SRS7319318,SAMN16054407,Apis mellifera,SRP280012,2020-09-03 00:00:00.000000 UTC,PRJNA661322,113,NA,101,300,NA,QL-K-25d-PostParaquat-24h_S162_L008_R1_001.fastq.gz,[Invertebrate],2017-07-25,USA,North America,[USA:Greensboro],[],[],[],"[fastq,run.zq,sra]","[gs,ncbi,s3]","[gs.us-east1,ncbi.public,s3.us-east-1]","{
  ""attributes"": [{
    ""k"": ""bases"",
    ""v"": ""300692958""
  }, {
    ""k"": ""bytes"",
    ""v"": ""119154371""
  }, {
    ""k"": ""run_file_create_date"",
    ""v"": ""2020-09-03T17:07:00.000Z""
  }, {
    ""k"": ""collection_date_sam"",
    ""v"": ""2017-07-25""
  }, {
    ""k"": ""isolate_sam_ss_dpl100"",
    ""v"": ""Not Applicable""
  }, {
    ""k"": ""isolation_source_sam"",
    ""v"": ""Greensboro, NC""
  }, {
    ""k"": ""samples_numbers_sam"",
    ""v"": ""60""
  }, {
    ""k"": ""tissue_sam_ss_dpl145"",
    ""v"": ""Whole Body""
  }, {
    ""k"": ""primary_search"",
    ""v"": ""16054407""
  }, {
    ""k"": ""primary_search"",
    ""v"": ""661322""
  }, {
    ""k"": ""primary_search"",
    ""v"": ""PRJNA661322""
  }, {
    ""k"": ""primary_search"",
    ""v"": ""QL-K-25d-PostParaquat-24h_S162_L008_R1_001.fastq.gz""
  }, {
    ""k"": ""primary_search"",
    ""v"": ""SAMN16054407""
  }, {
    ""k"": ""primary_search"",
    ""v"": ""SRP280012""
  }, {
    ""k"": ""primary_search"",
    ""v"": ""SRR12584140""
  }, {
    ""k"": ""primary_search"",
    ""v"": ""SRS7319318""
  }, {
    ""k"": ""primary_search"",
    ""v"": ""SRX9071064""
  }, {
    ""k"": ""primary_search"",
    ""v"": ""bp0""
  }]
}",1,"{""bases"": 300692958, ""bytes"": 119154371, ""run_file_create_date"": ""2020-09-03T17:07:00.000Z"", ""collection_date_sam"": [""2017-07-25""], ""isolate_sam_ss_dpl100"": [""Not Applicable""], ""isolation_source_sam"": [""Greensboro, NC""], ""samples_numbers_sam"": 60, ""tissue_sam_ss_dpl145"": [""Whole Body""], ""primary_search"": ""16054407""}","srr12584140 rna-seq university of north carolina at greensboro public srx9071064 ql-k-25d-postparaquat-24h_s162_l008_r1_001.fastq.gz illumina hiseq 2500 single other transcriptomic illumina srs7319318 samn16054407 apis mellifera srp280012 2020-09-03 00:00:00.000000 utc prjna661322 ql-k-25d-postparaquat-24h_s162_l008_r1_001.fastq.gz [invertebrate] 2017-07-25 usa north america [usa:greensboro] [] [] [] [fastq,run.zq,sra] [gs,ncbi,s3] [gs.us-east1,ncbi.public,s3.us-east-1] {
  ""attributes"": [{
    ""k"": ""bases"",
    ""v"": ""300692958""
  }, {
    ""k"": ""bytes"",
    ""v"": ""119154371""
  }, {
    ""k"": ""run_file_create_date"",
    ""v"": ""2020-09-03t17:07:00.000z""
  }, {
    ""k"": ""collection_date_sam"",
    ""v"": ""2017-07-25""
  }, {
    ""k"": ""isolate_sam_ss_dpl100"",
    ""v"": ""not applicable""
  }, {
    ""k"": ""isolation_source_sam"",
    ""v"": ""greensboro, nc""
  }, {
    ""k"": ""samples_numbers_sam"",
    ""v"": ""60""
  }, {
    ""k"": ""tissue_sam_ss_dpl145"",
    ""v"": ""whole body""
  }, {
    ""k"": ""primary_search"",
    ""v"": ""16054407""
  }, {
    ""k"": ""primary_search"",
    ""v"": ""661322""
  }, {
    ""k"": ""primary_search"",
    ""v"": ""prjna661322""
  }, {
    ""k"": ""primary_search"",
    ""v"": ""ql-k-25d-postparaquat-24h_s162_l008_r1_001.fastq.gz""
  }, {
    ""k"": ""primary_search"",
    ""v"": ""samn16054407""
  }, {
    ""k"": ""primary_search"",
    ""v"": ""srp280012""
  }, {
    ""k"": ""primary_search"",
    ""v"": ""srr12584140""
  }, {
    ""k"": ""primary_search"",
    ""v"": ""srs7319318""
  }, {
    ""k"": ""primary_search"",
    ""v"": ""srx9071064""
  }, {
    ""k"": ""primary_search"",
    ""v"": ""bp0""
  }]
} {""bases"": 300692958, ""bytes"": 119154371, ""run_file_create_date"": ""2020-09-03t17:07:00.000z"", ""collection_date_sam"": [""2017-07-25""], ""isolate_sam_ss_dpl100"": [""not applicable""], ""isolation_source_sam"": [""greensboro, nc""], ""samples_numbers_sam"": 60, ""tissue_sam_ss_dpl145"": [""whole body""], ""primary_search"": ""16054407""}",,1
SRR12584246,RNA-Seq,UNIVERSITY OF NORTH CAROLINA AT GREENSBORO,public,SRX9070958,QR-A-25d-PostPBS-24h_S200_L007_R1_001.fastq.gz,Illumina HiSeq 2500,SINGLE,other,TRANSCRIPTOMIC,ILLUMINA,SRS7319212,SAMN16054451,Apis mellifera,SRP280012,2020-09-03 00:00:00.000000 UTC,PRJNA661322,97,NA,101,280,NA,QR-A-25d-PostPBS-24h_S200_L007_R1_001.fastq.gz,[Invertebrate],2017-07-25,USA,North America,[USA:Greensboro],[],[],[],"[fastq,run.zq,sra]","[gs,ncbi,s3]","[gs.us-east1,ncbi.public,s3.us-east-1]","{
  ""attributes"": [{
    ""k"": ""bases"",
    ""v"": ""280489524""
  }, {
    ""k"": ""bytes"",
    ""v"": ""102488261""
  }, {
    ""k"": ""run_file_create_date"",
    ""v"": ""2020-09-03T17:08:00.000Z""
  }, {
    ""k"": ""collection_date_sam"",
    ""v"": ""2017-07-25""
  }, {
    ""k"": ""isolate_sam_ss_dpl100"",
    ""v"": ""Not Applicable""
  }, {
    ""k"": ""isolation_source_sam"",
    ""v"": ""Greensboro, NC""
  }, {
    ""k"": ""samples_numbers_sam"",
    ""v"": ""104""
  }, {
    ""k"": ""tissue_sam_ss_dpl145"",
    ""v"": ""Whole Body""
  }, {
    ""k"": ""primary_search"",
    ""v"": ""16054451""
  }, {
    ""k"": ""primary_search"",
    ""v"": ""661322""
  }, {
    ""k"": ""primary_search"",
    ""v"": ""PRJNA661322""
  }, {
    ""k"": ""primary_search"",
    ""v"": ""QR-A-25d-PostPBS-24h_S200_L007_R1_001.fastq.gz""
  }, {
    ""k"": ""primary_search"",
    ""v"": ""SAMN16054451""
  }, {
    ""k"": ""primary_search"",
    ""v"": ""SRP280012""
  }, {
    ""k"": ""primary_search"",
    ""v"": ""SRR12584246""
  }, {
    ""k"": ""primary_search"",
    ""v"": ""SRS7319212""
  }, {
    ""k"": ""primary_search"",
    ""v"": ""SRX9070958""
  }, {
    ""k"": ""primary_search"",
    ""v"": ""bp0""
  }]
}",1,"{""bases"": 280489524, ""bytes"": 102488261, ""run_file_create_date"": ""2020-09-03T17:08:00.000Z"", ""collection_date_sam"": [""2017-07-25""], ""isolate_sam_ss_dpl100"": [""Not Applicable""], ""isolation_source_sam"": [""Greensboro, NC""], ""samples_numbers_sam"": 104, ""tissue_sam_ss_dpl145"": [""Whole Body""], ""primary_search"": ""16054451""}","srr12584246 rna-seq university of north carolina at greensboro public srx9070958 qr-a-25d-postpbs-24h_s200_l007_r1_001.fastq.gz illumina hiseq 2500 single other transcriptomic illumina srs7319212 samn16054451 apis mellifera srp280012 2020-09-03 00:00:00.000000 utc prjna661322 qr-a-25d-postpbs-24h_s200_l007_r1_001.fastq.gz [invertebrate] 2017-07-25 usa north america [usa:greensboro] [] [] [] [fastq,run.zq,sra] [gs,ncbi,s3] [gs.us-east1,ncbi.public,s3.us-east-1] {
  ""attributes"": [{
    ""k"": ""bases"",
    ""v"": ""280489524""
  }, {
    ""k"": ""bytes"",
    ""v"": ""102488261""
  }, {
    ""k"": ""run_file_create_date"",
    ""v"": ""2020-09-03t17:08:00.000z""
  }, {
    ""k"": ""collection_date_sam"",
    ""v"": ""2017-07-25""
  }, {
    ""k"": ""isolate_sam_ss_dpl100"",
    ""v"": ""not applicable""
  }, {
    ""k"": ""isolation_source_sam"",
    ""v"": ""greensboro, nc""
  }, {
    ""k"": ""samples_numbers_sam"",
    ""v"": ""104""
  }, {
    ""k"": ""tissue_sam_ss_dpl145"",
    ""v"": ""whole body""
  }, {
    ""k"": ""primary_search"",
    ""v"": ""16054451""
  }, {
    ""k"": ""primary_search"",
    ""v"": ""661322""
  }, {
    ""k"": ""primary_search"",
    ""v"": ""prjna661322""
  }, {
    ""k"": ""primary_search"",
    ""v"": ""qr-a-25d-postpbs-24h_s200_l007_r1_001.fastq.gz""
  }, {
    ""k"": ""primary_search"",
    ""v"": ""samn16054451""
  }, {
    ""k"": ""primary_search"",
    ""v"": ""srp280012""
  }, {
    ""k"": ""primary_search"",
    ""v"": ""srr12584246""
  }, {
    ""k"": ""primary_search"",
    ""v"": ""srs7319212""
  }, {
    ""k"": ""primary_search"",
    ""v"": ""srx9070958""
  }, {
    ""k"": ""primary_search"",
    ""v"": ""bp0""
  }]
} {""bases"": 280489524, ""bytes"": 102488261, ""run_file_create_date"": ""2020-09-03t17:08:00.000z"", ""collection_date_sam"": [""2017-07-25""], ""isolate_sam_ss_dpl100"": [""not applicable""], ""isolation_source_sam"": [""greensboro, nc""], ""samples_numbers_sam"": 104, ""tissue_sam_ss_dpl145"": [""whole body""], ""primary_search"": ""16054451""}",,1
SRR12584131,RNA-Seq,UNIVERSITY OF NORTH CAROLINA AT GREENSBORO,public,SRX9071073,QL-N-25d-PostParaquat-24h_S151_L007_R1_001.fastq.gz,Illumina HiSeq 2500,SINGLE,other,TRANSCRIPTOMIC,ILLUMINA,SRS7319327,SAMN16054415,Apis mellifera,SRP280012,2020-09-03 00:00:00.000000 UTC,PRJNA661322,88,NA,101,239,NA,QL-N-25d-PostParaquat-24h_S151_L007_R1_001.fastq.gz,[Invertebrate],2017-07-25,USA,North America,[USA:Greensboro],[],[],[],"[fastq,run.zq,sra]","[gs,ncbi,s3]","[gs.us-east1,ncbi.public,s3.us-east-1]","{
  ""attributes"": [{
    ""k"": ""bases"",
    ""v"": ""239631691""
  }, {
    ""k"": ""bytes"",
    ""v"": ""92410672""
  }, {
    ""k"": ""run_file_create_date"",
    ""v"": ""2020-09-03T17:07:00.000Z""
  }, {
    ""k"": ""collection_date_sam"",
    ""v"": ""2017-07-25""
  }, {
    ""k"": ""isolate_sam_ss_dpl100"",
    ""v"": ""Not Applicable""
  }, {
    ""k"": ""isolation_source_sam"",
    ""v"": ""Greensboro, NC""
  }, {
    ""k"": ""samples_numbers_sam"",
    ""v"": ""68""
  }, {
    ""k"": ""tissue_sam_ss_dpl145"",
    ""v"": ""Whole Body""
  }, {
    ""k"": ""primary_search"",
    ""v"": ""16054415""
  }, {
    ""k"": ""primary_search"",
    ""v"": ""661322""
  }, {
    ""k"": ""primary_search"",
    ""v"": ""PRJNA661322""
  }, {
    ""k"": ""primary_search"",
    ""v"": ""QL-N-25d-PostParaquat-24h_S151_L007_R1_001.fastq.gz""
  }, {
    ""k"": ""primary_search"",
    ""v"": ""SAMN16054415""
  }, {
    ""k"": ""primary_search"",
    ""v"": ""SRP280012""
  }, {
    ""k"": ""primary_search"",
    ""v"": ""SRR12584131""
  }, {
    ""k"": ""primary_search"",
    ""v"": ""SRS7319327""
  }, {
    ""k"": ""primary_search"",
    ""v"": ""SRX9071073""
  }, {
    ""k"": ""primary_search"",
    ""v"": ""bp0""
  }]
}",1,"{""bases"": 239631691, ""bytes"": 92410672, ""run_file_create_date"": ""2020-09-03T17:07:00.000Z"", ""collection_date_sam"": [""2017-07-25""], ""isolate_sam_ss_dpl100"": [""Not Applicable""], ""isolation_source_sam"": [""Greensboro, NC""], ""samples_numbers_sam"": 68, ""tissue_sam_ss_dpl145"": [""Whole Body""], ""primary_search"": ""16054415""}","srr12584131 rna-seq university of north carolina at greensboro public srx9071073 ql-n-25d-postparaquat-24h_s151_l007_r1_001.fastq.gz illumina hiseq 2500 single other transcriptomic illumina srs7319327 samn16054415 apis mellifera srp280012 2020-09-03 00:00:00.000000 utc prjna661322 ql-n-25d-postparaquat-24h_s151_l007_r1_001.fastq.gz [invertebrate] 2017-07-25 usa north america [usa:greensboro] [] [] [] [fastq,run.zq,sra] [gs,ncbi,s3] [gs.us-east1,ncbi.public,s3.us-east-1] {
  ""attributes"": [{
    ""k"": ""bases"",
    ""v"": ""239631691""
  }, {
    ""k"": ""bytes"",
    ""v"": ""92410672""
  }, {
    ""k"": ""run_file_create_date"",
    ""v"": ""2020-09-03t17:07:00.000z""
  }, {
    ""k"": ""collection_date_sam"",
    ""v"": ""2017-07-25""
  }, {
    ""k"": ""isolate_sam_ss_dpl100"",
    ""v"": ""not applicable""
  }, {
    ""k"": ""isolation_source_sam"",
    ""v"": ""greensboro, nc""
  }, {
    ""k"": ""samples_numbers_sam"",
    ""v"": ""68""
  }, {
    ""k"": ""tissue_sam_ss_dpl145"",
    ""v"": ""whole body""
  }, {
    ""k"": ""primary_search"",
    ""v"": ""16054415""
  }, {
    ""k"": ""primary_search"",
    ""v"": ""661322""
  }, {
    ""k"": ""primary_search"",
    ""v"": ""prjna661322""
  }, {
    ""k"": ""primary_search"",
    ""v"": ""ql-n-25d-postparaquat-24h_s151_l007_r1_001.fastq.gz""
  }, {
    ""k"": ""primary_search"",
    ""v"": ""samn16054415""
  }, {
    ""k"": ""primary_search"",
    ""v"": ""srp280012""
  }, {
    ""k"": ""primary_search"",
    ""v"": ""srr12584131""
  }, {
    ""k"": ""primary_search"",
    ""v"": ""srs7319327""
  }, {
    ""k"": ""primary_search"",
    ""v"": ""srx9071073""
  }, {
    ""k"": ""primary_search"",
    ""v"": ""bp0""
  }]
} {""bases"": 239631691, ""bytes"": 92410672, ""run_file_create_date"": ""2020-09-03t17:07:00.000z"", ""collection_date_sam"": [""2017-07-25""], ""isolate_sam_ss_dpl100"": [""not applicable""], ""isolation_source_sam"": [""greensboro, nc""], ""samples_numbers_sam"": 68, ""tissue_sam_ss_dpl145"": [""whole body""], ""primary_search"": ""16054415""}",,1
SRR12584194,RNA-Seq,UNIVERSITY OF NORTH CAROLINA AT GREENSBORO,public,SRX9071010,QR-K-25d-PostParaquat-24h_S184_L006_R1_001.fastq.gz,Illumina HiSeq 2500,SINGLE,other,TRANSCRIPTOMIC,ILLUMINA,SRS7319264,SAMN16054498,Apis mellifera,SRP280012,2020-09-03 00:00:00.000000 UTC,PRJNA661322,174,NA,101,472,NA,QR-K-25d-PostParaquat-24h_S184_L006_R1_001.fastq.gz,[Invertebrate],2017-07-25,USA,North America,[USA:Greensboro],[],[],[],"[fastq,run.zq,sra]","[gs,ncbi,s3]","[gs.us-east1,ncbi.public,s3.us-east-1]","{
  ""attributes"": [{
    ""k"": ""bases"",
    ""v"": ""472822915""
  }, {
    ""k"": ""bytes"",
    ""v"": ""183256229""
  }, {
    ""k"": ""run_file_create_date"",
    ""v"": ""2020-09-03T17:08:00.000Z""
  }, {
    ""k"": ""collection_date_sam"",
    ""v"": ""2017-07-25""
  }, {
    ""k"": ""isolate_sam_ss_dpl100"",
    ""v"": ""Not Applicable""
  }, {
    ""k"": ""isolation_source_sam"",
    ""v"": ""Greensboro, NC""
  }, {
    ""k"": ""samples_numbers_sam"",
    ""v"": ""151""
  }, {
    ""k"": ""tissue_sam_ss_dpl145"",
    ""v"": ""Whole Body""
  }, {
    ""k"": ""primary_search"",
    ""v"": ""16054498""
  }, {
    ""k"": ""primary_search"",
    ""v"": ""661322""
  }, {
    ""k"": ""primary_search"",
    ""v"": ""PRJNA661322""
  }, {
    ""k"": ""primary_search"",
    ""v"": ""QR-K-25d-PostParaquat-24h_S184_L006_R1_001.fastq.gz""
  }, {
    ""k"": ""primary_search"",
    ""v"": ""SAMN16054498""
  }, {
    ""k"": ""primary_search"",
    ""v"": ""SRP280012""
  }, {
    ""k"": ""primary_search"",
    ""v"": ""SRR12584194""
  }, {
    ""k"": ""primary_search"",
    ""v"": ""SRS7319264""
  }, {
    ""k"": ""primary_search"",
    ""v"": ""SRX9071010""
  }, {
    ""k"": ""primary_search"",
    ""v"": ""bp0""
  }]
}",1,"{""bases"": 472822915, ""bytes"": 183256229, ""run_file_create_date"": ""2020-09-03T17:08:00.000Z"", ""collection_date_sam"": [""2017-07-25""], ""isolate_sam_ss_dpl100"": [""Not Applicable""], ""isolation_source_sam"": [""Greensboro, NC""], ""samples_numbers_sam"": 151, ""tissue_sam_ss_dpl145"": [""Whole Body""], ""primary_search"": ""16054498""}","srr12584194 rna-seq university of north carolina at greensboro public srx9071010 qr-k-25d-postparaquat-24h_s184_l006_r1_001.fastq.gz illumina hiseq 2500 single other transcriptomic illumina srs7319264 samn16054498 apis mellifera srp280012 2020-09-03 00:00:00.000000 utc prjna661322 qr-k-25d-postparaquat-24h_s184_l006_r1_001.fastq.gz [invertebrate] 2017-07-25 usa north america [usa:greensboro] [] [] [] [fastq,run.zq,sra] [gs,ncbi,s3] [gs.us-east1,ncbi.public,s3.us-east-1] {
  ""attributes"": [{
    ""k"": ""bases"",
    ""v"": ""472822915""
  }, {
    ""k"": ""bytes"",
    ""v"": ""183256229""
  }, {
    ""k"": ""run_file_create_date"",
    ""v"": ""2020-09-03t17:08:00.000z""
  }, {
    ""k"": ""collection_date_sam"",
    ""v"": ""2017-07-25""
  }, {
    ""k"": ""isolate_sam_ss_dpl100"",
    ""v"": ""not applicable""
  }, {
    ""k"": ""isolation_source_sam"",
    ""v"": ""greensboro, nc""
  }, {
    ""k"": ""samples_numbers_sam"",
    ""v"": ""151""
  }, {
    ""k"": ""tissue_sam_ss_dpl145"",
    ""v"": ""whole body""
  }, {
    ""k"": ""primary_search"",
    ""v"": ""16054498""
  }, {
    ""k"": ""primary_search"",
    ""v"": ""661322""
  }, {
    ""k"": ""primary_search"",
    ""v"": ""prjna661322""
  }, {
    ""k"": ""primary_search"",
    ""v"": ""qr-k-25d-postparaquat-24h_s184_l006_r1_001.fastq.gz""
  }, {
    ""k"": ""primary_search"",
    ""v"": ""samn16054498""
  }, {
    ""k"": ""primary_search"",
    ""v"": ""srp280012""
  }, {
    ""k"": ""primary_search"",
    ""v"": ""srr12584194""
  }, {
    ""k"": ""primary_search"",
    ""v"": ""srs7319264""
  }, {
    ""k"": ""primary_search"",
    ""v"": ""srx9071010""
  }, {
    ""k"": ""primary_search"",
    ""v"": ""bp0""
  }]
} {""bases"": 472822915, ""bytes"": 183256229, ""run_file_create_date"": ""2020-09-03t17:08:00.000z"", ""collection_date_sam"": [""2017-07-25""], ""isolate_sam_ss_dpl100"": [""not applicable""], ""isolation_source_sam"": [""greensboro, nc""], ""samples_numbers_sam"": 151, ""tissue_sam_ss_dpl145"": [""whole body""], ""primary_search"": ""16054498""}",,1
SRR12584174,RNA-Seq,UNIVERSITY OF NORTH CAROLINA AT GREENSBORO,public,SRX9071030,QL-B-25d-PostPBS-24h_S160_L007_R1_001.fastq.gz,Illumina HiSeq 2500,SINGLE,other,TRANSCRIPTOMIC,ILLUMINA,SRS7319284,SAMN16054376,Apis mellifera,SRP280012,2020-09-03 00:00:00.000000 UTC,PRJNA661322,125,NA,101,339,NA,QL-B-25d-PostPBS-24h_S160_L007_R1_001.fastq.gz,[Invertebrate],2017-07-25,USA,North America,[USA:Greensboro],[],[],[],"[fastq,run.zq,sra]","[gs,ncbi,s3]","[gs.us-east1,ncbi.public,s3.us-east-1]","{
  ""attributes"": [{
    ""k"": ""bases"",
    ""v"": ""339044779""
  }, {
    ""k"": ""bytes"",
    ""v"": ""132089880""
  }, {
    ""k"": ""run_file_create_date"",
    ""v"": ""2020-09-03T17:08:00.000Z""
  }, {
    ""k"": ""collection_date_sam"",
    ""v"": ""2017-07-25""
  }, {
    ""k"": ""isolate_sam_ss_dpl100"",
    ""v"": ""Not Applicable""
  }, {
    ""k"": ""isolation_source_sam"",
    ""v"": ""Greensboro, NC""
  }, {
    ""k"": ""samples_numbers_sam"",
    ""v"": ""29""
  }, {
    ""k"": ""tissue_sam_ss_dpl145"",
    ""v"": ""Whole Body""
  }, {
    ""k"": ""primary_search"",
    ""v"": ""16054376""
  }, {
    ""k"": ""primary_search"",
    ""v"": ""661322""
  }, {
    ""k"": ""primary_search"",
    ""v"": ""PRJNA661322""
  }, {
    ""k"": ""primary_search"",
    ""v"": ""QL-B-25d-PostPBS-24h_S160_L007_R1_001.fastq.gz""
  }, {
    ""k"": ""primary_search"",
    ""v"": ""SAMN16054376""
  }, {
    ""k"": ""primary_search"",
    ""v"": ""SRP280012""
  }, {
    ""k"": ""primary_search"",
    ""v"": ""SRR12584174""
  }, {
    ""k"": ""primary_search"",
    ""v"": ""SRS7319284""
  }, {
    ""k"": ""primary_search"",
    ""v"": ""SRX9071030""
  }, {
    ""k"": ""primary_search"",
    ""v"": ""bp0""
  }]
}",1,"{""bases"": 339044779, ""bytes"": 132089880, ""run_file_create_date"": ""2020-09-03T17:08:00.000Z"", ""collection_date_sam"": [""2017-07-25""], ""isolate_sam_ss_dpl100"": [""Not Applicable""], ""isolation_source_sam"": [""Greensboro, NC""], ""samples_numbers_sam"": 29, ""tissue_sam_ss_dpl145"": [""Whole Body""], ""primary_search"": ""16054376""}","srr12584174 rna-seq university of north carolina at greensboro public srx9071030 ql-b-25d-postpbs-24h_s160_l007_r1_001.fastq.gz illumina hiseq 2500 single other transcriptomic illumina srs7319284 samn16054376 apis mellifera srp280012 2020-09-03 00:00:00.000000 utc prjna661322 ql-b-25d-postpbs-24h_s160_l007_r1_001.fastq.gz [invertebrate] 2017-07-25 usa north america [usa:greensboro] [] [] [] [fastq,run.zq,sra] [gs,ncbi,s3] [gs.us-east1,ncbi.public,s3.us-east-1] {
  ""attributes"": [{
    ""k"": ""bases"",
    ""v"": ""339044779""
  }, {
    ""k"": ""bytes"",
    ""v"": ""132089880""
  }, {
    ""k"": ""run_file_create_date"",
    ""v"": ""2020-09-03t17:08:00.000z""
  }, {
    ""k"": ""collection_date_sam"",
    ""v"": ""2017-07-25""
  }, {
    ""k"": ""isolate_sam_ss_dpl100"",
    ""v"": ""not applicable""
  }, {
    ""k"": ""isolation_source_sam"",
    ""v"": ""greensboro, nc""
  }, {
    ""k"": ""samples_numbers_sam"",
    ""v"": ""29""
  }, {
    ""k"": ""tissue_sam_ss_dpl145"",
    ""v"": ""whole body""
  }, {
    ""k"": ""primary_search"",
    ""v"": ""16054376""
  }, {
    ""k"": ""primary_search"",
    ""v"": ""661322""
  }, {
    ""k"": ""primary_search"",
    ""v"": ""prjna661322""
  }, {
    ""k"": ""primary_search"",
    ""v"": ""ql-b-25d-postpbs-24h_s160_l007_r1_001.fastq.gz""
  }, {
    ""k"": ""primary_search"",
    ""v"": ""samn16054376""
  }, {
    ""k"": ""primary_search"",
    ""v"": ""srp280012""
  }, {
    ""k"": ""primary_search"",
    ""v"": ""srr12584174""
  }, {
    ""k"": ""primary_search"",
    ""v"": ""srs7319284""
  }, {
    ""k"": ""primary_search"",
    ""v"": ""srx9071030""
  }, {
    ""k"": ""primary_search"",
    ""v"": ""bp0""
  }]
} {""bases"": 339044779, ""bytes"": 132089880, ""run_file_create_date"": ""2020-09-03t17:08:00.000z"", ""collection_date_sam"": [""2017-07-25""], ""isolate_sam_ss_dpl100"": [""not applicable""], ""isolation_source_sam"": [""greensboro, nc""], ""samples_numbers_sam"": 29, ""tissue_sam_ss_dpl145"": [""whole body""], ""primary_search"": ""16054376""}",,1
SRR12584113,RNA-Seq,UNIVERSITY OF NORTH CAROLINA AT GREENSBORO,public,SRX9071091,QL-S-25d-PostParaquat-24h_S148_L008_R1_001.fastq.gz,Illumina HiSeq 2500,SINGLE,other,TRANSCRIPTOMIC,ILLUMINA,SRS7319345,SAMN16054431,Apis mellifera,SRP280012,2020-09-03 00:00:00.000000 UTC,PRJNA661322,86,NA,101,227,NA,QL-S-25d-PostParaquat-24h_S148_L008_R1_001.fastq.gz,[Invertebrate],2017-07-25,USA,North America,[USA:Greensboro],[],[],[],"[fastq,run.zq,sra]","[gs,ncbi,s3]","[gs.us-east1,ncbi.public,s3.us-east-1]","{
  ""attributes"": [{
    ""k"": ""bases"",
    ""v"": ""227703389""
  }, {
    ""k"": ""bytes"",
    ""v"": ""90749979""
  }, {
    ""k"": ""run_file_create_date"",
    ""v"": ""2020-09-03T17:07:00.000Z""
  }, {
    ""k"": ""collection_date_sam"",
    ""v"": ""2017-07-25""
  }, {
    ""k"": ""isolate_sam_ss_dpl100"",
    ""v"": ""Not Applicable""
  }, {
    ""k"": ""isolation_source_sam"",
    ""v"": ""Greensboro, NC""
  }, {
    ""k"": ""samples_numbers_sam"",
    ""v"": ""84""
  }, {
    ""k"": ""tissue_sam_ss_dpl145"",
    ""v"": ""Whole Body""
  }, {
    ""k"": ""primary_search"",
    ""v"": ""16054431""
  }, {
    ""k"": ""primary_search"",
    ""v"": ""661322""
  }, {
    ""k"": ""primary_search"",
    ""v"": ""PRJNA661322""
  }, {
    ""k"": ""primary_search"",
    ""v"": ""QL-S-25d-PostParaquat-24h_S148_L008_R1_001.fastq.gz""
  }, {
    ""k"": ""primary_search"",
    ""v"": ""SAMN16054431""
  }, {
    ""k"": ""primary_search"",
    ""v"": ""SRP280012""
  }, {
    ""k"": ""primary_search"",
    ""v"": ""SRR12584113""
  }, {
    ""k"": ""primary_search"",
    ""v"": ""SRS7319345""
  }, {
    ""k"": ""primary_search"",
    ""v"": ""SRX9071091""
  }, {
    ""k"": ""primary_search"",
    ""v"": ""bp0""
  }]
}",1,"{""bases"": 227703389, ""bytes"": 90749979, ""run_file_create_date"": ""2020-09-03T17:07:00.000Z"", ""collection_date_sam"": [""2017-07-25""], ""isolate_sam_ss_dpl100"": [""Not Applicable""], ""isolation_source_sam"": [""Greensboro, NC""], ""samples_numbers_sam"": 84, ""tissue_sam_ss_dpl145"": [""Whole Body""], ""primary_search"": ""16054431""}","srr12584113 rna-seq university of north carolina at greensboro public srx9071091 ql-s-25d-postparaquat-24h_s148_l008_r1_001.fastq.gz illumina hiseq 2500 single other transcriptomic illumina srs7319345 samn16054431 apis mellifera srp280012 2020-09-03 00:00:00.000000 utc prjna661322 ql-s-25d-postparaquat-24h_s148_l008_r1_001.fastq.gz [invertebrate] 2017-07-25 usa north america [usa:greensboro] [] [] [] [fastq,run.zq,sra] [gs,ncbi,s3] [gs.us-east1,ncbi.public,s3.us-east-1] {
  ""attributes"": [{
    ""k"": ""bases"",
    ""v"": ""227703389""
  }, {
    ""k"": ""bytes"",
    ""v"": ""90749979""
  }, {
    ""k"": ""run_file_create_date"",
    ""v"": ""2020-09-03t17:07:00.000z""
  }, {
    ""k"": ""collection_date_sam"",
    ""v"": ""2017-07-25""
  }, {
    ""k"": ""isolate_sam_ss_dpl100"",
    ""v"": ""not applicable""
  }, {
    ""k"": ""isolation_source_sam"",
    ""v"": ""greensboro, nc""
  }, {
    ""k"": ""samples_numbers_sam"",
    ""v"": ""84""
  }, {
    ""k"": ""tissue_sam_ss_dpl145"",
    ""v"": ""whole body""
  }, {
    ""k"": ""primary_search"",
    ""v"": ""16054431""
  }, {
    ""k"": ""primary_search"",
    ""v"": ""661322""
  }, {
    ""k"": ""primary_search"",
    ""v"": ""prjna661322""
  }, {
    ""k"": ""primary_search"",
    ""v"": ""ql-s-25d-postparaquat-24h_s148_l008_r1_001.fastq.gz""
  }, {
    ""k"": ""primary_search"",
    ""v"": ""samn16054431""
  }, {
    ""k"": ""primary_search"",
    ""v"": ""srp280012""
  }, {
    ""k"": ""primary_search"",
    ""v"": ""srr12584113""
  }, {
    ""k"": ""primary_search"",
    ""v"": ""srs7319345""
  }, {
    ""k"": ""primary_search"",
    ""v"": ""srx9071091""
  }, {
    ""k"": ""primary_search"",
    ""v"": ""bp0""
  }]
} {""bases"": 227703389, ""bytes"": 90749979, ""run_file_create_date"": ""2020-09-03t17:07:00.000z"", ""collection_date_sam"": [""2017-07-25""], ""isolate_sam_ss_dpl100"": [""not applicable""], ""isolation_source_sam"": [""greensboro, nc""], ""samples_numbers_sam"": 84, ""tissue_sam_ss_dpl145"": [""whole body""], ""primary_search"": ""16054431""}",,1
SRR12584192,RNA-Seq,UNIVERSITY OF NORTH CAROLINA AT GREENSBORO,public,SRX9071012,QR-K-25d-PostParaquat-24h_S184_L008_R1_001.fastq.gz,Illumina HiSeq 2500,SINGLE,other,TRANSCRIPTOMIC,ILLUMINA,SRS7319266,SAMN16054500,Apis mellifera,SRP280012,2020-09-03 00:00:00.000000 UTC,PRJNA661322,182,NA,101,495,NA,QR-K-25d-PostParaquat-24h_S184_L008_R1_001.fastq.gz,[Invertebrate],2017-07-25,USA,North America,[USA:Greensboro],[],[],[],"[fastq,run.zq,sra]","[gs,ncbi,s3]","[gs.us-east1,ncbi.public,s3.us-east-1]","{
  ""attributes"": [{
    ""k"": ""bases"",
    ""v"": ""495660934""
  }, {
    ""k"": ""bytes"",
    ""v"": ""191613637""
  }, {
    ""k"": ""run_file_create_date"",
    ""v"": ""2020-09-03T17:08:00.000Z""
  }, {
    ""k"": ""collection_date_sam"",
    ""v"": ""2017-07-25""
  }, {
    ""k"": ""isolate_sam_ss_dpl100"",
    ""v"": ""Not Applicable""
  }, {
    ""k"": ""isolation_source_sam"",
    ""v"": ""Greensboro, NC""
  }, {
    ""k"": ""samples_numbers_sam"",
    ""v"": ""153""
  }, {
    ""k"": ""tissue_sam_ss_dpl145"",
    ""v"": ""Whole Body""
  }, {
    ""k"": ""primary_search"",
    ""v"": ""16054500""
  }, {
    ""k"": ""primary_search"",
    ""v"": ""661322""
  }, {
    ""k"": ""primary_search"",
    ""v"": ""PRJNA661322""
  }, {
    ""k"": ""primary_search"",
    ""v"": ""QR-K-25d-PostParaquat-24h_S184_L008_R1_001.fastq.gz""
  }, {
    ""k"": ""primary_search"",
    ""v"": ""SAMN16054500""
  }, {
    ""k"": ""primary_search"",
    ""v"": ""SRP280012""
  }, {
    ""k"": ""primary_search"",
    ""v"": ""SRR12584192""
  }, {
    ""k"": ""primary_search"",
    ""v"": ""SRS7319266""
  }, {
    ""k"": ""primary_search"",
    ""v"": ""SRX9071012""
  }, {
    ""k"": ""primary_search"",
    ""v"": ""bp0""
  }]
}",1,"{""bases"": 495660934, ""bytes"": 191613637, ""run_file_create_date"": ""2020-09-03T17:08:00.000Z"", ""collection_date_sam"": [""2017-07-25""], ""isolate_sam_ss_dpl100"": [""Not Applicable""], ""isolation_source_sam"": [""Greensboro, NC""], ""samples_numbers_sam"": 153, ""tissue_sam_ss_dpl145"": [""Whole Body""], ""primary_search"": ""16054500""}","srr12584192 rna-seq university of north carolina at greensboro public srx9071012 qr-k-25d-postparaquat-24h_s184_l008_r1_001.fastq.gz illumina hiseq 2500 single other transcriptomic illumina srs7319266 samn16054500 apis mellifera srp280012 2020-09-03 00:00:00.000000 utc prjna661322 qr-k-25d-postparaquat-24h_s184_l008_r1_001.fastq.gz [invertebrate] 2017-07-25 usa north america [usa:greensboro] [] [] [] [fastq,run.zq,sra] [gs,ncbi,s3] [gs.us-east1,ncbi.public,s3.us-east-1] {
  ""attributes"": [{
    ""k"": ""bases"",
    ""v"": ""495660934""
  }, {
    ""k"": ""bytes"",
    ""v"": ""191613637""
  }, {
    ""k"": ""run_file_create_date"",
    ""v"": ""2020-09-03t17:08:00.000z""
  }, {
    ""k"": ""collection_date_sam"",
    ""v"": ""2017-07-25""
  }, {
    ""k"": ""isolate_sam_ss_dpl100"",
    ""v"": ""not applicable""
  }, {
    ""k"": ""isolation_source_sam"",
    ""v"": ""greensboro, nc""
  }, {
    ""k"": ""samples_numbers_sam"",
    ""v"": ""153""
  }, {
    ""k"": ""tissue_sam_ss_dpl145"",
    ""v"": ""whole body""
  }, {
    ""k"": ""primary_search"",
    ""v"": ""16054500""
  }, {
    ""k"": ""primary_search"",
    ""v"": ""661322""
  }, {
    ""k"": ""primary_search"",
    ""v"": ""prjna661322""
  }, {
    ""k"": ""primary_search"",
    ""v"": ""qr-k-25d-postparaquat-24h_s184_l008_r1_001.fastq.gz""
  }, {
    ""k"": ""primary_search"",
    ""v"": ""samn16054500""
  }, {
    ""k"": ""primary_search"",
    ""v"": ""srp280012""
  }, {
    ""k"": ""primary_search"",
    ""v"": ""srr12584192""
  }, {
    ""k"": ""primary_search"",
    ""v"": ""srs7319266""
  }, {
    ""k"": ""primary_search"",
    ""v"": ""srx9071012""
  }, {
    ""k"": ""primary_search"",
    ""v"": ""bp0""
  }]
} {""bases"": 495660934, ""bytes"": 191613637, ""run_file_create_date"": ""2020-09-03t17:08:00.000z"", ""collection_date_sam"": [""2017-07-25""], ""isolate_sam_ss_dpl100"": [""not applicable""], ""isolation_source_sam"": [""greensboro, nc""], ""samples_numbers_sam"": 153, ""tissue_sam_ss_dpl145"": [""whole body""], ""primary_search"": ""16054500""}",,1
SRR12584198,RNA-Seq,UNIVERSITY OF NORTH CAROLINA AT GREENSBORO,public,SRX9071006,QR-JJ-25d-NoTreat_S185_L006_R1_001.fastq.gz,Illumina HiSeq 2500,SINGLE,other,TRANSCRIPTOMIC,ILLUMINA,SRS7319260,SAMN16054495,Apis mellifera,SRP280012,2020-09-03 00:00:00.000000 UTC,PRJNA661322,139,NA,101,379,NA,QR-JJ-25d-NoTreat_S185_L006_R1_001.fastq.gz,[Invertebrate],2017-07-25,USA,North America,[USA:Greensboro],[],[],[],"[fastq,run.zq,sra]","[gs,ncbi,s3]","[gs.us-east1,ncbi.public,s3.us-east-1]","{
  ""attributes"": [{
    ""k"": ""bases"",
    ""v"": ""379620317""
  }, {
    ""k"": ""bytes"",
    ""v"": ""146701099""
  }, {
    ""k"": ""run_file_create_date"",
    ""v"": ""2020-09-03T17:08:00.000Z""
  }, {
    ""k"": ""collection_date_sam"",
    ""v"": ""2017-07-25""
  }, {
    ""k"": ""isolate_sam_ss_dpl100"",
    ""v"": ""Not Applicable""
  }, {
    ""k"": ""isolation_source_sam"",
    ""v"": ""Greensboro, NC""
  }, {
    ""k"": ""samples_numbers_sam"",
    ""v"": ""148""
  }, {
    ""k"": ""tissue_sam_ss_dpl145"",
    ""v"": ""Whole Body""
  }, {
    ""k"": ""primary_search"",
    ""v"": ""16054495""
  }, {
    ""k"": ""primary_search"",
    ""v"": ""661322""
  }, {
    ""k"": ""primary_search"",
    ""v"": ""PRJNA661322""
  }, {
    ""k"": ""primary_search"",
    ""v"": ""QR-JJ-25d-NoTreat_S185_L006_R1_001.fastq.gz""
  }, {
    ""k"": ""primary_search"",
    ""v"": ""SAMN16054495""
  }, {
    ""k"": ""primary_search"",
    ""v"": ""SRP280012""
  }, {
    ""k"": ""primary_search"",
    ""v"": ""SRR12584198""
  }, {
    ""k"": ""primary_search"",
    ""v"": ""SRS7319260""
  }, {
    ""k"": ""primary_search"",
    ""v"": ""SRX9071006""
  }, {
    ""k"": ""primary_search"",
    ""v"": ""bp0""
  }]
}",1,"{""bases"": 379620317, ""bytes"": 146701099, ""run_file_create_date"": ""2020-09-03T17:08:00.000Z"", ""collection_date_sam"": [""2017-07-25""], ""isolate_sam_ss_dpl100"": [""Not Applicable""], ""isolation_source_sam"": [""Greensboro, NC""], ""samples_numbers_sam"": 148, ""tissue_sam_ss_dpl145"": [""Whole Body""], ""primary_search"": ""16054495""}","srr12584198 rna-seq university of north carolina at greensboro public srx9071006 qr-jj-25d-notreat_s185_l006_r1_001.fastq.gz illumina hiseq 2500 single other transcriptomic illumina srs7319260 samn16054495 apis mellifera srp280012 2020-09-03 00:00:00.000000 utc prjna661322 qr-jj-25d-notreat_s185_l006_r1_001.fastq.gz [invertebrate] 2017-07-25 usa north america [usa:greensboro] [] [] [] [fastq,run.zq,sra] [gs,ncbi,s3] [gs.us-east1,ncbi.public,s3.us-east-1] {
  ""attributes"": [{
    ""k"": ""bases"",
    ""v"": ""379620317""
  }, {
    ""k"": ""bytes"",
    ""v"": ""146701099""
  }, {
    ""k"": ""run_file_create_date"",
    ""v"": ""2020-09-03t17:08:00.000z""
  }, {
    ""k"": ""collection_date_sam"",
    ""v"": ""2017-07-25""
  }, {
    ""k"": ""isolate_sam_ss_dpl100"",
    ""v"": ""not applicable""
  }, {
    ""k"": ""isolation_source_sam"",
    ""v"": ""greensboro, nc""
  }, {
    ""k"": ""samples_numbers_sam"",
    ""v"": ""148""
  }, {
    ""k"": ""tissue_sam_ss_dpl145"",
    ""v"": ""whole body""
  }, {
    ""k"": ""primary_search"",
    ""v"": ""16054495""
  }, {
    ""k"": ""primary_search"",
    ""v"": ""661322""
  }, {
    ""k"": ""primary_search"",
    ""v"": ""prjna661322""
  }, {
    ""k"": ""primary_search"",
    ""v"": ""qr-jj-25d-notreat_s185_l006_r1_001.fastq.gz""
  }, {
    ""k"": ""primary_search"",
    ""v"": ""samn16054495""
  }, {
    ""k"": ""primary_search"",
    ""v"": ""srp280012""
  }, {
    ""k"": ""primary_search"",
    ""v"": ""srr12584198""
  }, {
    ""k"": ""primary_search"",
    ""v"": ""srs7319260""
  }, {
    ""k"": ""primary_search"",
    ""v"": ""srx9071006""
  }, {
    ""k"": ""primary_search"",
    ""v"": ""bp0""
  }]
} {""bases"": 379620317, ""bytes"": 146701099, ""run_file_create_date"": ""2020-09-03t17:08:00.000z"", ""collection_date_sam"": [""2017-07-25""], ""isolate_sam_ss_dpl100"": [""not applicable""], ""isolation_source_sam"": [""greensboro, nc""], ""samples_numbers_sam"": 148, ""tissue_sam_ss_dpl145"": [""whole body""], ""primary_search"": ""16054495""}",,1
SRR12584277,RNA-Seq,UNIVERSITY OF NORTH CAROLINA AT GREENSBORO,public,SRX9070927,QR-O-25d-PostParaquat-24h_S180_L006_R1_001.fastq.gz,Illumina HiSeq 2500,SINGLE,other,TRANSCRIPTOMIC,ILLUMINA,SRS7319181,SAMN16054510,Apis mellifera,SRP280012,2020-09-03 00:00:00.000000 UTC,PRJNA661322,194,NA,101,514,NA,QR-O-25d-PostParaquat-24h_S180_L006_R1_001.fastq.gz,[Invertebrate],2017-07-25,USA,North America,[USA:Greensboro],[],[],[],"[fastq,run.zq,sra]","[gs,ncbi,s3]","[gs.us-east1,ncbi.public,s3.us-east-1]","{
  ""attributes"": [{
    ""k"": ""bases"",
    ""v"": ""514414109""
  }, {
    ""k"": ""bytes"",
    ""v"": ""203787425""
  }, {
    ""k"": ""run_file_create_date"",
    ""v"": ""2020-09-03T17:08:00.000Z""
  }, {
    ""k"": ""collection_date_sam"",
    ""v"": ""2017-07-25""
  }, {
    ""k"": ""isolate_sam_ss_dpl100"",
    ""v"": ""Not Applicable""
  }, {
    ""k"": ""isolation_source_sam"",
    ""v"": ""Greensboro, NC""
  }, {
    ""k"": ""samples_numbers_sam"",
    ""v"": ""163""
  }, {
    ""k"": ""tissue_sam_ss_dpl145"",
    ""v"": ""Whole Body""
  }, {
    ""k"": ""primary_search"",
    ""v"": ""16054510""
  }, {
    ""k"": ""primary_search"",
    ""v"": ""661322""
  }, {
    ""k"": ""primary_search"",
    ""v"": ""PRJNA661322""
  }, {
    ""k"": ""primary_search"",
    ""v"": ""QR-O-25d-PostParaquat-24h_S180_L006_R1_001.fastq.gz""
  }, {
    ""k"": ""primary_search"",
    ""v"": ""SAMN16054510""
  }, {
    ""k"": ""primary_search"",
    ""v"": ""SRP280012""
  }, {
    ""k"": ""primary_search"",
    ""v"": ""SRR12584277""
  }, {
    ""k"": ""primary_search"",
    ""v"": ""SRS7319181""
  }, {
    ""k"": ""primary_search"",
    ""v"": ""SRX9070927""
  }, {
    ""k"": ""primary_search"",
    ""v"": ""bp0""
  }]
}",1,"{""bases"": 514414109, ""bytes"": 203787425, ""run_file_create_date"": ""2020-09-03T17:08:00.000Z"", ""collection_date_sam"": [""2017-07-25""], ""isolate_sam_ss_dpl100"": [""Not Applicable""], ""isolation_source_sam"": [""Greensboro, NC""], ""samples_numbers_sam"": 163, ""tissue_sam_ss_dpl145"": [""Whole Body""], ""primary_search"": ""16054510""}","srr12584277 rna-seq university of north carolina at greensboro public srx9070927 qr-o-25d-postparaquat-24h_s180_l006_r1_001.fastq.gz illumina hiseq 2500 single other transcriptomic illumina srs7319181 samn16054510 apis mellifera srp280012 2020-09-03 00:00:00.000000 utc prjna661322 qr-o-25d-postparaquat-24h_s180_l006_r1_001.fastq.gz [invertebrate] 2017-07-25 usa north america [usa:greensboro] [] [] [] [fastq,run.zq,sra] [gs,ncbi,s3] [gs.us-east1,ncbi.public,s3.us-east-1] {
  ""attributes"": [{
    ""k"": ""bases"",
    ""v"": ""514414109""
  }, {
    ""k"": ""bytes"",
    ""v"": ""203787425""
  }, {
    ""k"": ""run_file_create_date"",
    ""v"": ""2020-09-03t17:08:00.000z""
  }, {
    ""k"": ""collection_date_sam"",
    ""v"": ""2017-07-25""
  }, {
    ""k"": ""isolate_sam_ss_dpl100"",
    ""v"": ""not applicable""
  }, {
    ""k"": ""isolation_source_sam"",
    ""v"": ""greensboro, nc""
  }, {
    ""k"": ""samples_numbers_sam"",
    ""v"": ""163""
  }, {
    ""k"": ""tissue_sam_ss_dpl145"",
    ""v"": ""whole body""
  }, {
    ""k"": ""primary_search"",
    ""v"": ""16054510""
  }, {
    ""k"": ""primary_search"",
    ""v"": ""661322""
  }, {
    ""k"": ""primary_search"",
    ""v"": ""prjna661322""
  }, {
    ""k"": ""primary_search"",
    ""v"": ""qr-o-25d-postparaquat-24h_s180_l006_r1_001.fastq.gz""
  }, {
    ""k"": ""primary_search"",
    ""v"": ""samn16054510""
  }, {
    ""k"": ""primary_search"",
    ""v"": ""srp280012""
  }, {
    ""k"": ""primary_search"",
    ""v"": ""srr12584277""
  }, {
    ""k"": ""primary_search"",
    ""v"": ""srs7319181""
  }, {
    ""k"": ""primary_search"",
    ""v"": ""srx9070927""
  }, {
    ""k"": ""primary_search"",
    ""v"": ""bp0""
  }]
} {""bases"": 514414109, ""bytes"": 203787425, ""run_file_create_date"": ""2020-09-03t17:08:00.000z"", ""collection_date_sam"": [""2017-07-25""], ""isolate_sam_ss_dpl100"": [""not applicable""], ""isolation_source_sam"": [""greensboro, nc""], ""samples_numbers_sam"": 163, ""tissue_sam_ss_dpl145"": [""whole body""], ""primary_search"": ""16054510""}",,1
SRR12584274,RNA-Seq,UNIVERSITY OF NORTH CAROLINA AT GREENSBORO,public,SRX9070930,QR-P-25d-PostParaquat-24h_S179_L006_R1_001.fastq.gz,Illumina HiSeq 2500,SINGLE,other,TRANSCRIPTOMIC,ILLUMINA,SRS7319184,SAMN16054513,Apis mellifera,SRP280012,2020-09-03 00:00:00.000000 UTC,PRJNA661322,132,NA,101,364,NA,QR-P-25d-PostParaquat-24h_S179_L006_R1_001.fastq.gz,[Invertebrate],2017-07-25,USA,North America,[USA:Greensboro],[],[],[],"[fastq,run.zq,sra]","[gs,ncbi,s3]","[gs.us-east1,ncbi.public,s3.us-east-1]","{
  ""attributes"": [{
    ""k"": ""bases"",
    ""v"": ""364642825""
  }, {
    ""k"": ""bytes"",
    ""v"": ""138569098""
  }, {
    ""k"": ""run_file_create_date"",
    ""v"": ""2020-09-03T17:08:00.000Z""
  }, {
    ""k"": ""collection_date_sam"",
    ""v"": ""2017-07-25""
  }, {
    ""k"": ""isolate_sam_ss_dpl100"",
    ""v"": ""Not Applicable""
  }, {
    ""k"": ""isolation_source_sam"",
    ""v"": ""Greensboro, NC""
  }, {
    ""k"": ""samples_numbers_sam"",
    ""v"": ""166""
  }, {
    ""k"": ""tissue_sam_ss_dpl145"",
    ""v"": ""Whole Body""
  }, {
    ""k"": ""primary_search"",
    ""v"": ""16054513""
  }, {
    ""k"": ""primary_search"",
    ""v"": ""661322""
  }, {
    ""k"": ""primary_search"",
    ""v"": ""PRJNA661322""
  }, {
    ""k"": ""primary_search"",
    ""v"": ""QR-P-25d-PostParaquat-24h_S179_L006_R1_001.fastq.gz""
  }, {
    ""k"": ""primary_search"",
    ""v"": ""SAMN16054513""
  }, {
    ""k"": ""primary_search"",
    ""v"": ""SRP280012""
  }, {
    ""k"": ""primary_search"",
    ""v"": ""SRR12584274""
  }, {
    ""k"": ""primary_search"",
    ""v"": ""SRS7319184""
  }, {
    ""k"": ""primary_search"",
    ""v"": ""SRX9070930""
  }, {
    ""k"": ""primary_search"",
    ""v"": ""bp0""
  }]
}",1,"{""bases"": 364642825, ""bytes"": 138569098, ""run_file_create_date"": ""2020-09-03T17:08:00.000Z"", ""collection_date_sam"": [""2017-07-25""], ""isolate_sam_ss_dpl100"": [""Not Applicable""], ""isolation_source_sam"": [""Greensboro, NC""], ""samples_numbers_sam"": 166, ""tissue_sam_ss_dpl145"": [""Whole Body""], ""primary_search"": ""16054513""}","srr12584274 rna-seq university of north carolina at greensboro public srx9070930 qr-p-25d-postparaquat-24h_s179_l006_r1_001.fastq.gz illumina hiseq 2500 single other transcriptomic illumina srs7319184 samn16054513 apis mellifera srp280012 2020-09-03 00:00:00.000000 utc prjna661322 qr-p-25d-postparaquat-24h_s179_l006_r1_001.fastq.gz [invertebrate] 2017-07-25 usa north america [usa:greensboro] [] [] [] [fastq,run.zq,sra] [gs,ncbi,s3] [gs.us-east1,ncbi.public,s3.us-east-1] {
  ""attributes"": [{
    ""k"": ""bases"",
    ""v"": ""364642825""
  }, {
    ""k"": ""bytes"",
    ""v"": ""138569098""
  }, {
    ""k"": ""run_file_create_date"",
    ""v"": ""2020-09-03t17:08:00.000z""
  }, {
    ""k"": ""collection_date_sam"",
    ""v"": ""2017-07-25""
  }, {
    ""k"": ""isolate_sam_ss_dpl100"",
    ""v"": ""not applicable""
  }, {
    ""k"": ""isolation_source_sam"",
    ""v"": ""greensboro, nc""
  }, {
    ""k"": ""samples_numbers_sam"",
    ""v"": ""166""
  }, {
    ""k"": ""tissue_sam_ss_dpl145"",
    ""v"": ""whole body""
  }, {
    ""k"": ""primary_search"",
    ""v"": ""16054513""
  }, {
    ""k"": ""primary_search"",
    ""v"": ""661322""
  }, {
    ""k"": ""primary_search"",
    ""v"": ""prjna661322""
  }, {
    ""k"": ""primary_search"",
    ""v"": ""qr-p-25d-postparaquat-24h_s179_l006_r1_001.fastq.gz""
  }, {
    ""k"": ""primary_search"",
    ""v"": ""samn16054513""
  }, {
    ""k"": ""primary_search"",
    ""v"": ""srp280012""
  }, {
    ""k"": ""primary_search"",
    ""v"": ""srr12584274""
  }, {
    ""k"": ""primary_search"",
    ""v"": ""srs7319184""
  }, {
    ""k"": ""primary_search"",
    ""v"": ""srx9070930""
  }, {
    ""k"": ""primary_search"",
    ""v"": ""bp0""
  }]
} {""bases"": 364642825, ""bytes"": 138569098, ""run_file_create_date"": ""2020-09-03t17:08:00.000z"", ""collection_date_sam"": [""2017-07-25""], ""isolate_sam_ss_dpl100"": [""not applicable""], ""isolation_source_sam"": [""greensboro, nc""], ""samples_numbers_sam"": 166, ""tissue_sam_ss_dpl145"": [""whole body""], ""primary_search"": ""16054513""}",,1
SRR12584119,RNA-Seq,UNIVERSITY OF NORTH CAROLINA AT GREENSBORO,public,SRX9071085,QL-R-25d-PostParaquat-24h_S156_L006_R1_001.fastq.gz,Illumina HiSeq 2500,SINGLE,other,TRANSCRIPTOMIC,ILLUMINA,SRS7319339,SAMN16054426,Apis mellifera,SRP280012,2020-09-03 00:00:00.000000 UTC,PRJNA661322,112,NA,101,302,NA,QL-R-25d-PostParaquat-24h_S156_L006_R1_001.fastq.gz,[Invertebrate],2017-07-25,USA,North America,[USA:Greensboro],[],[],[],"[fastq,run.zq,sra]","[gs,ncbi,s3]","[gs.us-east1,ncbi.public,s3.us-east-1]","{
  ""attributes"": [{
    ""k"": ""bases"",
    ""v"": ""302236440""
  }, {
    ""k"": ""bytes"",
    ""v"": ""118144563""
  }, {
    ""k"": ""run_file_create_date"",
    ""v"": ""2020-09-03T17:07:00.000Z""
  }, {
    ""k"": ""collection_date_sam"",
    ""v"": ""2017-07-25""
  }, {
    ""k"": ""isolate_sam_ss_dpl100"",
    ""v"": ""Not Applicable""
  }, {
    ""k"": ""isolation_source_sam"",
    ""v"": ""Greensboro, NC""
  }, {
    ""k"": ""samples_numbers_sam"",
    ""v"": ""79""
  }, {
    ""k"": ""tissue_sam_ss_dpl145"",
    ""v"": ""Whole Body""
  }, {
    ""k"": ""primary_search"",
    ""v"": ""16054426""
  }, {
    ""k"": ""primary_search"",
    ""v"": ""661322""
  }, {
    ""k"": ""primary_search"",
    ""v"": ""PRJNA661322""
  }, {
    ""k"": ""primary_search"",
    ""v"": ""QL-R-25d-PostParaquat-24h_S156_L006_R1_001.fastq.gz""
  }, {
    ""k"": ""primary_search"",
    ""v"": ""SAMN16054426""
  }, {
    ""k"": ""primary_search"",
    ""v"": ""SRP280012""
  }, {
    ""k"": ""primary_search"",
    ""v"": ""SRR12584119""
  }, {
    ""k"": ""primary_search"",
    ""v"": ""SRS7319339""
  }, {
    ""k"": ""primary_search"",
    ""v"": ""SRX9071085""
  }, {
    ""k"": ""primary_search"",
    ""v"": ""bp0""
  }]
}",1,"{""bases"": 302236440, ""bytes"": 118144563, ""run_file_create_date"": ""2020-09-03T17:07:00.000Z"", ""collection_date_sam"": [""2017-07-25""], ""isolate_sam_ss_dpl100"": [""Not Applicable""], ""isolation_source_sam"": [""Greensboro, NC""], ""samples_numbers_sam"": 79, ""tissue_sam_ss_dpl145"": [""Whole Body""], ""primary_search"": ""16054426""}","srr12584119 rna-seq university of north carolina at greensboro public srx9071085 ql-r-25d-postparaquat-24h_s156_l006_r1_001.fastq.gz illumina hiseq 2500 single other transcriptomic illumina srs7319339 samn16054426 apis mellifera srp280012 2020-09-03 00:00:00.000000 utc prjna661322 ql-r-25d-postparaquat-24h_s156_l006_r1_001.fastq.gz [invertebrate] 2017-07-25 usa north america [usa:greensboro] [] [] [] [fastq,run.zq,sra] [gs,ncbi,s3] [gs.us-east1,ncbi.public,s3.us-east-1] {
  ""attributes"": [{
    ""k"": ""bases"",
    ""v"": ""302236440""
  }, {
    ""k"": ""bytes"",
    ""v"": ""118144563""
  }, {
    ""k"": ""run_file_create_date"",
    ""v"": ""2020-09-03t17:07:00.000z""
  }, {
    ""k"": ""collection_date_sam"",
    ""v"": ""2017-07-25""
  }, {
    ""k"": ""isolate_sam_ss_dpl100"",
    ""v"": ""not applicable""
  }, {
    ""k"": ""isolation_source_sam"",
    ""v"": ""greensboro, nc""
  }, {
    ""k"": ""samples_numbers_sam"",
    ""v"": ""79""
  }, {
    ""k"": ""tissue_sam_ss_dpl145"",
    ""v"": ""whole body""
  }, {
    ""k"": ""primary_search"",
    ""v"": ""16054426""
  }, {
    ""k"": ""primary_search"",
    ""v"": ""661322""
  }, {
    ""k"": ""primary_search"",
    ""v"": ""prjna661322""
  }, {
    ""k"": ""primary_search"",
    ""v"": ""ql-r-25d-postparaquat-24h_s156_l006_r1_001.fastq.gz""
  }, {
    ""k"": ""primary_search"",
    ""v"": ""samn16054426""
  }, {
    ""k"": ""primary_search"",
    ""v"": ""srp280012""
  }, {
    ""k"": ""primary_search"",
    ""v"": ""srr12584119""
  }, {
    ""k"": ""primary_search"",
    ""v"": ""srs7319339""
  }, {
    ""k"": ""primary_search"",
    ""v"": ""srx9071085""
  }, {
    ""k"": ""primary_search"",
    ""v"": ""bp0""
  }]
} {""bases"": 302236440, ""bytes"": 118144563, ""run_file_create_date"": ""2020-09-03t17:07:00.000z"", ""collection_date_sam"": [""2017-07-25""], ""isolate_sam_ss_dpl100"": [""not applicable""], ""isolation_source_sam"": [""greensboro, nc""], ""samples_numbers_sam"": 79, ""tissue_sam_ss_dpl145"": [""whole body""], ""primary_search"": ""16054426""}",,1
SRR12584116,RNA-Seq,UNIVERSITY OF NORTH CAROLINA AT GREENSBORO,public,SRX9071088,QL-R-25d-PostParaquat-24h_S156_L008_R1_001.fastq.gz,Illumina HiSeq 2500,SINGLE,other,TRANSCRIPTOMIC,ILLUMINA,SRS7319342,SAMN16054428,Apis mellifera,SRP280012,2020-09-03 00:00:00.000000 UTC,PRJNA661322,111,NA,101,299,NA,QL-R-25d-PostParaquat-24h_S156_L008_R1_001.fastq.gz,[Invertebrate],2017-07-25,USA,North America,[USA:Greensboro],[],[],[],"[fastq,run.zq,sra]","[gs,ncbi,s3]","[gs.us-east1,ncbi.public,s3.us-east-1]","{
  ""attributes"": [{
    ""k"": ""bases"",
    ""v"": ""299678918""
  }, {
    ""k"": ""bytes"",
    ""v"": ""116877221""
  }, {
    ""k"": ""run_file_create_date"",
    ""v"": ""2020-09-03T17:07:00.000Z""
  }, {
    ""k"": ""collection_date_sam"",
    ""v"": ""2017-07-25""
  }, {
    ""k"": ""isolate_sam_ss_dpl100"",
    ""v"": ""Not Applicable""
  }, {
    ""k"": ""isolation_source_sam"",
    ""v"": ""Greensboro, NC""
  }, {
    ""k"": ""samples_numbers_sam"",
    ""v"": ""81""
  }, {
    ""k"": ""tissue_sam_ss_dpl145"",
    ""v"": ""Whole Body""
  }, {
    ""k"": ""primary_search"",
    ""v"": ""16054428""
  }, {
    ""k"": ""primary_search"",
    ""v"": ""661322""
  }, {
    ""k"": ""primary_search"",
    ""v"": ""PRJNA661322""
  }, {
    ""k"": ""primary_search"",
    ""v"": ""QL-R-25d-PostParaquat-24h_S156_L008_R1_001.fastq.gz""
  }, {
    ""k"": ""primary_search"",
    ""v"": ""SAMN16054428""
  }, {
    ""k"": ""primary_search"",
    ""v"": ""SRP280012""
  }, {
    ""k"": ""primary_search"",
    ""v"": ""SRR12584116""
  }, {
    ""k"": ""primary_search"",
    ""v"": ""SRS7319342""
  }, {
    ""k"": ""primary_search"",
    ""v"": ""SRX9071088""
  }, {
    ""k"": ""primary_search"",
    ""v"": ""bp0""
  }]
}",1,"{""bases"": 299678918, ""bytes"": 116877221, ""run_file_create_date"": ""2020-09-03T17:07:00.000Z"", ""collection_date_sam"": [""2017-07-25""], ""isolate_sam_ss_dpl100"": [""Not Applicable""], ""isolation_source_sam"": [""Greensboro, NC""], ""samples_numbers_sam"": 81, ""tissue_sam_ss_dpl145"": [""Whole Body""], ""primary_search"": ""16054428""}","srr12584116 rna-seq university of north carolina at greensboro public srx9071088 ql-r-25d-postparaquat-24h_s156_l008_r1_001.fastq.gz illumina hiseq 2500 single other transcriptomic illumina srs7319342 samn16054428 apis mellifera srp280012 2020-09-03 00:00:00.000000 utc prjna661322 ql-r-25d-postparaquat-24h_s156_l008_r1_001.fastq.gz [invertebrate] 2017-07-25 usa north america [usa:greensboro] [] [] [] [fastq,run.zq,sra] [gs,ncbi,s3] [gs.us-east1,ncbi.public,s3.us-east-1] {
  ""attributes"": [{
    ""k"": ""bases"",
    ""v"": ""299678918""
  }, {
    ""k"": ""bytes"",
    ""v"": ""116877221""
  }, {
    ""k"": ""run_file_create_date"",
    ""v"": ""2020-09-03t17:07:00.000z""
  }, {
    ""k"": ""collection_date_sam"",
    ""v"": ""2017-07-25""
  }, {
    ""k"": ""isolate_sam_ss_dpl100"",
    ""v"": ""not applicable""
  }, {
    ""k"": ""isolation_source_sam"",
    ""v"": ""greensboro, nc""
  }, {
    ""k"": ""samples_numbers_sam"",
    ""v"": ""81""
  }, {
    ""k"": ""tissue_sam_ss_dpl145"",
    ""v"": ""whole body""
  }, {
    ""k"": ""primary_search"",
    ""v"": ""16054428""
  }, {
    ""k"": ""primary_search"",
    ""v"": ""661322""
  }, {
    ""k"": ""primary_search"",
    ""v"": ""prjna661322""
  }, {
    ""k"": ""primary_search"",
    ""v"": ""ql-r-25d-postparaquat-24h_s156_l008_r1_001.fastq.gz""
  }, {
    ""k"": ""primary_search"",
    ""v"": ""samn16054428""
  }, {
    ""k"": ""primary_search"",
    ""v"": ""srp280012""
  }, {
    ""k"": ""primary_search"",
    ""v"": ""srr12584116""
  }, {
    ""k"": ""primary_search"",
    ""v"": ""srs7319342""
  }, {
    ""k"": ""primary_search"",
    ""v"": ""srx9071088""
  }, {
    ""k"": ""primary_search"",
    ""v"": ""bp0""
  }]
} {""bases"": 299678918, ""bytes"": 116877221, ""run_file_create_date"": ""2020-09-03t17:07:00.000z"", ""collection_date_sam"": [""2017-07-25""], ""isolate_sam_ss_dpl100"": [""not applicable""], ""isolation_source_sam"": [""greensboro, nc""], ""samples_numbers_sam"": 81, ""tissue_sam_ss_dpl145"": [""whole body""], ""primary_search"": ""16054428""}",,1
SRR12584261,RNA-Seq,UNIVERSITY OF NORTH CAROLINA AT GREENSBORO,public,SRX9070943,QR-T-25d-PostParaquat-24h_S175_L006_R1_001.fastq.gz,Illumina HiSeq 2500,SINGLE,other,TRANSCRIPTOMIC,ILLUMINA,SRS7319197,SAMN16054525,Apis mellifera,SRP280012,2020-09-03 00:00:00.000000 UTC,PRJNA661322,99,NA,101,267,NA,QR-T-25d-PostParaquat-24h_S175_L006_R1_001.fastq.gz,[Invertebrate],2017-07-25,USA,North America,[USA:Greensboro],[],[],[],"[fastq,run.zq,sra]","[gs,ncbi,s3]","[gs.us-east1,ncbi.public,s3.us-east-1]","{
  ""attributes"": [{
    ""k"": ""bases"",
    ""v"": ""267344172""
  }, {
    ""k"": ""bytes"",
    ""v"": ""104636245""
  }, {
    ""k"": ""run_file_create_date"",
    ""v"": ""2020-09-03T17:08:00.000Z""
  }, {
    ""k"": ""collection_date_sam"",
    ""v"": ""2017-07-25""
  }, {
    ""k"": ""isolate_sam_ss_dpl100"",
    ""v"": ""Not Applicable""
  }, {
    ""k"": ""isolation_source_sam"",
    ""v"": ""Greensboro, NC""
  }, {
    ""k"": ""samples_numbers_sam"",
    ""v"": ""178""
  }, {
    ""k"": ""tissue_sam_ss_dpl145"",
    ""v"": ""Whole Body""
  }, {
    ""k"": ""primary_search"",
    ""v"": ""16054525""
  }, {
    ""k"": ""primary_search"",
    ""v"": ""661322""
  }, {
    ""k"": ""primary_search"",
    ""v"": ""PRJNA661322""
  }, {
    ""k"": ""primary_search"",
    ""v"": ""QR-T-25d-PostParaquat-24h_S175_L006_R1_001.fastq.gz""
  }, {
    ""k"": ""primary_search"",
    ""v"": ""SAMN16054525""
  }, {
    ""k"": ""primary_search"",
    ""v"": ""SRP280012""
  }, {
    ""k"": ""primary_search"",
    ""v"": ""SRR12584261""
  }, {
    ""k"": ""primary_search"",
    ""v"": ""SRS7319197""
  }, {
    ""k"": ""primary_search"",
    ""v"": ""SRX9070943""
  }, {
    ""k"": ""primary_search"",
    ""v"": ""bp0""
  }]
}",1,"{""bases"": 267344172, ""bytes"": 104636245, ""run_file_create_date"": ""2020-09-03T17:08:00.000Z"", ""collection_date_sam"": [""2017-07-25""], ""isolate_sam_ss_dpl100"": [""Not Applicable""], ""isolation_source_sam"": [""Greensboro, NC""], ""samples_numbers_sam"": 178, ""tissue_sam_ss_dpl145"": [""Whole Body""], ""primary_search"": ""16054525""}","srr12584261 rna-seq university of north carolina at greensboro public srx9070943 qr-t-25d-postparaquat-24h_s175_l006_r1_001.fastq.gz illumina hiseq 2500 single other transcriptomic illumina srs7319197 samn16054525 apis mellifera srp280012 2020-09-03 00:00:00.000000 utc prjna661322 qr-t-25d-postparaquat-24h_s175_l006_r1_001.fastq.gz [invertebrate] 2017-07-25 usa north america [usa:greensboro] [] [] [] [fastq,run.zq,sra] [gs,ncbi,s3] [gs.us-east1,ncbi.public,s3.us-east-1] {
  ""attributes"": [{
    ""k"": ""bases"",
    ""v"": ""267344172""
  }, {
    ""k"": ""bytes"",
    ""v"": ""104636245""
  }, {
    ""k"": ""run_file_create_date"",
    ""v"": ""2020-09-03t17:08:00.000z""
  }, {
    ""k"": ""collection_date_sam"",
    ""v"": ""2017-07-25""
  }, {
    ""k"": ""isolate_sam_ss_dpl100"",
    ""v"": ""not applicable""
  }, {
    ""k"": ""isolation_source_sam"",
    ""v"": ""greensboro, nc""
  }, {
    ""k"": ""samples_numbers_sam"",
    ""v"": ""178""
  }, {
    ""k"": ""tissue_sam_ss_dpl145"",
    ""v"": ""whole body""
  }, {
    ""k"": ""primary_search"",
    ""v"": ""16054525""
  }, {
    ""k"": ""primary_search"",
    ""v"": ""661322""
  }, {
    ""k"": ""primary_search"",
    ""v"": ""prjna661322""
  }, {
    ""k"": ""primary_search"",
    ""v"": ""qr-t-25d-postparaquat-24h_s175_l006_r1_001.fastq.gz""
  }, {
    ""k"": ""primary_search"",
    ""v"": ""samn16054525""
  }, {
    ""k"": ""primary_search"",
    ""v"": ""srp280012""
  }, {
    ""k"": ""primary_search"",
    ""v"": ""srr12584261""
  }, {
    ""k"": ""primary_search"",
    ""v"": ""srs7319197""
  }, {
    ""k"": ""primary_search"",
    ""v"": ""srx9070943""
  }, {
    ""k"": ""primary_search"",
    ""v"": ""bp0""
  }]
} {""bases"": 267344172, ""bytes"": 104636245, ""run_file_create_date"": ""2020-09-03t17:08:00.000z"", ""collection_date_sam"": [""2017-07-25""], ""isolate_sam_ss_dpl100"": [""not applicable""], ""isolation_source_sam"": [""greensboro, nc""], ""samples_numbers_sam"": 178, ""tissue_sam_ss_dpl145"": [""whole body""], ""primary_search"": ""16054525""}",,1
SRR12584121,RNA-Seq,UNIVERSITY OF NORTH CAROLINA AT GREENSBORO,public,SRX9071083,QL-Q-25d-PostParaquat-24h_S153_L007_R1_001.fastq.gz,Illumina HiSeq 2500,SINGLE,other,TRANSCRIPTOMIC,ILLUMINA,SRS7319337,SAMN16054424,Apis mellifera,SRP280012,2020-09-03 00:00:00.000000 UTC,PRJNA661322,86,NA,101,241,NA,QL-Q-25d-PostParaquat-24h_S153_L007_R1_001.fastq.gz,[Invertebrate],2017-07-25,USA,North America,[USA:Greensboro],[],[],[],"[fastq,run.zq,sra]","[gs,ncbi,s3]","[gs.us-east1,ncbi.public,s3.us-east-1]","{
  ""attributes"": [{
    ""k"": ""bases"",
    ""v"": ""241267891""
  }, {
    ""k"": ""bytes"",
    ""v"": ""90681042""
  }, {
    ""k"": ""run_file_create_date"",
    ""v"": ""2020-09-03T17:07:00.000Z""
  }, {
    ""k"": ""collection_date_sam"",
    ""v"": ""2017-07-25""
  }, {
    ""k"": ""isolate_sam_ss_dpl100"",
    ""v"": ""Not Applicable""
  }, {
    ""k"": ""isolation_source_sam"",
    ""v"": ""Greensboro, NC""
  }, {
    ""k"": ""samples_numbers_sam"",
    ""v"": ""77""
  }, {
    ""k"": ""tissue_sam_ss_dpl145"",
    ""v"": ""Whole Body""
  }, {
    ""k"": ""primary_search"",
    ""v"": ""16054424""
  }, {
    ""k"": ""primary_search"",
    ""v"": ""661322""
  }, {
    ""k"": ""primary_search"",
    ""v"": ""PRJNA661322""
  }, {
    ""k"": ""primary_search"",
    ""v"": ""QL-Q-25d-PostParaquat-24h_S153_L007_R1_001.fastq.gz""
  }, {
    ""k"": ""primary_search"",
    ""v"": ""SAMN16054424""
  }, {
    ""k"": ""primary_search"",
    ""v"": ""SRP280012""
  }, {
    ""k"": ""primary_search"",
    ""v"": ""SRR12584121""
  }, {
    ""k"": ""primary_search"",
    ""v"": ""SRS7319337""
  }, {
    ""k"": ""primary_search"",
    ""v"": ""SRX9071083""
  }, {
    ""k"": ""primary_search"",
    ""v"": ""bp0""
  }]
}",1,"{""bases"": 241267891, ""bytes"": 90681042, ""run_file_create_date"": ""2020-09-03T17:07:00.000Z"", ""collection_date_sam"": [""2017-07-25""], ""isolate_sam_ss_dpl100"": [""Not Applicable""], ""isolation_source_sam"": [""Greensboro, NC""], ""samples_numbers_sam"": 77, ""tissue_sam_ss_dpl145"": [""Whole Body""], ""primary_search"": ""16054424""}","srr12584121 rna-seq university of north carolina at greensboro public srx9071083 ql-q-25d-postparaquat-24h_s153_l007_r1_001.fastq.gz illumina hiseq 2500 single other transcriptomic illumina srs7319337 samn16054424 apis mellifera srp280012 2020-09-03 00:00:00.000000 utc prjna661322 ql-q-25d-postparaquat-24h_s153_l007_r1_001.fastq.gz [invertebrate] 2017-07-25 usa north america [usa:greensboro] [] [] [] [fastq,run.zq,sra] [gs,ncbi,s3] [gs.us-east1,ncbi.public,s3.us-east-1] {
  ""attributes"": [{
    ""k"": ""bases"",
    ""v"": ""241267891""
  }, {
    ""k"": ""bytes"",
    ""v"": ""90681042""
  }, {
    ""k"": ""run_file_create_date"",
    ""v"": ""2020-09-03t17:07:00.000z""
  }, {
    ""k"": ""collection_date_sam"",
    ""v"": ""2017-07-25""
  }, {
    ""k"": ""isolate_sam_ss_dpl100"",
    ""v"": ""not applicable""
  }, {
    ""k"": ""isolation_source_sam"",
    ""v"": ""greensboro, nc""
  }, {
    ""k"": ""samples_numbers_sam"",
    ""v"": ""77""
  }, {
    ""k"": ""tissue_sam_ss_dpl145"",
    ""v"": ""whole body""
  }, {
    ""k"": ""primary_search"",
    ""v"": ""16054424""
  }, {
    ""k"": ""primary_search"",
    ""v"": ""661322""
  }, {
    ""k"": ""primary_search"",
    ""v"": ""prjna661322""
  }, {
    ""k"": ""primary_search"",
    ""v"": ""ql-q-25d-postparaquat-24h_s153_l007_r1_001.fastq.gz""
  }, {
    ""k"": ""primary_search"",
    ""v"": ""samn16054424""
  }, {
    ""k"": ""primary_search"",
    ""v"": ""srp280012""
  }, {
    ""k"": ""primary_search"",
    ""v"": ""srr12584121""
  }, {
    ""k"": ""primary_search"",
    ""v"": ""srs7319337""
  }, {
    ""k"": ""primary_search"",
    ""v"": ""srx9071083""
  }, {
    ""k"": ""primary_search"",
    ""v"": ""bp0""
  }]
} {""bases"": 241267891, ""bytes"": 90681042, ""run_file_create_date"": ""2020-09-03t17:07:00.000z"", ""collection_date_sam"": [""2017-07-25""], ""isolate_sam_ss_dpl100"": [""not applicable""], ""isolation_source_sam"": [""greensboro, nc""], ""samples_numbers_sam"": 77, ""tissue_sam_ss_dpl145"": [""whole body""], ""primary_search"": ""16054424""}",,1
SRR12584234,RNA-Seq,UNIVERSITY OF NORTH CAROLINA AT GREENSBORO,public,SRX9070970,QR-CC-25d-NoTreat_S196_L006_R1_001.fastq.gz,Illumina HiSeq 2500,SINGLE,other,TRANSCRIPTOMIC,ILLUMINA,SRS7319224,SAMN16054462,Apis mellifera,SRP280012,2020-09-03 00:00:00.000000 UTC,PRJNA661322,138,NA,101,391,NA,QR-CC-25d-NoTreat_S196_L006_R1_001.fastq.gz,[Invertebrate],2017-07-25,USA,North America,[USA:Greensboro],[],[],[],"[fastq,run.zq,sra]","[gs,ncbi,s3]","[gs.us-east1,ncbi.public,s3.us-east-1]","{
  ""attributes"": [{
    ""k"": ""bases"",
    ""v"": ""391558921""
  }, {
    ""k"": ""bytes"",
    ""v"": ""145221700""
  }, {
    ""k"": ""run_file_create_date"",
    ""v"": ""2020-09-03T17:08:00.000Z""
  }, {
    ""k"": ""collection_date_sam"",
    ""v"": ""2017-07-25""
  }, {
    ""k"": ""isolate_sam_ss_dpl100"",
    ""v"": ""Not Applicable""
  }, {
    ""k"": ""isolation_source_sam"",
    ""v"": ""Greensboro, NC""
  }, {
    ""k"": ""samples_numbers_sam"",
    ""v"": ""115""
  }, {
    ""k"": ""tissue_sam_ss_dpl145"",
    ""v"": ""Whole Body""
  }, {
    ""k"": ""primary_search"",
    ""v"": ""16054462""
  }, {
    ""k"": ""primary_search"",
    ""v"": ""661322""
  }, {
    ""k"": ""primary_search"",
    ""v"": ""PRJNA661322""
  }, {
    ""k"": ""primary_search"",
    ""v"": ""QR-CC-25d-NoTreat_S196_L006_R1_001.fastq.gz""
  }, {
    ""k"": ""primary_search"",
    ""v"": ""SAMN16054462""
  }, {
    ""k"": ""primary_search"",
    ""v"": ""SRP280012""
  }, {
    ""k"": ""primary_search"",
    ""v"": ""SRR12584234""
  }, {
    ""k"": ""primary_search"",
    ""v"": ""SRS7319224""
  }, {
    ""k"": ""primary_search"",
    ""v"": ""SRX9070970""
  }, {
    ""k"": ""primary_search"",
    ""v"": ""bp0""
  }]
}",1,"{""bases"": 391558921, ""bytes"": 145221700, ""run_file_create_date"": ""2020-09-03T17:08:00.000Z"", ""collection_date_sam"": [""2017-07-25""], ""isolate_sam_ss_dpl100"": [""Not Applicable""], ""isolation_source_sam"": [""Greensboro, NC""], ""samples_numbers_sam"": 115, ""tissue_sam_ss_dpl145"": [""Whole Body""], ""primary_search"": ""16054462""}","srr12584234 rna-seq university of north carolina at greensboro public srx9070970 qr-cc-25d-notreat_s196_l006_r1_001.fastq.gz illumina hiseq 2500 single other transcriptomic illumina srs7319224 samn16054462 apis mellifera srp280012 2020-09-03 00:00:00.000000 utc prjna661322 qr-cc-25d-notreat_s196_l006_r1_001.fastq.gz [invertebrate] 2017-07-25 usa north america [usa:greensboro] [] [] [] [fastq,run.zq,sra] [gs,ncbi,s3] [gs.us-east1,ncbi.public,s3.us-east-1] {
  ""attributes"": [{
    ""k"": ""bases"",
    ""v"": ""391558921""
  }, {
    ""k"": ""bytes"",
    ""v"": ""145221700""
  }, {
    ""k"": ""run_file_create_date"",
    ""v"": ""2020-09-03t17:08:00.000z""
  }, {
    ""k"": ""collection_date_sam"",
    ""v"": ""2017-07-25""
  }, {
    ""k"": ""isolate_sam_ss_dpl100"",
    ""v"": ""not applicable""
  }, {
    ""k"": ""isolation_source_sam"",
    ""v"": ""greensboro, nc""
  }, {
    ""k"": ""samples_numbers_sam"",
    ""v"": ""115""
  }, {
    ""k"": ""tissue_sam_ss_dpl145"",
    ""v"": ""whole body""
  }, {
    ""k"": ""primary_search"",
    ""v"": ""16054462""
  }, {
    ""k"": ""primary_search"",
    ""v"": ""661322""
  }, {
    ""k"": ""primary_search"",
    ""v"": ""prjna661322""
  }, {
    ""k"": ""primary_search"",
    ""v"": ""qr-cc-25d-notreat_s196_l006_r1_001.fastq.gz""
  }, {
    ""k"": ""primary_search"",
    ""v"": ""samn16054462""
  }, {
    ""k"": ""primary_search"",
    ""v"": ""srp280012""
  }, {
    ""k"": ""primary_search"",
    ""v"": ""srr12584234""
  }, {
    ""k"": ""primary_search"",
    ""v"": ""srs7319224""
  }, {
    ""k"": ""primary_search"",
    ""v"": ""srx9070970""
  }, {
    ""k"": ""primary_search"",
    ""v"": ""bp0""
  }]
} {""bases"": 391558921, ""bytes"": 145221700, ""run_file_create_date"": ""2020-09-03t17:08:00.000z"", ""collection_date_sam"": [""2017-07-25""], ""isolate_sam_ss_dpl100"": [""not applicable""], ""isolation_source_sam"": [""greensboro, nc""], ""samples_numbers_sam"": 115, ""tissue_sam_ss_dpl145"": [""whole body""], ""primary_search"": ""16054462""}",,1
SRR12584138,RNA-Seq,UNIVERSITY OF NORTH CAROLINA AT GREENSBORO,public,SRX9071066,QL-L-25d-PostParaquat-24h_S158_L006_R1_001.fastq.gz,Illumina HiSeq 2500,SINGLE,other,TRANSCRIPTOMIC,ILLUMINA,SRS7319320,SAMN16054408,Apis mellifera,SRP280012,2020-09-03 00:00:00.000000 UTC,PRJNA661322,123,NA,101,346,NA,QL-L-25d-PostParaquat-24h_S158_L006_R1_001.fastq.gz,[Invertebrate],2017-07-25,USA,North America,[USA:Greensboro],[],[],[],"[fastq,run.zq,sra]","[gs,ncbi,s3]","[gs.us-east1,ncbi.public,s3.us-east-1]","{
  ""attributes"": [{
    ""k"": ""bases"",
    ""v"": ""346850261""
  }, {
    ""k"": ""bytes"",
    ""v"": ""129762398""
  }, {
    ""k"": ""run_file_create_date"",
    ""v"": ""2020-09-03T17:07:00.000Z""
  }, {
    ""k"": ""collection_date_sam"",
    ""v"": ""2017-07-25""
  }, {
    ""k"": ""isolate_sam_ss_dpl100"",
    ""v"": ""Not Applicable""
  }, {
    ""k"": ""isolation_source_sam"",
    ""v"": ""Greensboro, NC""
  }, {
    ""k"": ""samples_numbers_sam"",
    ""v"": ""61""
  }, {
    ""k"": ""tissue_sam_ss_dpl145"",
    ""v"": ""Whole Body""
  }, {
    ""k"": ""primary_search"",
    ""v"": ""16054408""
  }, {
    ""k"": ""primary_search"",
    ""v"": ""661322""
  }, {
    ""k"": ""primary_search"",
    ""v"": ""PRJNA661322""
  }, {
    ""k"": ""primary_search"",
    ""v"": ""QL-L-25d-PostParaquat-24h_S158_L006_R1_001.fastq.gz""
  }, {
    ""k"": ""primary_search"",
    ""v"": ""SAMN16054408""
  }, {
    ""k"": ""primary_search"",
    ""v"": ""SRP280012""
  }, {
    ""k"": ""primary_search"",
    ""v"": ""SRR12584138""
  }, {
    ""k"": ""primary_search"",
    ""v"": ""SRS7319320""
  }, {
    ""k"": ""primary_search"",
    ""v"": ""SRX9071066""
  }, {
    ""k"": ""primary_search"",
    ""v"": ""bp0""
  }]
}",1,"{""bases"": 346850261, ""bytes"": 129762398, ""run_file_create_date"": ""2020-09-03T17:07:00.000Z"", ""collection_date_sam"": [""2017-07-25""], ""isolate_sam_ss_dpl100"": [""Not Applicable""], ""isolation_source_sam"": [""Greensboro, NC""], ""samples_numbers_sam"": 61, ""tissue_sam_ss_dpl145"": [""Whole Body""], ""primary_search"": ""16054408""}","srr12584138 rna-seq university of north carolina at greensboro public srx9071066 ql-l-25d-postparaquat-24h_s158_l006_r1_001.fastq.gz illumina hiseq 2500 single other transcriptomic illumina srs7319320 samn16054408 apis mellifera srp280012 2020-09-03 00:00:00.000000 utc prjna661322 ql-l-25d-postparaquat-24h_s158_l006_r1_001.fastq.gz [invertebrate] 2017-07-25 usa north america [usa:greensboro] [] [] [] [fastq,run.zq,sra] [gs,ncbi,s3] [gs.us-east1,ncbi.public,s3.us-east-1] {
  ""attributes"": [{
    ""k"": ""bases"",
    ""v"": ""346850261""
  }, {
    ""k"": ""bytes"",
    ""v"": ""129762398""
  }, {
    ""k"": ""run_file_create_date"",
    ""v"": ""2020-09-03t17:07:00.000z""
  }, {
    ""k"": ""collection_date_sam"",
    ""v"": ""2017-07-25""
  }, {
    ""k"": ""isolate_sam_ss_dpl100"",
    ""v"": ""not applicable""
  }, {
    ""k"": ""isolation_source_sam"",
    ""v"": ""greensboro, nc""
  }, {
    ""k"": ""samples_numbers_sam"",
    ""v"": ""61""
  }, {
    ""k"": ""tissue_sam_ss_dpl145"",
    ""v"": ""whole body""
  }, {
    ""k"": ""primary_search"",
    ""v"": ""16054408""
  }, {
    ""k"": ""primary_search"",
    ""v"": ""661322""
  }, {
    ""k"": ""primary_search"",
    ""v"": ""prjna661322""
  }, {
    ""k"": ""primary_search"",
    ""v"": ""ql-l-25d-postparaquat-24h_s158_l006_r1_001.fastq.gz""
  }, {
    ""k"": ""primary_search"",
    ""v"": ""samn16054408""
  }, {
    ""k"": ""primary_search"",
    ""v"": ""srp280012""
  }, {
    ""k"": ""primary_search"",
    ""v"": ""srr12584138""
  }, {
    ""k"": ""primary_search"",
    ""v"": ""srs7319320""
  }, {
    ""k"": ""primary_search"",
    ""v"": ""srx9071066""
  }, {
    ""k"": ""primary_search"",
    ""v"": ""bp0""
  }]
} {""bases"": 346850261, ""bytes"": 129762398, ""run_file_create_date"": ""2020-09-03t17:07:00.000z"", ""collection_date_sam"": [""2017-07-25""], ""isolate_sam_ss_dpl100"": [""not applicable""], ""isolation_source_sam"": [""greensboro, nc""], ""samples_numbers_sam"": 61, ""tissue_sam_ss_dpl145"": [""whole body""], ""primary_search"": ""16054408""}",,1
SRR12584211,RNA-Seq,UNIVERSITY OF NORTH CAROLINA AT GREENSBORO,public,SRX9070993,QR-HH-25d-NoTreat_S189_L006_R1_001.fastq.gz,Illumina HiSeq 2500,SINGLE,other,TRANSCRIPTOMIC,ILLUMINA,SRS7319247,SAMN16054483,Apis mellifera,SRP280012,2020-09-03 00:00:00.000000 UTC,PRJNA661322,98,NA,101,274,NA,QR-HH-25d-NoTreat_S189_L006_R1_001.fastq.gz,[Invertebrate],2017-07-25,USA,North America,[USA:Greensboro],[],[],[],"[fastq,run.zq,sra]","[gs,ncbi,s3]","[gs.us-east1,ncbi.public,s3.us-east-1]","{
  ""attributes"": [{
    ""k"": ""bases"",
    ""v"": ""274363975""
  }, {
    ""k"": ""bytes"",
    ""v"": ""103229269""
  }, {
    ""k"": ""run_file_create_date"",
    ""v"": ""2020-09-03T17:07:00.000Z""
  }, {
    ""k"": ""collection_date_sam"",
    ""v"": ""2017-07-25""
  }, {
    ""k"": ""isolate_sam_ss_dpl100"",
    ""v"": ""Not Applicable""
  }, {
    ""k"": ""isolation_source_sam"",
    ""v"": ""Greensboro, NC""
  }, {
    ""k"": ""samples_numbers_sam"",
    ""v"": ""136""
  }, {
    ""k"": ""tissue_sam_ss_dpl145"",
    ""v"": ""Whole Body""
  }, {
    ""k"": ""primary_search"",
    ""v"": ""16054483""
  }, {
    ""k"": ""primary_search"",
    ""v"": ""661322""
  }, {
    ""k"": ""primary_search"",
    ""v"": ""PRJNA661322""
  }, {
    ""k"": ""primary_search"",
    ""v"": ""QR-HH-25d-NoTreat_S189_L006_R1_001.fastq.gz""
  }, {
    ""k"": ""primary_search"",
    ""v"": ""SAMN16054483""
  }, {
    ""k"": ""primary_search"",
    ""v"": ""SRP280012""
  }, {
    ""k"": ""primary_search"",
    ""v"": ""SRR12584211""
  }, {
    ""k"": ""primary_search"",
    ""v"": ""SRS7319247""
  }, {
    ""k"": ""primary_search"",
    ""v"": ""SRX9070993""
  }, {
    ""k"": ""primary_search"",
    ""v"": ""bp0""
  }]
}",1,"{""bases"": 274363975, ""bytes"": 103229269, ""run_file_create_date"": ""2020-09-03T17:07:00.000Z"", ""collection_date_sam"": [""2017-07-25""], ""isolate_sam_ss_dpl100"": [""Not Applicable""], ""isolation_source_sam"": [""Greensboro, NC""], ""samples_numbers_sam"": 136, ""tissue_sam_ss_dpl145"": [""Whole Body""], ""primary_search"": ""16054483""}","srr12584211 rna-seq university of north carolina at greensboro public srx9070993 qr-hh-25d-notreat_s189_l006_r1_001.fastq.gz illumina hiseq 2500 single other transcriptomic illumina srs7319247 samn16054483 apis mellifera srp280012 2020-09-03 00:00:00.000000 utc prjna661322 qr-hh-25d-notreat_s189_l006_r1_001.fastq.gz [invertebrate] 2017-07-25 usa north america [usa:greensboro] [] [] [] [fastq,run.zq,sra] [gs,ncbi,s3] [gs.us-east1,ncbi.public,s3.us-east-1] {
  ""attributes"": [{
    ""k"": ""bases"",
    ""v"": ""274363975""
  }, {
    ""k"": ""bytes"",
    ""v"": ""103229269""
  }, {
    ""k"": ""run_file_create_date"",
    ""v"": ""2020-09-03t17:07:00.000z""
  }, {
    ""k"": ""collection_date_sam"",
    ""v"": ""2017-07-25""
  }, {
    ""k"": ""isolate_sam_ss_dpl100"",
    ""v"": ""not applicable""
  }, {
    ""k"": ""isolation_source_sam"",
    ""v"": ""greensboro, nc""
  }, {
    ""k"": ""samples_numbers_sam"",
    ""v"": ""136""
  }, {
    ""k"": ""tissue_sam_ss_dpl145"",
    ""v"": ""whole body""
  }, {
    ""k"": ""primary_search"",
    ""v"": ""16054483""
  }, {
    ""k"": ""primary_search"",
    ""v"": ""661322""
  }, {
    ""k"": ""primary_search"",
    ""v"": ""prjna661322""
  }, {
    ""k"": ""primary_search"",
    ""v"": ""qr-hh-25d-notreat_s189_l006_r1_001.fastq.gz""
  }, {
    ""k"": ""primary_search"",
    ""v"": ""samn16054483""
  }, {
    ""k"": ""primary_search"",
    ""v"": ""srp280012""
  }, {
    ""k"": ""primary_search"",
    ""v"": ""srr12584211""
  }, {
    ""k"": ""primary_search"",
    ""v"": ""srs7319247""
  }, {
    ""k"": ""primary_search"",
    ""v"": ""srx9070993""
  }, {
    ""k"": ""primary_search"",
    ""v"": ""bp0""
  }]
} {""bases"": 274363975, ""bytes"": 103229269, ""run_file_create_date"": ""2020-09-03t17:07:00.000z"", ""collection_date_sam"": [""2017-07-25""], ""isolate_sam_ss_dpl100"": [""not applicable""], ""isolation_source_sam"": [""greensboro, nc""], ""samples_numbers_sam"": 136, ""tissue_sam_ss_dpl145"": [""whole body""], ""primary_search"": ""16054483""}",,1
SRR12584163,RNA-Seq,UNIVERSITY OF NORTH CAROLINA AT GREENSBORO,public,SRX9071041,QL-E-25d-PostPBS-24h_S155_L008_R1_001.fastq.gz,Illumina HiSeq 2500,SINGLE,other,TRANSCRIPTOMIC,ILLUMINA,SRS7319295,SAMN16054386,Apis mellifera,SRP280012,2020-09-03 00:00:00.000000 UTC,PRJNA661322,93,NA,101,252,NA,QL-E-25d-PostPBS-24h_S155_L008_R1_001.fastq.gz,[Invertebrate],2017-07-25,USA,North America,[USA:Greensboro],[],[],[],"[fastq,run.zq,sra]","[gs,ncbi,s3]","[gs.us-east1,ncbi.public,s3.us-east-1]","{
  ""attributes"": [{
    ""k"": ""bases"",
    ""v"": ""252337491""
  }, {
    ""k"": ""bytes"",
    ""v"": ""97590034""
  }, {
    ""k"": ""run_file_create_date"",
    ""v"": ""2020-09-03T17:07:00.000Z""
  }, {
    ""k"": ""collection_date_sam"",
    ""v"": ""2017-07-25""
  }, {
    ""k"": ""isolate_sam_ss_dpl100"",
    ""v"": ""Not Applicable""
  }, {
    ""k"": ""isolation_source_sam"",
    ""v"": ""Greensboro, NC""
  }, {
    ""k"": ""samples_numbers_sam"",
    ""v"": ""39""
  }, {
    ""k"": ""tissue_sam_ss_dpl145"",
    ""v"": ""Whole Body""
  }, {
    ""k"": ""primary_search"",
    ""v"": ""16054386""
  }, {
    ""k"": ""primary_search"",
    ""v"": ""661322""
  }, {
    ""k"": ""primary_search"",
    ""v"": ""PRJNA661322""
  }, {
    ""k"": ""primary_search"",
    ""v"": ""QL-E-25d-PostPBS-24h_S155_L008_R1_001.fastq.gz""
  }, {
    ""k"": ""primary_search"",
    ""v"": ""SAMN16054386""
  }, {
    ""k"": ""primary_search"",
    ""v"": ""SRP280012""
  }, {
    ""k"": ""primary_search"",
    ""v"": ""SRR12584163""
  }, {
    ""k"": ""primary_search"",
    ""v"": ""SRS7319295""
  }, {
    ""k"": ""primary_search"",
    ""v"": ""SRX9071041""
  }, {
    ""k"": ""primary_search"",
    ""v"": ""bp0""
  }]
}",1,"{""bases"": 252337491, ""bytes"": 97590034, ""run_file_create_date"": ""2020-09-03T17:07:00.000Z"", ""collection_date_sam"": [""2017-07-25""], ""isolate_sam_ss_dpl100"": [""Not Applicable""], ""isolation_source_sam"": [""Greensboro, NC""], ""samples_numbers_sam"": 39, ""tissue_sam_ss_dpl145"": [""Whole Body""], ""primary_search"": ""16054386""}","srr12584163 rna-seq university of north carolina at greensboro public srx9071041 ql-e-25d-postpbs-24h_s155_l008_r1_001.fastq.gz illumina hiseq 2500 single other transcriptomic illumina srs7319295 samn16054386 apis mellifera srp280012 2020-09-03 00:00:00.000000 utc prjna661322 ql-e-25d-postpbs-24h_s155_l008_r1_001.fastq.gz [invertebrate] 2017-07-25 usa north america [usa:greensboro] [] [] [] [fastq,run.zq,sra] [gs,ncbi,s3] [gs.us-east1,ncbi.public,s3.us-east-1] {
  ""attributes"": [{
    ""k"": ""bases"",
    ""v"": ""252337491""
  }, {
    ""k"": ""bytes"",
    ""v"": ""97590034""
  }, {
    ""k"": ""run_file_create_date"",
    ""v"": ""2020-09-03t17:07:00.000z""
  }, {
    ""k"": ""collection_date_sam"",
    ""v"": ""2017-07-25""
  }, {
    ""k"": ""isolate_sam_ss_dpl100"",
    ""v"": ""not applicable""
  }, {
    ""k"": ""isolation_source_sam"",
    ""v"": ""greensboro, nc""
  }, {
    ""k"": ""samples_numbers_sam"",
    ""v"": ""39""
  }, {
    ""k"": ""tissue_sam_ss_dpl145"",
    ""v"": ""whole body""
  }, {
    ""k"": ""primary_search"",
    ""v"": ""16054386""
  }, {
    ""k"": ""primary_search"",
    ""v"": ""661322""
  }, {
    ""k"": ""primary_search"",
    ""v"": ""prjna661322""
  }, {
    ""k"": ""primary_search"",
    ""v"": ""ql-e-25d-postpbs-24h_s155_l008_r1_001.fastq.gz""
  }, {
    ""k"": ""primary_search"",
    ""v"": ""samn16054386""
  }, {
    ""k"": ""primary_search"",
    ""v"": ""srp280012""
  }, {
    ""k"": ""primary_search"",
    ""v"": ""srr12584163""
  }, {
    ""k"": ""primary_search"",
    ""v"": ""srs7319295""
  }, {
    ""k"": ""primary_search"",
    ""v"": ""srx9071041""
  }, {
    ""k"": ""primary_search"",
    ""v"": ""bp0""
  }]
} {""bases"": 252337491, ""bytes"": 97590034, ""run_file_create_date"": ""2020-09-03t17:07:00.000z"", ""collection_date_sam"": [""2017-07-25""], ""isolate_sam_ss_dpl100"": [""not applicable""], ""isolation_source_sam"": [""greensboro, nc""], ""samples_numbers_sam"": 39, ""tissue_sam_ss_dpl145"": [""whole body""], ""primary_search"": ""16054386""}",,1
SRR12584148,RNA-Seq,UNIVERSITY OF NORTH CAROLINA AT GREENSBORO,public,SRX9071056,QL-I-25d-PostPBS-24h_S149_L006_R1_001.fastq.gz,Illumina HiSeq 2500,SINGLE,other,TRANSCRIPTOMIC,ILLUMINA,SRS7319310,SAMN16054399,Apis mellifera,SRP280012,2020-09-03 00:00:00.000000 UTC,PRJNA661322,83,NA,101,218,NA,QL-I-25d-PostPBS-24h_S149_L006_R1_001.fastq.gz,[Invertebrate],2017-07-25,USA,North America,[USA:Greensboro],[],[],[],"[fastq,run.zq,sra]","[gs,ncbi,s3]","[gs.us-east1,ncbi.public,s3.us-east-1]","{
  ""attributes"": [{
    ""k"": ""bases"",
    ""v"": ""218449466""
  }, {
    ""k"": ""bytes"",
    ""v"": ""88032404""
  }, {
    ""k"": ""run_file_create_date"",
    ""v"": ""2020-09-03T17:07:00.000Z""
  }, {
    ""k"": ""collection_date_sam"",
    ""v"": ""2017-07-25""
  }, {
    ""k"": ""isolate_sam_ss_dpl100"",
    ""v"": ""Not Applicable""
  }, {
    ""k"": ""isolation_source_sam"",
    ""v"": ""Greensboro, NC""
  }, {
    ""k"": ""samples_numbers_sam"",
    ""v"": ""52""
  }, {
    ""k"": ""tissue_sam_ss_dpl145"",
    ""v"": ""Whole Body""
  }, {
    ""k"": ""primary_search"",
    ""v"": ""16054399""
  }, {
    ""k"": ""primary_search"",
    ""v"": ""661322""
  }, {
    ""k"": ""primary_search"",
    ""v"": ""PRJNA661322""
  }, {
    ""k"": ""primary_search"",
    ""v"": ""QL-I-25d-PostPBS-24h_S149_L006_R1_001.fastq.gz""
  }, {
    ""k"": ""primary_search"",
    ""v"": ""SAMN16054399""
  }, {
    ""k"": ""primary_search"",
    ""v"": ""SRP280012""
  }, {
    ""k"": ""primary_search"",
    ""v"": ""SRR12584148""
  }, {
    ""k"": ""primary_search"",
    ""v"": ""SRS7319310""
  }, {
    ""k"": ""primary_search"",
    ""v"": ""SRX9071056""
  }, {
    ""k"": ""primary_search"",
    ""v"": ""bp0""
  }]
}",1,"{""bases"": 218449466, ""bytes"": 88032404, ""run_file_create_date"": ""2020-09-03T17:07:00.000Z"", ""collection_date_sam"": [""2017-07-25""], ""isolate_sam_ss_dpl100"": [""Not Applicable""], ""isolation_source_sam"": [""Greensboro, NC""], ""samples_numbers_sam"": 52, ""tissue_sam_ss_dpl145"": [""Whole Body""], ""primary_search"": ""16054399""}","srr12584148 rna-seq university of north carolina at greensboro public srx9071056 ql-i-25d-postpbs-24h_s149_l006_r1_001.fastq.gz illumina hiseq 2500 single other transcriptomic illumina srs7319310 samn16054399 apis mellifera srp280012 2020-09-03 00:00:00.000000 utc prjna661322 ql-i-25d-postpbs-24h_s149_l006_r1_001.fastq.gz [invertebrate] 2017-07-25 usa north america [usa:greensboro] [] [] [] [fastq,run.zq,sra] [gs,ncbi,s3] [gs.us-east1,ncbi.public,s3.us-east-1] {
  ""attributes"": [{
    ""k"": ""bases"",
    ""v"": ""218449466""
  }, {
    ""k"": ""bytes"",
    ""v"": ""88032404""
  }, {
    ""k"": ""run_file_create_date"",
    ""v"": ""2020-09-03t17:07:00.000z""
  }, {
    ""k"": ""collection_date_sam"",
    ""v"": ""2017-07-25""
  }, {
    ""k"": ""isolate_sam_ss_dpl100"",
    ""v"": ""not applicable""
  }, {
    ""k"": ""isolation_source_sam"",
    ""v"": ""greensboro, nc""
  }, {
    ""k"": ""samples_numbers_sam"",
    ""v"": ""52""
  }, {
    ""k"": ""tissue_sam_ss_dpl145"",
    ""v"": ""whole body""
  }, {
    ""k"": ""primary_search"",
    ""v"": ""16054399""
  }, {
    ""k"": ""primary_search"",
    ""v"": ""661322""
  }, {
    ""k"": ""primary_search"",
    ""v"": ""prjna661322""
  }, {
    ""k"": ""primary_search"",
    ""v"": ""ql-i-25d-postpbs-24h_s149_l006_r1_001.fastq.gz""
  }, {
    ""k"": ""primary_search"",
    ""v"": ""samn16054399""
  }, {
    ""k"": ""primary_search"",
    ""v"": ""srp280012""
  }, {
    ""k"": ""primary_search"",
    ""v"": ""srr12584148""
  }, {
    ""k"": ""primary_search"",
    ""v"": ""srs7319310""
  }, {
    ""k"": ""primary_search"",
    ""v"": ""srx9071056""
  }, {
    ""k"": ""primary_search"",
    ""v"": ""bp0""
  }]
} {""bases"": 218449466, ""bytes"": 88032404, ""run_file_create_date"": ""2020-09-03t17:07:00.000z"", ""collection_date_sam"": [""2017-07-25""], ""isolate_sam_ss_dpl100"": [""not applicable""], ""isolation_source_sam"": [""greensboro, nc""], ""samples_numbers_sam"": 52, ""tissue_sam_ss_dpl145"": [""whole body""], ""primary_search"": ""16054399""}",,1
SRR12584224,RNA-Seq,UNIVERSITY OF NORTH CAROLINA AT GREENSBORO,public,SRX9070980,QR-F-25d-PostPBS-24h_S193_L006_R1_001.fastq.gz,Illumina HiSeq 2500,SINGLE,other,TRANSCRIPTOMIC,ILLUMINA,SRS7319234,SAMN16054471,Apis mellifera,SRP280012,2020-09-03 00:00:00.000000 UTC,PRJNA661322,140,NA,101,380,NA,QR-F-25d-PostPBS-24h_S193_L006_R1_001.fastq.gz,[Invertebrate],2017-07-25,USA,North America,[USA:Greensboro],[],[],[],"[fastq,run.zq,sra]","[gs,ncbi,s3]","[gs.us-east1,ncbi.public,s3.us-east-1]","{
  ""attributes"": [{
    ""k"": ""bases"",
    ""v"": ""380034720""
  }, {
    ""k"": ""bytes"",
    ""v"": ""147826538""
  }, {
    ""k"": ""run_file_create_date"",
    ""v"": ""2020-09-03T17:08:00.000Z""
  }, {
    ""k"": ""collection_date_sam"",
    ""v"": ""2017-07-25""
  }, {
    ""k"": ""isolate_sam_ss_dpl100"",
    ""v"": ""Not Applicable""
  }, {
    ""k"": ""isolation_source_sam"",
    ""v"": ""Greensboro, NC""
  }, {
    ""k"": ""samples_numbers_sam"",
    ""v"": ""124""
  }, {
    ""k"": ""tissue_sam_ss_dpl145"",
    ""v"": ""Whole Body""
  }, {
    ""k"": ""primary_search"",
    ""v"": ""16054471""
  }, {
    ""k"": ""primary_search"",
    ""v"": ""661322""
  }, {
    ""k"": ""primary_search"",
    ""v"": ""PRJNA661322""
  }, {
    ""k"": ""primary_search"",
    ""v"": ""QR-F-25d-PostPBS-24h_S193_L006_R1_001.fastq.gz""
  }, {
    ""k"": ""primary_search"",
    ""v"": ""SAMN16054471""
  }, {
    ""k"": ""primary_search"",
    ""v"": ""SRP280012""
  }, {
    ""k"": ""primary_search"",
    ""v"": ""SRR12584224""
  }, {
    ""k"": ""primary_search"",
    ""v"": ""SRS7319234""
  }, {
    ""k"": ""primary_search"",
    ""v"": ""SRX9070980""
  }, {
    ""k"": ""primary_search"",
    ""v"": ""bp0""
  }]
}",1,"{""bases"": 380034720, ""bytes"": 147826538, ""run_file_create_date"": ""2020-09-03T17:08:00.000Z"", ""collection_date_sam"": [""2017-07-25""], ""isolate_sam_ss_dpl100"": [""Not Applicable""], ""isolation_source_sam"": [""Greensboro, NC""], ""samples_numbers_sam"": 124, ""tissue_sam_ss_dpl145"": [""Whole Body""], ""primary_search"": ""16054471""}","srr12584224 rna-seq university of north carolina at greensboro public srx9070980 qr-f-25d-postpbs-24h_s193_l006_r1_001.fastq.gz illumina hiseq 2500 single other transcriptomic illumina srs7319234 samn16054471 apis mellifera srp280012 2020-09-03 00:00:00.000000 utc prjna661322 qr-f-25d-postpbs-24h_s193_l006_r1_001.fastq.gz [invertebrate] 2017-07-25 usa north america [usa:greensboro] [] [] [] [fastq,run.zq,sra] [gs,ncbi,s3] [gs.us-east1,ncbi.public,s3.us-east-1] {
  ""attributes"": [{
    ""k"": ""bases"",
    ""v"": ""380034720""
  }, {
    ""k"": ""bytes"",
    ""v"": ""147826538""
  }, {
    ""k"": ""run_file_create_date"",
    ""v"": ""2020-09-03t17:08:00.000z""
  }, {
    ""k"": ""collection_date_sam"",
    ""v"": ""2017-07-25""
  }, {
    ""k"": ""isolate_sam_ss_dpl100"",
    ""v"": ""not applicable""
  }, {
    ""k"": ""isolation_source_sam"",
    ""v"": ""greensboro, nc""
  }, {
    ""k"": ""samples_numbers_sam"",
    ""v"": ""124""
  }, {
    ""k"": ""tissue_sam_ss_dpl145"",
    ""v"": ""whole body""
  }, {
    ""k"": ""primary_search"",
    ""v"": ""16054471""
  }, {
    ""k"": ""primary_search"",
    ""v"": ""661322""
  }, {
    ""k"": ""primary_search"",
    ""v"": ""prjna661322""
  }, {
    ""k"": ""primary_search"",
    ""v"": ""qr-f-25d-postpbs-24h_s193_l006_r1_001.fastq.gz""
  }, {
    ""k"": ""primary_search"",
    ""v"": ""samn16054471""
  }, {
    ""k"": ""primary_search"",
    ""v"": ""srp280012""
  }, {
    ""k"": ""primary_search"",
    ""v"": ""srr12584224""
  }, {
    ""k"": ""primary_search"",
    ""v"": ""srs7319234""
  }, {
    ""k"": ""primary_search"",
    ""v"": ""srx9070980""
  }, {
    ""k"": ""primary_search"",
    ""v"": ""bp0""
  }]
} {""bases"": 380034720, ""bytes"": 147826538, ""run_file_create_date"": ""2020-09-03t17:08:00.000z"", ""collection_date_sam"": [""2017-07-25""], ""isolate_sam_ss_dpl100"": [""not applicable""], ""isolation_source_sam"": [""greensboro, nc""], ""samples_numbers_sam"": 124, ""tissue_sam_ss_dpl145"": [""whole body""], ""primary_search"": ""16054471""}",,1
SRR12584098,RNA-Seq,UNIVERSITY OF NORTH CAROLINA AT GREENSBORO,public,SRX9071106,QR-4-25d-NoTreat_S202_L007_R1_001.fastq.gz,Illumina HiSeq 2500,SINGLE,other,TRANSCRIPTOMIC,ILLUMINA,SRS7319360,SAMN16054445,Apis mellifera,SRP280012,2020-09-03 00:00:00.000000 UTC,PRJNA661322,167,NA,101,458,NA,QR-4-25d-NoTreat_S202_L007_R1_001.fastq.gz,[Invertebrate],2017-07-25,USA,North America,[USA:Greensboro],[],[],[],"[fastq,run.zq,sra]","[gs,ncbi,s3]","[gs.us-east1,ncbi.public,s3.us-east-1]","{
  ""attributes"": [{
    ""k"": ""bases"",
    ""v"": ""458945313""
  }, {
    ""k"": ""bytes"",
    ""v"": ""175434289""
  }, {
    ""k"": ""run_file_create_date"",
    ""v"": ""2020-09-03T17:08:00.000Z""
  }, {
    ""k"": ""collection_date_sam"",
    ""v"": ""2017-07-25""
  }, {
    ""k"": ""isolate_sam_ss_dpl100"",
    ""v"": ""Not Applicable""
  }, {
    ""k"": ""isolation_source_sam"",
    ""v"": ""Greensboro, NC""
  }, {
    ""k"": ""samples_numbers_sam"",
    ""v"": ""98""
  }, {
    ""k"": ""tissue_sam_ss_dpl145"",
    ""v"": ""Whole Body""
  }, {
    ""k"": ""primary_search"",
    ""v"": ""16054445""
  }, {
    ""k"": ""primary_search"",
    ""v"": ""661322""
  }, {
    ""k"": ""primary_search"",
    ""v"": ""PRJNA661322""
  }, {
    ""k"": ""primary_search"",
    ""v"": ""QR-4-25d-NoTreat_S202_L007_R1_001.fastq.gz""
  }, {
    ""k"": ""primary_search"",
    ""v"": ""SAMN16054445""
  }, {
    ""k"": ""primary_search"",
    ""v"": ""SRP280012""
  }, {
    ""k"": ""primary_search"",
    ""v"": ""SRR12584098""
  }, {
    ""k"": ""primary_search"",
    ""v"": ""SRS7319360""
  }, {
    ""k"": ""primary_search"",
    ""v"": ""SRX9071106""
  }, {
    ""k"": ""primary_search"",
    ""v"": ""bp0""
  }]
}",1,"{""bases"": 458945313, ""bytes"": 175434289, ""run_file_create_date"": ""2020-09-03T17:08:00.000Z"", ""collection_date_sam"": [""2017-07-25""], ""isolate_sam_ss_dpl100"": [""Not Applicable""], ""isolation_source_sam"": [""Greensboro, NC""], ""samples_numbers_sam"": 98, ""tissue_sam_ss_dpl145"": [""Whole Body""], ""primary_search"": ""16054445""}","srr12584098 rna-seq university of north carolina at greensboro public srx9071106 qr-4-25d-notreat_s202_l007_r1_001.fastq.gz illumina hiseq 2500 single other transcriptomic illumina srs7319360 samn16054445 apis mellifera srp280012 2020-09-03 00:00:00.000000 utc prjna661322 qr-4-25d-notreat_s202_l007_r1_001.fastq.gz [invertebrate] 2017-07-25 usa north america [usa:greensboro] [] [] [] [fastq,run.zq,sra] [gs,ncbi,s3] [gs.us-east1,ncbi.public,s3.us-east-1] {
  ""attributes"": [{
    ""k"": ""bases"",
    ""v"": ""458945313""
  }, {
    ""k"": ""bytes"",
    ""v"": ""175434289""
  }, {
    ""k"": ""run_file_create_date"",
    ""v"": ""2020-09-03t17:08:00.000z""
  }, {
    ""k"": ""collection_date_sam"",
    ""v"": ""2017-07-25""
  }, {
    ""k"": ""isolate_sam_ss_dpl100"",
    ""v"": ""not applicable""
  }, {
    ""k"": ""isolation_source_sam"",
    ""v"": ""greensboro, nc""
  }, {
    ""k"": ""samples_numbers_sam"",
    ""v"": ""98""
  }, {
    ""k"": ""tissue_sam_ss_dpl145"",
    ""v"": ""whole body""
  }, {
    ""k"": ""primary_search"",
    ""v"": ""16054445""
  }, {
    ""k"": ""primary_search"",
    ""v"": ""661322""
  }, {
    ""k"": ""primary_search"",
    ""v"": ""prjna661322""
  }, {
    ""k"": ""primary_search"",
    ""v"": ""qr-4-25d-notreat_s202_l007_r1_001.fastq.gz""
  }, {
    ""k"": ""primary_search"",
    ""v"": ""samn16054445""
  }, {
    ""k"": ""primary_search"",
    ""v"": ""srp280012""
  }, {
    ""k"": ""primary_search"",
    ""v"": ""srr12584098""
  }, {
    ""k"": ""primary_search"",
    ""v"": ""srs7319360""
  }, {
    ""k"": ""primary_search"",
    ""v"": ""srx9071106""
  }, {
    ""k"": ""primary_search"",
    ""v"": ""bp0""
  }]
} {""bases"": 458945313, ""bytes"": 175434289, ""run_file_create_date"": ""2020-09-03t17:08:00.000z"", ""collection_date_sam"": [""2017-07-25""], ""isolate_sam_ss_dpl100"": [""not applicable""], ""isolation_source_sam"": [""greensboro, nc""], ""samples_numbers_sam"": 98, ""tissue_sam_ss_dpl145"": [""whole body""], ""primary_search"": ""16054445""}",,1
SRR12584202,RNA-Seq,UNIVERSITY OF NORTH CAROLINA AT GREENSBORO,public,SRX9071002,QR-II-25d-NoTreat_S187_L008_R1_001.fastq.gz,Illumina HiSeq 2500,SINGLE,other,TRANSCRIPTOMIC,ILLUMINA,SRS7319256,SAMN16054491,Apis mellifera,SRP280012,2020-09-03 00:00:00.000000 UTC,PRJNA661322,96,NA,101,276,NA,QR-II-25d-NoTreat_S187_L008_R1_001.fastq.gz,[Invertebrate],2017-07-25,USA,North America,[USA:Greensboro],[],[],[],"[fastq,run.zq,sra]","[gs,ncbi,s3]","[gs.us-east1,ncbi.public,s3.us-east-1]","{
  ""attributes"": [{
    ""k"": ""bases"",
    ""v"": ""276407003""
  }, {
    ""k"": ""bytes"",
    ""v"": ""100802415""
  }, {
    ""k"": ""run_file_create_date"",
    ""v"": ""2020-09-03T17:08:00.000Z""
  }, {
    ""k"": ""collection_date_sam"",
    ""v"": ""2017-07-25""
  }, {
    ""k"": ""isolate_sam_ss_dpl100"",
    ""v"": ""Not Applicable""
  }, {
    ""k"": ""isolation_source_sam"",
    ""v"": ""Greensboro, NC""
  }, {
    ""k"": ""samples_numbers_sam"",
    ""v"": ""144""
  }, {
    ""k"": ""tissue_sam_ss_dpl145"",
    ""v"": ""Whole Body""
  }, {
    ""k"": ""primary_search"",
    ""v"": ""16054491""
  }, {
    ""k"": ""primary_search"",
    ""v"": ""661322""
  }, {
    ""k"": ""primary_search"",
    ""v"": ""PRJNA661322""
  }, {
    ""k"": ""primary_search"",
    ""v"": ""QR-II-25d-NoTreat_S187_L008_R1_001.fastq.gz""
  }, {
    ""k"": ""primary_search"",
    ""v"": ""SAMN16054491""
  }, {
    ""k"": ""primary_search"",
    ""v"": ""SRP280012""
  }, {
    ""k"": ""primary_search"",
    ""v"": ""SRR12584202""
  }, {
    ""k"": ""primary_search"",
    ""v"": ""SRS7319256""
  }, {
    ""k"": ""primary_search"",
    ""v"": ""SRX9071002""
  }, {
    ""k"": ""primary_search"",
    ""v"": ""bp0""
  }]
}",1,"{""bases"": 276407003, ""bytes"": 100802415, ""run_file_create_date"": ""2020-09-03T17:08:00.000Z"", ""collection_date_sam"": [""2017-07-25""], ""isolate_sam_ss_dpl100"": [""Not Applicable""], ""isolation_source_sam"": [""Greensboro, NC""], ""samples_numbers_sam"": 144, ""tissue_sam_ss_dpl145"": [""Whole Body""], ""primary_search"": ""16054491""}","srr12584202 rna-seq university of north carolina at greensboro public srx9071002 qr-ii-25d-notreat_s187_l008_r1_001.fastq.gz illumina hiseq 2500 single other transcriptomic illumina srs7319256 samn16054491 apis mellifera srp280012 2020-09-03 00:00:00.000000 utc prjna661322 qr-ii-25d-notreat_s187_l008_r1_001.fastq.gz [invertebrate] 2017-07-25 usa north america [usa:greensboro] [] [] [] [fastq,run.zq,sra] [gs,ncbi,s3] [gs.us-east1,ncbi.public,s3.us-east-1] {
  ""attributes"": [{
    ""k"": ""bases"",
    ""v"": ""276407003""
  }, {
    ""k"": ""bytes"",
    ""v"": ""100802415""
  }, {
    ""k"": ""run_file_create_date"",
    ""v"": ""2020-09-03t17:08:00.000z""
  }, {
    ""k"": ""collection_date_sam"",
    ""v"": ""2017-07-25""
  }, {
    ""k"": ""isolate_sam_ss_dpl100"",
    ""v"": ""not applicable""
  }, {
    ""k"": ""isolation_source_sam"",
    ""v"": ""greensboro, nc""
  }, {
    ""k"": ""samples_numbers_sam"",
    ""v"": ""144""
  }, {
    ""k"": ""tissue_sam_ss_dpl145"",
    ""v"": ""whole body""
  }, {
    ""k"": ""primary_search"",
    ""v"": ""16054491""
  }, {
    ""k"": ""primary_search"",
    ""v"": ""661322""
  }, {
    ""k"": ""primary_search"",
    ""v"": ""prjna661322""
  }, {
    ""k"": ""primary_search"",
    ""v"": ""qr-ii-25d-notreat_s187_l008_r1_001.fastq.gz""
  }, {
    ""k"": ""primary_search"",
    ""v"": ""samn16054491""
  }, {
    ""k"": ""primary_search"",
    ""v"": ""srp280012""
  }, {
    ""k"": ""primary_search"",
    ""v"": ""srr12584202""
  }, {
    ""k"": ""primary_search"",
    ""v"": ""srs7319256""
  }, {
    ""k"": ""primary_search"",
    ""v"": ""srx9071002""
  }, {
    ""k"": ""primary_search"",
    ""v"": ""bp0""
  }]
} {""bases"": 276407003, ""bytes"": 100802415, ""run_file_create_date"": ""2020-09-03t17:08:00.000z"", ""collection_date_sam"": [""2017-07-25""], ""isolate_sam_ss_dpl100"": [""not applicable""], ""isolation_source_sam"": [""greensboro, nc""], ""samples_numbers_sam"": 144, ""tissue_sam_ss_dpl145"": [""whole body""], ""primary_search"": ""16054491""}",,1
SRR12584114,RNA-Seq,UNIVERSITY OF NORTH CAROLINA AT GREENSBORO,public,SRX9071090,QL-S-25d-PostParaquat-24h_S148_L007_R1_001.fastq.gz,Illumina HiSeq 2500,SINGLE,other,TRANSCRIPTOMIC,ILLUMINA,SRS7319344,SAMN16054430,Apis mellifera,SRP280012,2020-09-03 00:00:00.000000 UTC,PRJNA661322,86,NA,101,228,NA,QL-S-25d-PostParaquat-24h_S148_L007_R1_001.fastq.gz,[Invertebrate],2017-07-25,USA,North America,[USA:Greensboro],[],[],[],"[fastq,run.zq,sra]","[gs,ncbi,s3]","[gs.us-east1,ncbi.public,s3.us-east-1]","{
  ""attributes"": [{
    ""k"": ""bases"",
    ""v"": ""228224347""
  }, {
    ""k"": ""bytes"",
    ""v"": ""90541476""
  }, {
    ""k"": ""run_file_create_date"",
    ""v"": ""2020-09-03T17:07:00.000Z""
  }, {
    ""k"": ""collection_date_sam"",
    ""v"": ""2017-07-25""
  }, {
    ""k"": ""isolate_sam_ss_dpl100"",
    ""v"": ""Not Applicable""
  }, {
    ""k"": ""isolation_source_sam"",
    ""v"": ""Greensboro, NC""
  }, {
    ""k"": ""samples_numbers_sam"",
    ""v"": ""83""
  }, {
    ""k"": ""tissue_sam_ss_dpl145"",
    ""v"": ""Whole Body""
  }, {
    ""k"": ""primary_search"",
    ""v"": ""16054430""
  }, {
    ""k"": ""primary_search"",
    ""v"": ""661322""
  }, {
    ""k"": ""primary_search"",
    ""v"": ""PRJNA661322""
  }, {
    ""k"": ""primary_search"",
    ""v"": ""QL-S-25d-PostParaquat-24h_S148_L007_R1_001.fastq.gz""
  }, {
    ""k"": ""primary_search"",
    ""v"": ""SAMN16054430""
  }, {
    ""k"": ""primary_search"",
    ""v"": ""SRP280012""
  }, {
    ""k"": ""primary_search"",
    ""v"": ""SRR12584114""
  }, {
    ""k"": ""primary_search"",
    ""v"": ""SRS7319344""
  }, {
    ""k"": ""primary_search"",
    ""v"": ""SRX9071090""
  }, {
    ""k"": ""primary_search"",
    ""v"": ""bp0""
  }]
}",1,"{""bases"": 228224347, ""bytes"": 90541476, ""run_file_create_date"": ""2020-09-03T17:07:00.000Z"", ""collection_date_sam"": [""2017-07-25""], ""isolate_sam_ss_dpl100"": [""Not Applicable""], ""isolation_source_sam"": [""Greensboro, NC""], ""samples_numbers_sam"": 83, ""tissue_sam_ss_dpl145"": [""Whole Body""], ""primary_search"": ""16054430""}","srr12584114 rna-seq university of north carolina at greensboro public srx9071090 ql-s-25d-postparaquat-24h_s148_l007_r1_001.fastq.gz illumina hiseq 2500 single other transcriptomic illumina srs7319344 samn16054430 apis mellifera srp280012 2020-09-03 00:00:00.000000 utc prjna661322 ql-s-25d-postparaquat-24h_s148_l007_r1_001.fastq.gz [invertebrate] 2017-07-25 usa north america [usa:greensboro] [] [] [] [fastq,run.zq,sra] [gs,ncbi,s3] [gs.us-east1,ncbi.public,s3.us-east-1] {
  ""attributes"": [{
    ""k"": ""bases"",
    ""v"": ""228224347""
  }, {
    ""k"": ""bytes"",
    ""v"": ""90541476""
  }, {
    ""k"": ""run_file_create_date"",
    ""v"": ""2020-09-03t17:07:00.000z""
  }, {
    ""k"": ""collection_date_sam"",
    ""v"": ""2017-07-25""
  }, {
    ""k"": ""isolate_sam_ss_dpl100"",
    ""v"": ""not applicable""
  }, {
    ""k"": ""isolation_source_sam"",
    ""v"": ""greensboro, nc""
  }, {
    ""k"": ""samples_numbers_sam"",
    ""v"": ""83""
  }, {
    ""k"": ""tissue_sam_ss_dpl145"",
    ""v"": ""whole body""
  }, {
    ""k"": ""primary_search"",
    ""v"": ""16054430""
  }, {
    ""k"": ""primary_search"",
    ""v"": ""661322""
  }, {
    ""k"": ""primary_search"",
    ""v"": ""prjna661322""
  }, {
    ""k"": ""primary_search"",
    ""v"": ""ql-s-25d-postparaquat-24h_s148_l007_r1_001.fastq.gz""
  }, {
    ""k"": ""primary_search"",
    ""v"": ""samn16054430""
  }, {
    ""k"": ""primary_search"",
    ""v"": ""srp280012""
  }, {
    ""k"": ""primary_search"",
    ""v"": ""srr12584114""
  }, {
    ""k"": ""primary_search"",
    ""v"": ""srs7319344""
  }, {
    ""k"": ""primary_search"",
    ""v"": ""srx9071090""
  }, {
    ""k"": ""primary_search"",
    ""v"": ""bp0""
  }]
} {""bases"": 228224347, ""bytes"": 90541476, ""run_file_create_date"": ""2020-09-03t17:07:00.000z"", ""collection_date_sam"": [""2017-07-25""], ""isolate_sam_ss_dpl100"": [""not applicable""], ""isolation_source_sam"": [""greensboro, nc""], ""samples_numbers_sam"": 83, ""tissue_sam_ss_dpl145"": [""whole body""], ""primary_search"": ""16054430""}",,1
SRR12584281,RNA-Seq,UNIVERSITY OF NORTH CAROLINA AT GREENSBORO,public,SRX9070923,QR-5-25d-NoTreat_S201_L007_R1_001.fastq.gz,Illumina HiSeq 2500,SINGLE,other,TRANSCRIPTOMIC,ILLUMINA,SRS7319177,SAMN16054448,Apis mellifera,SRP280012,2020-09-03 00:00:00.000000 UTC,PRJNA661322,161,NA,101,444,NA,QR-5-25d-NoTreat_S201_L007_R1_001.fastq.gz,[Invertebrate],2017-07-25,USA,North America,[USA:Greensboro],[],[],[],"[fastq,run.zq,sra]","[gs,ncbi,s3]","[gs.us-east1,ncbi.public,s3.us-east-1]","{
  ""attributes"": [{
    ""k"": ""bases"",
    ""v"": ""444358893""
  }, {
    ""k"": ""bytes"",
    ""v"": ""168928287""
  }, {
    ""k"": ""run_file_create_date"",
    ""v"": ""2020-09-03T17:08:00.000Z""
  }, {
    ""k"": ""collection_date_sam"",
    ""v"": ""2017-07-25""
  }, {
    ""k"": ""isolate_sam_ss_dpl100"",
    ""v"": ""Not Applicable""
  }, {
    ""k"": ""isolation_source_sam"",
    ""v"": ""Greensboro, NC""
  }, {
    ""k"": ""samples_numbers_sam"",
    ""v"": ""101""
  }, {
    ""k"": ""tissue_sam_ss_dpl145"",
    ""v"": ""Whole Body""
  }, {
    ""k"": ""primary_search"",
    ""v"": ""16054448""
  }, {
    ""k"": ""primary_search"",
    ""v"": ""661322""
  }, {
    ""k"": ""primary_search"",
    ""v"": ""PRJNA661322""
  }, {
    ""k"": ""primary_search"",
    ""v"": ""QR-5-25d-NoTreat_S201_L007_R1_001.fastq.gz""
  }, {
    ""k"": ""primary_search"",
    ""v"": ""SAMN16054448""
  }, {
    ""k"": ""primary_search"",
    ""v"": ""SRP280012""
  }, {
    ""k"": ""primary_search"",
    ""v"": ""SRR12584281""
  }, {
    ""k"": ""primary_search"",
    ""v"": ""SRS7319177""
  }, {
    ""k"": ""primary_search"",
    ""v"": ""SRX9070923""
  }, {
    ""k"": ""primary_search"",
    ""v"": ""bp0""
  }]
}",1,"{""bases"": 444358893, ""bytes"": 168928287, ""run_file_create_date"": ""2020-09-03T17:08:00.000Z"", ""collection_date_sam"": [""2017-07-25""], ""isolate_sam_ss_dpl100"": [""Not Applicable""], ""isolation_source_sam"": [""Greensboro, NC""], ""samples_numbers_sam"": 101, ""tissue_sam_ss_dpl145"": [""Whole Body""], ""primary_search"": ""16054448""}","srr12584281 rna-seq university of north carolina at greensboro public srx9070923 qr-5-25d-notreat_s201_l007_r1_001.fastq.gz illumina hiseq 2500 single other transcriptomic illumina srs7319177 samn16054448 apis mellifera srp280012 2020-09-03 00:00:00.000000 utc prjna661322 qr-5-25d-notreat_s201_l007_r1_001.fastq.gz [invertebrate] 2017-07-25 usa north america [usa:greensboro] [] [] [] [fastq,run.zq,sra] [gs,ncbi,s3] [gs.us-east1,ncbi.public,s3.us-east-1] {
  ""attributes"": [{
    ""k"": ""bases"",
    ""v"": ""444358893""
  }, {
    ""k"": ""bytes"",
    ""v"": ""168928287""
  }, {
    ""k"": ""run_file_create_date"",
    ""v"": ""2020-09-03t17:08:00.000z""
  }, {
    ""k"": ""collection_date_sam"",
    ""v"": ""2017-07-25""
  }, {
    ""k"": ""isolate_sam_ss_dpl100"",
    ""v"": ""not applicable""
  }, {
    ""k"": ""isolation_source_sam"",
    ""v"": ""greensboro, nc""
  }, {
    ""k"": ""samples_numbers_sam"",
    ""v"": ""101""
  }, {
    ""k"": ""tissue_sam_ss_dpl145"",
    ""v"": ""whole body""
  }, {
    ""k"": ""primary_search"",
    ""v"": ""16054448""
  }, {
    ""k"": ""primary_search"",
    ""v"": ""661322""
  }, {
    ""k"": ""primary_search"",
    ""v"": ""prjna661322""
  }, {
    ""k"": ""primary_search"",
    ""v"": ""qr-5-25d-notreat_s201_l007_r1_001.fastq.gz""
  }, {
    ""k"": ""primary_search"",
    ""v"": ""samn16054448""
  }, {
    ""k"": ""primary_search"",
    ""v"": ""srp280012""
  }, {
    ""k"": ""primary_search"",
    ""v"": ""srr12584281""
  }, {
    ""k"": ""primary_search"",
    ""v"": ""srs7319177""
  }, {
    ""k"": ""primary_search"",
    ""v"": ""srx9070923""
  }, {
    ""k"": ""primary_search"",
    ""v"": ""bp0""
  }]
} {""bases"": 444358893, ""bytes"": 168928287, ""run_file_create_date"": ""2020-09-03t17:08:00.000z"", ""collection_date_sam"": [""2017-07-25""], ""isolate_sam_ss_dpl100"": [""not applicable""], ""isolation_source_sam"": [""greensboro, nc""], ""samples_numbers_sam"": 101, ""tissue_sam_ss_dpl145"": [""whole body""], ""primary_search"": ""16054448""}",,1
SRR12584248,RNA-Seq,UNIVERSITY OF NORTH CAROLINA AT GREENSBORO,public,SRX9070956,QR-5-25d-NoTreat_S201_L008_R1_001.fastq.gz,Illumina HiSeq 2500,SINGLE,other,TRANSCRIPTOMIC,ILLUMINA,SRS7319210,SAMN16054449,Apis mellifera,SRP280012,2020-09-03 00:00:00.000000 UTC,PRJNA661322,163,NA,101,450,NA,QR-5-25d-NoTreat_S201_L008_R1_001.fastq.gz,[Invertebrate],2017-07-25,USA,North America,[USA:Greensboro],[],[],[],"[fastq,run.zq,sra]","[gs,ncbi,s3]","[gs.us-east1,ncbi.public,s3.us-east-1]","{
  ""attributes"": [{
    ""k"": ""bases"",
    ""v"": ""450357283""
  }, {
    ""k"": ""bytes"",
    ""v"": ""171179583""
  }, {
    ""k"": ""run_file_create_date"",
    ""v"": ""2020-09-03T17:08:00.000Z""
  }, {
    ""k"": ""collection_date_sam"",
    ""v"": ""2017-07-25""
  }, {
    ""k"": ""isolate_sam_ss_dpl100"",
    ""v"": ""Not Applicable""
  }, {
    ""k"": ""isolation_source_sam"",
    ""v"": ""Greensboro, NC""
  }, {
    ""k"": ""samples_numbers_sam"",
    ""v"": ""102""
  }, {
    ""k"": ""tissue_sam_ss_dpl145"",
    ""v"": ""Whole Body""
  }, {
    ""k"": ""primary_search"",
    ""v"": ""16054449""
  }, {
    ""k"": ""primary_search"",
    ""v"": ""661322""
  }, {
    ""k"": ""primary_search"",
    ""v"": ""PRJNA661322""
  }, {
    ""k"": ""primary_search"",
    ""v"": ""QR-5-25d-NoTreat_S201_L008_R1_001.fastq.gz""
  }, {
    ""k"": ""primary_search"",
    ""v"": ""SAMN16054449""
  }, {
    ""k"": ""primary_search"",
    ""v"": ""SRP280012""
  }, {
    ""k"": ""primary_search"",
    ""v"": ""SRR12584248""
  }, {
    ""k"": ""primary_search"",
    ""v"": ""SRS7319210""
  }, {
    ""k"": ""primary_search"",
    ""v"": ""SRX9070956""
  }, {
    ""k"": ""primary_search"",
    ""v"": ""bp0""
  }]
}",1,"{""bases"": 450357283, ""bytes"": 171179583, ""run_file_create_date"": ""2020-09-03T17:08:00.000Z"", ""collection_date_sam"": [""2017-07-25""], ""isolate_sam_ss_dpl100"": [""Not Applicable""], ""isolation_source_sam"": [""Greensboro, NC""], ""samples_numbers_sam"": 102, ""tissue_sam_ss_dpl145"": [""Whole Body""], ""primary_search"": ""16054449""}","srr12584248 rna-seq university of north carolina at greensboro public srx9070956 qr-5-25d-notreat_s201_l008_r1_001.fastq.gz illumina hiseq 2500 single other transcriptomic illumina srs7319210 samn16054449 apis mellifera srp280012 2020-09-03 00:00:00.000000 utc prjna661322 qr-5-25d-notreat_s201_l008_r1_001.fastq.gz [invertebrate] 2017-07-25 usa north america [usa:greensboro] [] [] [] [fastq,run.zq,sra] [gs,ncbi,s3] [gs.us-east1,ncbi.public,s3.us-east-1] {
  ""attributes"": [{
    ""k"": ""bases"",
    ""v"": ""450357283""
  }, {
    ""k"": ""bytes"",
    ""v"": ""171179583""
  }, {
    ""k"": ""run_file_create_date"",
    ""v"": ""2020-09-03t17:08:00.000z""
  }, {
    ""k"": ""collection_date_sam"",
    ""v"": ""2017-07-25""
  }, {
    ""k"": ""isolate_sam_ss_dpl100"",
    ""v"": ""not applicable""
  }, {
    ""k"": ""isolation_source_sam"",
    ""v"": ""greensboro, nc""
  }, {
    ""k"": ""samples_numbers_sam"",
    ""v"": ""102""
  }, {
    ""k"": ""tissue_sam_ss_dpl145"",
    ""v"": ""whole body""
  }, {
    ""k"": ""primary_search"",
    ""v"": ""16054449""
  }, {
    ""k"": ""primary_search"",
    ""v"": ""661322""
  }, {
    ""k"": ""primary_search"",
    ""v"": ""prjna661322""
  }, {
    ""k"": ""primary_search"",
    ""v"": ""qr-5-25d-notreat_s201_l008_r1_001.fastq.gz""
  }, {
    ""k"": ""primary_search"",
    ""v"": ""samn16054449""
  }, {
    ""k"": ""primary_search"",
    ""v"": ""srp280012""
  }, {
    ""k"": ""primary_search"",
    ""v"": ""srr12584248""
  }, {
    ""k"": ""primary_search"",
    ""v"": ""srs7319210""
  }, {
    ""k"": ""primary_search"",
    ""v"": ""srx9070956""
  }, {
    ""k"": ""primary_search"",
    ""v"": ""bp0""
  }]
} {""bases"": 450357283, ""bytes"": 171179583, ""run_file_create_date"": ""2020-09-03t17:08:00.000z"", ""collection_date_sam"": [""2017-07-25""], ""isolate_sam_ss_dpl100"": [""not applicable""], ""isolation_source_sam"": [""greensboro, nc""], ""samples_numbers_sam"": 102, ""tissue_sam_ss_dpl145"": [""whole body""], ""primary_search"": ""16054449""}",,1
SRR12584235,RNA-Seq,UNIVERSITY OF NORTH CAROLINA AT GREENSBORO,public,SRX9070969,QR-C-25d-PostPBS-24h_S197_L008_R1_001.fastq.gz,Illumina HiSeq 2500,SINGLE,other,TRANSCRIPTOMIC,ILLUMINA,SRS7319223,SAMN16054461,Apis mellifera,SRP280012,2020-09-03 00:00:00.000000 UTC,PRJNA661322,162,NA,101,465,NA,QR-C-25d-PostPBS-24h_S197_L008_R1_001.fastq.gz,[Invertebrate],2017-07-25,USA,North America,[USA:Greensboro],[],[],[],"[fastq,run.zq,sra]","[gs,ncbi,s3]","[gs.us-east1,ncbi.public,s3.us-east-1]","{
  ""attributes"": [{
    ""k"": ""bases"",
    ""v"": ""465730796""
  }, {
    ""k"": ""bytes"",
    ""v"": ""170688939""
  }, {
    ""k"": ""run_file_create_date"",
    ""v"": ""2020-09-03T17:08:00.000Z""
  }, {
    ""k"": ""collection_date_sam"",
    ""v"": ""2017-07-25""
  }, {
    ""k"": ""isolate_sam_ss_dpl100"",
    ""v"": ""Not Applicable""
  }, {
    ""k"": ""isolation_source_sam"",
    ""v"": ""Greensboro, NC""
  }, {
    ""k"": ""samples_numbers_sam"",
    ""v"": ""114""
  }, {
    ""k"": ""tissue_sam_ss_dpl145"",
    ""v"": ""Whole Body""
  }, {
    ""k"": ""primary_search"",
    ""v"": ""16054461""
  }, {
    ""k"": ""primary_search"",
    ""v"": ""661322""
  }, {
    ""k"": ""primary_search"",
    ""v"": ""PRJNA661322""
  }, {
    ""k"": ""primary_search"",
    ""v"": ""QR-C-25d-PostPBS-24h_S197_L008_R1_001.fastq.gz""
  }, {
    ""k"": ""primary_search"",
    ""v"": ""SAMN16054461""
  }, {
    ""k"": ""primary_search"",
    ""v"": ""SRP280012""
  }, {
    ""k"": ""primary_search"",
    ""v"": ""SRR12584235""
  }, {
    ""k"": ""primary_search"",
    ""v"": ""SRS7319223""
  }, {
    ""k"": ""primary_search"",
    ""v"": ""SRX9070969""
  }, {
    ""k"": ""primary_search"",
    ""v"": ""bp0""
  }]
}",1,"{""bases"": 465730796, ""bytes"": 170688939, ""run_file_create_date"": ""2020-09-03T17:08:00.000Z"", ""collection_date_sam"": [""2017-07-25""], ""isolate_sam_ss_dpl100"": [""Not Applicable""], ""isolation_source_sam"": [""Greensboro, NC""], ""samples_numbers_sam"": 114, ""tissue_sam_ss_dpl145"": [""Whole Body""], ""primary_search"": ""16054461""}","srr12584235 rna-seq university of north carolina at greensboro public srx9070969 qr-c-25d-postpbs-24h_s197_l008_r1_001.fastq.gz illumina hiseq 2500 single other transcriptomic illumina srs7319223 samn16054461 apis mellifera srp280012 2020-09-03 00:00:00.000000 utc prjna661322 qr-c-25d-postpbs-24h_s197_l008_r1_001.fastq.gz [invertebrate] 2017-07-25 usa north america [usa:greensboro] [] [] [] [fastq,run.zq,sra] [gs,ncbi,s3] [gs.us-east1,ncbi.public,s3.us-east-1] {
  ""attributes"": [{
    ""k"": ""bases"",
    ""v"": ""465730796""
  }, {
    ""k"": ""bytes"",
    ""v"": ""170688939""
  }, {
    ""k"": ""run_file_create_date"",
    ""v"": ""2020-09-03t17:08:00.000z""
  }, {
    ""k"": ""collection_date_sam"",
    ""v"": ""2017-07-25""
  }, {
    ""k"": ""isolate_sam_ss_dpl100"",
    ""v"": ""not applicable""
  }, {
    ""k"": ""isolation_source_sam"",
    ""v"": ""greensboro, nc""
  }, {
    ""k"": ""samples_numbers_sam"",
    ""v"": ""114""
  }, {
    ""k"": ""tissue_sam_ss_dpl145"",
    ""v"": ""whole body""
  }, {
    ""k"": ""primary_search"",
    ""v"": ""16054461""
  }, {
    ""k"": ""primary_search"",
    ""v"": ""661322""
  }, {
    ""k"": ""primary_search"",
    ""v"": ""prjna661322""
  }, {
    ""k"": ""primary_search"",
    ""v"": ""qr-c-25d-postpbs-24h_s197_l008_r1_001.fastq.gz""
  }, {
    ""k"": ""primary_search"",
    ""v"": ""samn16054461""
  }, {
    ""k"": ""primary_search"",
    ""v"": ""srp280012""
  }, {
    ""k"": ""primary_search"",
    ""v"": ""srr12584235""
  }, {
    ""k"": ""primary_search"",
    ""v"": ""srs7319223""
  }, {
    ""k"": ""primary_search"",
    ""v"": ""srx9070969""
  }, {
    ""k"": ""primary_search"",
    ""v"": ""bp0""
  }]
} {""bases"": 465730796, ""bytes"": 170688939, ""run_file_create_date"": ""2020-09-03t17:08:00.000z"", ""collection_date_sam"": [""2017-07-25""], ""isolate_sam_ss_dpl100"": [""not applicable""], ""isolation_source_sam"": [""greensboro, nc""], ""samples_numbers_sam"": 114, ""tissue_sam_ss_dpl145"": [""whole body""], ""primary_search"": ""16054461""}",,1
SRR12584259,RNA-Seq,UNIVERSITY OF NORTH CAROLINA AT GREENSBORO,public,SRX9070945,QR-T-25d-PostParaquat-24h_S175_L008_R1_001.fastq.gz,Illumina HiSeq 2500,SINGLE,other,TRANSCRIPTOMIC,ILLUMINA,SRS7319199,SAMN16054527,Apis mellifera,SRP280012,2020-09-03 00:00:00.000000 UTC,PRJNA661322,98,NA,101,263,NA,QR-T-25d-PostParaquat-24h_S175_L008_R1_001.fastq.gz,[Invertebrate],2017-07-25,USA,North America,[USA:Greensboro],[],[],[],"[fastq,run.zq,sra]","[gs,ncbi,s3]","[gs.us-east1,ncbi.public,s3.us-east-1]","{
  ""attributes"": [{
    ""k"": ""bases"",
    ""v"": ""263307505""
  }, {
    ""k"": ""bytes"",
    ""v"": ""102933540""
  }, {
    ""k"": ""run_file_create_date"",
    ""v"": ""2020-09-03T17:07:00.000Z""
  }, {
    ""k"": ""collection_date_sam"",
    ""v"": ""2017-07-25""
  }, {
    ""k"": ""isolate_sam_ss_dpl100"",
    ""v"": ""Not Applicable""
  }, {
    ""k"": ""isolation_source_sam"",
    ""v"": ""Greensboro, NC""
  }, {
    ""k"": ""samples_numbers_sam"",
    ""v"": ""180""
  }, {
    ""k"": ""tissue_sam_ss_dpl145"",
    ""v"": ""Whole Body""
  }, {
    ""k"": ""primary_search"",
    ""v"": ""16054527""
  }, {
    ""k"": ""primary_search"",
    ""v"": ""661322""
  }, {
    ""k"": ""primary_search"",
    ""v"": ""PRJNA661322""
  }, {
    ""k"": ""primary_search"",
    ""v"": ""QR-T-25d-PostParaquat-24h_S175_L008_R1_001.fastq.gz""
  }, {
    ""k"": ""primary_search"",
    ""v"": ""SAMN16054527""
  }, {
    ""k"": ""primary_search"",
    ""v"": ""SRP280012""
  }, {
    ""k"": ""primary_search"",
    ""v"": ""SRR12584259""
  }, {
    ""k"": ""primary_search"",
    ""v"": ""SRS7319199""
  }, {
    ""k"": ""primary_search"",
    ""v"": ""SRX9070945""
  }, {
    ""k"": ""primary_search"",
    ""v"": ""bp0""
  }]
}",1,"{""bases"": 263307505, ""bytes"": 102933540, ""run_file_create_date"": ""2020-09-03T17:07:00.000Z"", ""collection_date_sam"": [""2017-07-25""], ""isolate_sam_ss_dpl100"": [""Not Applicable""], ""isolation_source_sam"": [""Greensboro, NC""], ""samples_numbers_sam"": 180, ""tissue_sam_ss_dpl145"": [""Whole Body""], ""primary_search"": ""16054527""}","srr12584259 rna-seq university of north carolina at greensboro public srx9070945 qr-t-25d-postparaquat-24h_s175_l008_r1_001.fastq.gz illumina hiseq 2500 single other transcriptomic illumina srs7319199 samn16054527 apis mellifera srp280012 2020-09-03 00:00:00.000000 utc prjna661322 qr-t-25d-postparaquat-24h_s175_l008_r1_001.fastq.gz [invertebrate] 2017-07-25 usa north america [usa:greensboro] [] [] [] [fastq,run.zq,sra] [gs,ncbi,s3] [gs.us-east1,ncbi.public,s3.us-east-1] {
  ""attributes"": [{
    ""k"": ""bases"",
    ""v"": ""263307505""
  }, {
    ""k"": ""bytes"",
    ""v"": ""102933540""
  }, {
    ""k"": ""run_file_create_date"",
    ""v"": ""2020-09-03t17:07:00.000z""
  }, {
    ""k"": ""collection_date_sam"",
    ""v"": ""2017-07-25""
  }, {
    ""k"": ""isolate_sam_ss_dpl100"",
    ""v"": ""not applicable""
  }, {
    ""k"": ""isolation_source_sam"",
    ""v"": ""greensboro, nc""
  }, {
    ""k"": ""samples_numbers_sam"",
    ""v"": ""180""
  }, {
    ""k"": ""tissue_sam_ss_dpl145"",
    ""v"": ""whole body""
  }, {
    ""k"": ""primary_search"",
    ""v"": ""16054527""
  }, {
    ""k"": ""primary_search"",
    ""v"": ""661322""
  }, {
    ""k"": ""primary_search"",
    ""v"": ""prjna661322""
  }, {
    ""k"": ""primary_search"",
    ""v"": ""qr-t-25d-postparaquat-24h_s175_l008_r1_001.fastq.gz""
  }, {
    ""k"": ""primary_search"",
    ""v"": ""samn16054527""
  }, {
    ""k"": ""primary_search"",
    ""v"": ""srp280012""
  }, {
    ""k"": ""primary_search"",
    ""v"": ""srr12584259""
  }, {
    ""k"": ""primary_search"",
    ""v"": ""srs7319199""
  }, {
    ""k"": ""primary_search"",
    ""v"": ""srx9070945""
  }, {
    ""k"": ""primary_search"",
    ""v"": ""bp0""
  }]
} {""bases"": 263307505, ""bytes"": 102933540, ""run_file_create_date"": ""2020-09-03t17:07:00.000z"", ""collection_date_sam"": [""2017-07-25""], ""isolate_sam_ss_dpl100"": [""not applicable""], ""isolation_source_sam"": [""greensboro, nc""], ""samples_numbers_sam"": 180, ""tissue_sam_ss_dpl145"": [""whole body""], ""primary_search"": ""16054527""}",,1
SRR12584193,RNA-Seq,UNIVERSITY OF NORTH CAROLINA AT GREENSBORO,public,SRX9071011,QR-K-25d-PostParaquat-24h_S184_L007_R1_001.fastq.gz,Illumina HiSeq 2500,SINGLE,other,TRANSCRIPTOMIC,ILLUMINA,SRS7319265,SAMN16054499,Apis mellifera,SRP280012,2020-09-03 00:00:00.000000 UTC,PRJNA661322,178,NA,101,485,NA,QR-K-25d-PostParaquat-24h_S184_L007_R1_001.fastq.gz,[Invertebrate],2017-07-25,USA,North America,[USA:Greensboro],[],[],[],"[fastq,run.zq,sra]","[gs,ncbi,s3]","[gs.us-east1,ncbi.public,s3.us-east-1]","{
  ""attributes"": [{
    ""k"": ""bases"",
    ""v"": ""485906960""
  }, {
    ""k"": ""bytes"",
    ""v"": ""187503936""
  }, {
    ""k"": ""run_file_create_date"",
    ""v"": ""2020-09-03T17:08:00.000Z""
  }, {
    ""k"": ""collection_date_sam"",
    ""v"": ""2017-07-25""
  }, {
    ""k"": ""isolate_sam_ss_dpl100"",
    ""v"": ""Not Applicable""
  }, {
    ""k"": ""isolation_source_sam"",
    ""v"": ""Greensboro, NC""
  }, {
    ""k"": ""samples_numbers_sam"",
    ""v"": ""152""
  }, {
    ""k"": ""tissue_sam_ss_dpl145"",
    ""v"": ""Whole Body""
  }, {
    ""k"": ""primary_search"",
    ""v"": ""16054499""
  }, {
    ""k"": ""primary_search"",
    ""v"": ""661322""
  }, {
    ""k"": ""primary_search"",
    ""v"": ""PRJNA661322""
  }, {
    ""k"": ""primary_search"",
    ""v"": ""QR-K-25d-PostParaquat-24h_S184_L007_R1_001.fastq.gz""
  }, {
    ""k"": ""primary_search"",
    ""v"": ""SAMN16054499""
  }, {
    ""k"": ""primary_search"",
    ""v"": ""SRP280012""
  }, {
    ""k"": ""primary_search"",
    ""v"": ""SRR12584193""
  }, {
    ""k"": ""primary_search"",
    ""v"": ""SRS7319265""
  }, {
    ""k"": ""primary_search"",
    ""v"": ""SRX9071011""
  }, {
    ""k"": ""primary_search"",
    ""v"": ""bp0""
  }]
}",1,"{""bases"": 485906960, ""bytes"": 187503936, ""run_file_create_date"": ""2020-09-03T17:08:00.000Z"", ""collection_date_sam"": [""2017-07-25""], ""isolate_sam_ss_dpl100"": [""Not Applicable""], ""isolation_source_sam"": [""Greensboro, NC""], ""samples_numbers_sam"": 152, ""tissue_sam_ss_dpl145"": [""Whole Body""], ""primary_search"": ""16054499""}","srr12584193 rna-seq university of north carolina at greensboro public srx9071011 qr-k-25d-postparaquat-24h_s184_l007_r1_001.fastq.gz illumina hiseq 2500 single other transcriptomic illumina srs7319265 samn16054499 apis mellifera srp280012 2020-09-03 00:00:00.000000 utc prjna661322 qr-k-25d-postparaquat-24h_s184_l007_r1_001.fastq.gz [invertebrate] 2017-07-25 usa north america [usa:greensboro] [] [] [] [fastq,run.zq,sra] [gs,ncbi,s3] [gs.us-east1,ncbi.public,s3.us-east-1] {
  ""attributes"": [{
    ""k"": ""bases"",
    ""v"": ""485906960""
  }, {
    ""k"": ""bytes"",
    ""v"": ""187503936""
  }, {
    ""k"": ""run_file_create_date"",
    ""v"": ""2020-09-03t17:08:00.000z""
  }, {
    ""k"": ""collection_date_sam"",
    ""v"": ""2017-07-25""
  }, {
    ""k"": ""isolate_sam_ss_dpl100"",
    ""v"": ""not applicable""
  }, {
    ""k"": ""isolation_source_sam"",
    ""v"": ""greensboro, nc""
  }, {
    ""k"": ""samples_numbers_sam"",
    ""v"": ""152""
  }, {
    ""k"": ""tissue_sam_ss_dpl145"",
    ""v"": ""whole body""
  }, {
    ""k"": ""primary_search"",
    ""v"": ""16054499""
  }, {
    ""k"": ""primary_search"",
    ""v"": ""661322""
  }, {
    ""k"": ""primary_search"",
    ""v"": ""prjna661322""
  }, {
    ""k"": ""primary_search"",
    ""v"": ""qr-k-25d-postparaquat-24h_s184_l007_r1_001.fastq.gz""
  }, {
    ""k"": ""primary_search"",
    ""v"": ""samn16054499""
  }, {
    ""k"": ""primary_search"",
    ""v"": ""srp280012""
  }, {
    ""k"": ""primary_search"",
    ""v"": ""srr12584193""
  }, {
    ""k"": ""primary_search"",
    ""v"": ""srs7319265""
  }, {
    ""k"": ""primary_search"",
    ""v"": ""srx9071011""
  }, {
    ""k"": ""primary_search"",
    ""v"": ""bp0""
  }]
} {""bases"": 485906960, ""bytes"": 187503936, ""run_file_create_date"": ""2020-09-03t17:08:00.000z"", ""collection_date_sam"": [""2017-07-25""], ""isolate_sam_ss_dpl100"": [""not applicable""], ""isolation_source_sam"": [""greensboro, nc""], ""samples_numbers_sam"": 152, ""tissue_sam_ss_dpl145"": [""whole body""], ""primary_search"": ""16054499""}",,1
SRR12584209,RNA-Seq,UNIVERSITY OF NORTH CAROLINA AT GREENSBORO,public,SRX9070995,QR-HH-25d-NoTreat_S189_L008_R1_001.fastq.gz,Illumina HiSeq 2500,SINGLE,other,TRANSCRIPTOMIC,ILLUMINA,SRS7319249,SAMN16054485,Apis mellifera,SRP280012,2020-09-03 00:00:00.000000 UTC,PRJNA661322,103,NA,101,290,NA,QR-HH-25d-NoTreat_S189_L008_R1_001.fastq.gz,[Invertebrate],2017-07-25,USA,North America,[USA:Greensboro],[],[],[],"[fastq,run.zq,sra]","[gs,ncbi,s3]","[gs.us-east1,ncbi.public,s3.us-east-1]","{
  ""attributes"": [{
    ""k"": ""bases"",
    ""v"": ""290881313""
  }, {
    ""k"": ""bytes"",
    ""v"": ""108925610""
  }, {
    ""k"": ""run_file_create_date"",
    ""v"": ""2020-09-03T17:07:00.000Z""
  }, {
    ""k"": ""collection_date_sam"",
    ""v"": ""2017-07-25""
  }, {
    ""k"": ""isolate_sam_ss_dpl100"",
    ""v"": ""Not Applicable""
  }, {
    ""k"": ""isolation_source_sam"",
    ""v"": ""Greensboro, NC""
  }, {
    ""k"": ""samples_numbers_sam"",
    ""v"": ""138""
  }, {
    ""k"": ""tissue_sam_ss_dpl145"",
    ""v"": ""Whole Body""
  }, {
    ""k"": ""primary_search"",
    ""v"": ""16054485""
  }, {
    ""k"": ""primary_search"",
    ""v"": ""661322""
  }, {
    ""k"": ""primary_search"",
    ""v"": ""PRJNA661322""
  }, {
    ""k"": ""primary_search"",
    ""v"": ""QR-HH-25d-NoTreat_S189_L008_R1_001.fastq.gz""
  }, {
    ""k"": ""primary_search"",
    ""v"": ""SAMN16054485""
  }, {
    ""k"": ""primary_search"",
    ""v"": ""SRP280012""
  }, {
    ""k"": ""primary_search"",
    ""v"": ""SRR12584209""
  }, {
    ""k"": ""primary_search"",
    ""v"": ""SRS7319249""
  }, {
    ""k"": ""primary_search"",
    ""v"": ""SRX9070995""
  }, {
    ""k"": ""primary_search"",
    ""v"": ""bp0""
  }]
}",1,"{""bases"": 290881313, ""bytes"": 108925610, ""run_file_create_date"": ""2020-09-03T17:07:00.000Z"", ""collection_date_sam"": [""2017-07-25""], ""isolate_sam_ss_dpl100"": [""Not Applicable""], ""isolation_source_sam"": [""Greensboro, NC""], ""samples_numbers_sam"": 138, ""tissue_sam_ss_dpl145"": [""Whole Body""], ""primary_search"": ""16054485""}","srr12584209 rna-seq university of north carolina at greensboro public srx9070995 qr-hh-25d-notreat_s189_l008_r1_001.fastq.gz illumina hiseq 2500 single other transcriptomic illumina srs7319249 samn16054485 apis mellifera srp280012 2020-09-03 00:00:00.000000 utc prjna661322 qr-hh-25d-notreat_s189_l008_r1_001.fastq.gz [invertebrate] 2017-07-25 usa north america [usa:greensboro] [] [] [] [fastq,run.zq,sra] [gs,ncbi,s3] [gs.us-east1,ncbi.public,s3.us-east-1] {
  ""attributes"": [{
    ""k"": ""bases"",
    ""v"": ""290881313""
  }, {
    ""k"": ""bytes"",
    ""v"": ""108925610""
  }, {
    ""k"": ""run_file_create_date"",
    ""v"": ""2020-09-03t17:07:00.000z""
  }, {
    ""k"": ""collection_date_sam"",
    ""v"": ""2017-07-25""
  }, {
    ""k"": ""isolate_sam_ss_dpl100"",
    ""v"": ""not applicable""
  }, {
    ""k"": ""isolation_source_sam"",
    ""v"": ""greensboro, nc""
  }, {
    ""k"": ""samples_numbers_sam"",
    ""v"": ""138""
  }, {
    ""k"": ""tissue_sam_ss_dpl145"",
    ""v"": ""whole body""
  }, {
    ""k"": ""primary_search"",
    ""v"": ""16054485""
  }, {
    ""k"": ""primary_search"",
    ""v"": ""661322""
  }, {
    ""k"": ""primary_search"",
    ""v"": ""prjna661322""
  }, {
    ""k"": ""primary_search"",
    ""v"": ""qr-hh-25d-notreat_s189_l008_r1_001.fastq.gz""
  }, {
    ""k"": ""primary_search"",
    ""v"": ""samn16054485""
  }, {
    ""k"": ""primary_search"",
    ""v"": ""srp280012""
  }, {
    ""k"": ""primary_search"",
    ""v"": ""srr12584209""
  }, {
    ""k"": ""primary_search"",
    ""v"": ""srs7319249""
  }, {
    ""k"": ""primary_search"",
    ""v"": ""srx9070995""
  }, {
    ""k"": ""primary_search"",
    ""v"": ""bp0""
  }]
} {""bases"": 290881313, ""bytes"": 108925610, ""run_file_create_date"": ""2020-09-03t17:07:00.000z"", ""collection_date_sam"": [""2017-07-25""], ""isolate_sam_ss_dpl100"": [""not applicable""], ""isolation_source_sam"": [""greensboro, nc""], ""samples_numbers_sam"": 138, ""tissue_sam_ss_dpl145"": [""whole body""], ""primary_search"": ""16054485""}",,1
SRR12584144,RNA-Seq,UNIVERSITY OF NORTH CAROLINA AT GREENSBORO,public,SRX9071060,QL-J-25d-PostPBS-24h_S161_L007_R1_001.fastq.gz,Illumina HiSeq 2500,SINGLE,other,TRANSCRIPTOMIC,ILLUMINA,SRS7319314,SAMN16054403,Apis mellifera,SRP280012,2020-09-03 00:00:00.000000 UTC,PRJNA661322,133,NA,101,370,NA,QL-J-25d-PostPBS-24h_S161_L007_R1_001.fastq.gz,[Invertebrate],2017-07-25,USA,North America,[USA:Greensboro],[],[],[],"[fastq,run.zq,sra]","[gs,ncbi,s3]","[gs.us-east1,ncbi.public,s3.us-east-1]","{
  ""attributes"": [{
    ""k"": ""bases"",
    ""v"": ""370343063""
  }, {
    ""k"": ""bytes"",
    ""v"": ""140424796""
  }, {
    ""k"": ""run_file_create_date"",
    ""v"": ""2020-09-03T17:08:00.000Z""
  }, {
    ""k"": ""collection_date_sam"",
    ""v"": ""2017-07-25""
  }, {
    ""k"": ""isolate_sam_ss_dpl100"",
    ""v"": ""Not Applicable""
  }, {
    ""k"": ""isolation_source_sam"",
    ""v"": ""Greensboro, NC""
  }, {
    ""k"": ""samples_numbers_sam"",
    ""v"": ""56""
  }, {
    ""k"": ""tissue_sam_ss_dpl145"",
    ""v"": ""Whole Body""
  }, {
    ""k"": ""primary_search"",
    ""v"": ""16054403""
  }, {
    ""k"": ""primary_search"",
    ""v"": ""661322""
  }, {
    ""k"": ""primary_search"",
    ""v"": ""PRJNA661322""
  }, {
    ""k"": ""primary_search"",
    ""v"": ""QL-J-25d-PostPBS-24h_S161_L007_R1_001.fastq.gz""
  }, {
    ""k"": ""primary_search"",
    ""v"": ""SAMN16054403""
  }, {
    ""k"": ""primary_search"",
    ""v"": ""SRP280012""
  }, {
    ""k"": ""primary_search"",
    ""v"": ""SRR12584144""
  }, {
    ""k"": ""primary_search"",
    ""v"": ""SRS7319314""
  }, {
    ""k"": ""primary_search"",
    ""v"": ""SRX9071060""
  }, {
    ""k"": ""primary_search"",
    ""v"": ""bp0""
  }]
}",1,"{""bases"": 370343063, ""bytes"": 140424796, ""run_file_create_date"": ""2020-09-03T17:08:00.000Z"", ""collection_date_sam"": [""2017-07-25""], ""isolate_sam_ss_dpl100"": [""Not Applicable""], ""isolation_source_sam"": [""Greensboro, NC""], ""samples_numbers_sam"": 56, ""tissue_sam_ss_dpl145"": [""Whole Body""], ""primary_search"": ""16054403""}","srr12584144 rna-seq university of north carolina at greensboro public srx9071060 ql-j-25d-postpbs-24h_s161_l007_r1_001.fastq.gz illumina hiseq 2500 single other transcriptomic illumina srs7319314 samn16054403 apis mellifera srp280012 2020-09-03 00:00:00.000000 utc prjna661322 ql-j-25d-postpbs-24h_s161_l007_r1_001.fastq.gz [invertebrate] 2017-07-25 usa north america [usa:greensboro] [] [] [] [fastq,run.zq,sra] [gs,ncbi,s3] [gs.us-east1,ncbi.public,s3.us-east-1] {
  ""attributes"": [{
    ""k"": ""bases"",
    ""v"": ""370343063""
  }, {
    ""k"": ""bytes"",
    ""v"": ""140424796""
  }, {
    ""k"": ""run_file_create_date"",
    ""v"": ""2020-09-03t17:08:00.000z""
  }, {
    ""k"": ""collection_date_sam"",
    ""v"": ""2017-07-25""
  }, {
    ""k"": ""isolate_sam_ss_dpl100"",
    ""v"": ""not applicable""
  }, {
    ""k"": ""isolation_source_sam"",
    ""v"": ""greensboro, nc""
  }, {
    ""k"": ""samples_numbers_sam"",
    ""v"": ""56""
  }, {
    ""k"": ""tissue_sam_ss_dpl145"",
    ""v"": ""whole body""
  }, {
    ""k"": ""primary_search"",
    ""v"": ""16054403""
  }, {
    ""k"": ""primary_search"",
    ""v"": ""661322""
  }, {
    ""k"": ""primary_search"",
    ""v"": ""prjna661322""
  }, {
    ""k"": ""primary_search"",
    ""v"": ""ql-j-25d-postpbs-24h_s161_l007_r1_001.fastq.gz""
  }, {
    ""k"": ""primary_search"",
    ""v"": ""samn16054403""
  }, {
    ""k"": ""primary_search"",
    ""v"": ""srp280012""
  }, {
    ""k"": ""primary_search"",
    ""v"": ""srr12584144""
  }, {
    ""k"": ""primary_search"",
    ""v"": ""srs7319314""
  }, {
    ""k"": ""primary_search"",
    ""v"": ""srx9071060""
  }, {
    ""k"": ""primary_search"",
    ""v"": ""bp0""
  }]
} {""bases"": 370343063, ""bytes"": 140424796, ""run_file_create_date"": ""2020-09-03t17:08:00.000z"", ""collection_date_sam"": [""2017-07-25""], ""isolate_sam_ss_dpl100"": [""not applicable""], ""isolation_source_sam"": [""greensboro, nc""], ""samples_numbers_sam"": 56, ""tissue_sam_ss_dpl145"": [""whole body""], ""primary_search"": ""16054403""}",,1
SRR12584196,RNA-Seq,UNIVERSITY OF NORTH CAROLINA AT GREENSBORO,public,SRX9071008,QR-JJ-25d-NoTreat_S185_L008_R1_001.fastq.gz,Illumina HiSeq 2500,SINGLE,other,TRANSCRIPTOMIC,ILLUMINA,SRS7319262,SAMN16054497,Apis mellifera,SRP280012,2020-09-03 00:00:00.000000 UTC,PRJNA661322,146,NA,101,398,NA,QR-JJ-25d-NoTreat_S185_L008_R1_001.fastq.gz,[Invertebrate],2017-07-25,USA,North America,[USA:Greensboro],[],[],[],"[fastq,run.zq,sra]","[gs,ncbi,s3]","[gs.us-east1,ncbi.public,s3.us-east-1]","{
  ""attributes"": [{
    ""k"": ""bases"",
    ""v"": ""398016760""
  }, {
    ""k"": ""bytes"",
    ""v"": ""153438806""
  }, {
    ""k"": ""run_file_create_date"",
    ""v"": ""2020-09-03T17:08:00.000Z""
  }, {
    ""k"": ""collection_date_sam"",
    ""v"": ""2017-07-25""
  }, {
    ""k"": ""isolate_sam_ss_dpl100"",
    ""v"": ""Not Applicable""
  }, {
    ""k"": ""isolation_source_sam"",
    ""v"": ""Greensboro, NC""
  }, {
    ""k"": ""samples_numbers_sam"",
    ""v"": ""150""
  }, {
    ""k"": ""tissue_sam_ss_dpl145"",
    ""v"": ""Whole Body""
  }, {
    ""k"": ""primary_search"",
    ""v"": ""16054497""
  }, {
    ""k"": ""primary_search"",
    ""v"": ""661322""
  }, {
    ""k"": ""primary_search"",
    ""v"": ""PRJNA661322""
  }, {
    ""k"": ""primary_search"",
    ""v"": ""QR-JJ-25d-NoTreat_S185_L008_R1_001.fastq.gz""
  }, {
    ""k"": ""primary_search"",
    ""v"": ""SAMN16054497""
  }, {
    ""k"": ""primary_search"",
    ""v"": ""SRP280012""
  }, {
    ""k"": ""primary_search"",
    ""v"": ""SRR12584196""
  }, {
    ""k"": ""primary_search"",
    ""v"": ""SRS7319262""
  }, {
    ""k"": ""primary_search"",
    ""v"": ""SRX9071008""
  }, {
    ""k"": ""primary_search"",
    ""v"": ""bp0""
  }]
}",1,"{""bases"": 398016760, ""bytes"": 153438806, ""run_file_create_date"": ""2020-09-03T17:08:00.000Z"", ""collection_date_sam"": [""2017-07-25""], ""isolate_sam_ss_dpl100"": [""Not Applicable""], ""isolation_source_sam"": [""Greensboro, NC""], ""samples_numbers_sam"": 150, ""tissue_sam_ss_dpl145"": [""Whole Body""], ""primary_search"": ""16054497""}","srr12584196 rna-seq university of north carolina at greensboro public srx9071008 qr-jj-25d-notreat_s185_l008_r1_001.fastq.gz illumina hiseq 2500 single other transcriptomic illumina srs7319262 samn16054497 apis mellifera srp280012 2020-09-03 00:00:00.000000 utc prjna661322 qr-jj-25d-notreat_s185_l008_r1_001.fastq.gz [invertebrate] 2017-07-25 usa north america [usa:greensboro] [] [] [] [fastq,run.zq,sra] [gs,ncbi,s3] [gs.us-east1,ncbi.public,s3.us-east-1] {
  ""attributes"": [{
    ""k"": ""bases"",
    ""v"": ""398016760""
  }, {
    ""k"": ""bytes"",
    ""v"": ""153438806""
  }, {
    ""k"": ""run_file_create_date"",
    ""v"": ""2020-09-03t17:08:00.000z""
  }, {
    ""k"": ""collection_date_sam"",
    ""v"": ""2017-07-25""
  }, {
    ""k"": ""isolate_sam_ss_dpl100"",
    ""v"": ""not applicable""
  }, {
    ""k"": ""isolation_source_sam"",
    ""v"": ""greensboro, nc""
  }, {
    ""k"": ""samples_numbers_sam"",
    ""v"": ""150""
  }, {
    ""k"": ""tissue_sam_ss_dpl145"",
    ""v"": ""whole body""
  }, {
    ""k"": ""primary_search"",
    ""v"": ""16054497""
  }, {
    ""k"": ""primary_search"",
    ""v"": ""661322""
  }, {
    ""k"": ""primary_search"",
    ""v"": ""prjna661322""
  }, {
    ""k"": ""primary_search"",
    ""v"": ""qr-jj-25d-notreat_s185_l008_r1_001.fastq.gz""
  }, {
    ""k"": ""primary_search"",
    ""v"": ""samn16054497""
  }, {
    ""k"": ""primary_search"",
    ""v"": ""srp280012""
  }, {
    ""k"": ""primary_search"",
    ""v"": ""srr12584196""
  }, {
    ""k"": ""primary_search"",
    ""v"": ""srs7319262""
  }, {
    ""k"": ""primary_search"",
    ""v"": ""srx9071008""
  }, {
    ""k"": ""primary_search"",
    ""v"": ""bp0""
  }]
} {""bases"": 398016760, ""bytes"": 153438806, ""run_file_create_date"": ""2020-09-03t17:08:00.000z"", ""collection_date_sam"": [""2017-07-25""], ""isolate_sam_ss_dpl100"": [""not applicable""], ""isolation_source_sam"": [""greensboro, nc""], ""samples_numbers_sam"": 150, ""tissue_sam_ss_dpl145"": [""whole body""], ""primary_search"": ""16054497""}",,1
SRR12584109,RNA-Seq,UNIVERSITY OF NORTH CAROLINA AT GREENSBORO,public,SRX9071095,QR-1-25d-NoTreat_S205_L006_R1_001.fastq.gz,Illumina HiSeq 2500,SINGLE,other,TRANSCRIPTOMIC,ILLUMINA,SRS7319349,SAMN16054435,Apis mellifera,SRP280012,2020-09-03 00:00:00.000000 UTC,PRJNA661322,200,NA,101,544,NA,QR-1-25d-NoTreat_S205_L006_R1_001.fastq.gz,[Invertebrate],2017-07-25,USA,North America,[USA:Greensboro],[],[],[],"[fastq,run.zq,sra]","[gs,ncbi,s3]","[gs.us-east1,ncbi.public,s3.us-east-1]","{
  ""attributes"": [{
    ""k"": ""bases"",
    ""v"": ""544700979""
  }, {
    ""k"": ""bytes"",
    ""v"": ""210178928""
  }, {
    ""k"": ""run_file_create_date"",
    ""v"": ""2020-09-03T17:08:00.000Z""
  }, {
    ""k"": ""collection_date_sam"",
    ""v"": ""2017-07-25""
  }, {
    ""k"": ""isolate_sam_ss_dpl100"",
    ""v"": ""Not Applicable""
  }, {
    ""k"": ""isolation_source_sam"",
    ""v"": ""Greensboro, NC""
  }, {
    ""k"": ""samples_numbers_sam"",
    ""v"": ""88""
  }, {
    ""k"": ""tissue_sam_ss_dpl145"",
    ""v"": ""Whole Body""
  }, {
    ""k"": ""primary_search"",
    ""v"": ""16054435""
  }, {
    ""k"": ""primary_search"",
    ""v"": ""661322""
  }, {
    ""k"": ""primary_search"",
    ""v"": ""PRJNA661322""
  }, {
    ""k"": ""primary_search"",
    ""v"": ""QR-1-25d-NoTreat_S205_L006_R1_001.fastq.gz""
  }, {
    ""k"": ""primary_search"",
    ""v"": ""SAMN16054435""
  }, {
    ""k"": ""primary_search"",
    ""v"": ""SRP280012""
  }, {
    ""k"": ""primary_search"",
    ""v"": ""SRR12584109""
  }, {
    ""k"": ""primary_search"",
    ""v"": ""SRS7319349""
  }, {
    ""k"": ""primary_search"",
    ""v"": ""SRX9071095""
  }, {
    ""k"": ""primary_search"",
    ""v"": ""bp0""
  }]
}",1,"{""bases"": 544700979, ""bytes"": 210178928, ""run_file_create_date"": ""2020-09-03T17:08:00.000Z"", ""collection_date_sam"": [""2017-07-25""], ""isolate_sam_ss_dpl100"": [""Not Applicable""], ""isolation_source_sam"": [""Greensboro, NC""], ""samples_numbers_sam"": 88, ""tissue_sam_ss_dpl145"": [""Whole Body""], ""primary_search"": ""16054435""}","srr12584109 rna-seq university of north carolina at greensboro public srx9071095 qr-1-25d-notreat_s205_l006_r1_001.fastq.gz illumina hiseq 2500 single other transcriptomic illumina srs7319349 samn16054435 apis mellifera srp280012 2020-09-03 00:00:00.000000 utc prjna661322 qr-1-25d-notreat_s205_l006_r1_001.fastq.gz [invertebrate] 2017-07-25 usa north america [usa:greensboro] [] [] [] [fastq,run.zq,sra] [gs,ncbi,s3] [gs.us-east1,ncbi.public,s3.us-east-1] {
  ""attributes"": [{
    ""k"": ""bases"",
    ""v"": ""544700979""
  }, {
    ""k"": ""bytes"",
    ""v"": ""210178928""
  }, {
    ""k"": ""run_file_create_date"",
    ""v"": ""2020-09-03t17:08:00.000z""
  }, {
    ""k"": ""collection_date_sam"",
    ""v"": ""2017-07-25""
  }, {
    ""k"": ""isolate_sam_ss_dpl100"",
    ""v"": ""not applicable""
  }, {
    ""k"": ""isolation_source_sam"",
    ""v"": ""greensboro, nc""
  }, {
    ""k"": ""samples_numbers_sam"",
    ""v"": ""88""
  }, {
    ""k"": ""tissue_sam_ss_dpl145"",
    ""v"": ""whole body""
  }, {
    ""k"": ""primary_search"",
    ""v"": ""16054435""
  }, {
    ""k"": ""primary_search"",
    ""v"": ""661322""
  }, {
    ""k"": ""primary_search"",
    ""v"": ""prjna661322""
  }, {
    ""k"": ""primary_search"",
    ""v"": ""qr-1-25d-notreat_s205_l006_r1_001.fastq.gz""
  }, {
    ""k"": ""primary_search"",
    ""v"": ""samn16054435""
  }, {
    ""k"": ""primary_search"",
    ""v"": ""srp280012""
  }, {
    ""k"": ""primary_search"",
    ""v"": ""srr12584109""
  }, {
    ""k"": ""primary_search"",
    ""v"": ""srs7319349""
  }, {
    ""k"": ""primary_search"",
    ""v"": ""srx9071095""
  }, {
    ""k"": ""primary_search"",
    ""v"": ""bp0""
  }]
} {""bases"": 544700979, ""bytes"": 210178928, ""run_file_create_date"": ""2020-09-03t17:08:00.000z"", ""collection_date_sam"": [""2017-07-25""], ""isolate_sam_ss_dpl100"": [""not applicable""], ""isolation_source_sam"": [""greensboro, nc""], ""samples_numbers_sam"": 88, ""tissue_sam_ss_dpl145"": [""whole body""], ""primary_search"": ""16054435""}",,1
SRR12584279,RNA-Seq,UNIVERSITY OF NORTH CAROLINA AT GREENSBORO,public,SRX9070925,QR-N-25d-PostParaquat-24h_S181_L007_R1_001.fastq.gz,Illumina HiSeq 2500,SINGLE,other,TRANSCRIPTOMIC,ILLUMINA,SRS7319179,SAMN16054508,Apis mellifera,SRP280012,2020-09-03 00:00:00.000000 UTC,PRJNA661322,174,NA,101,466,NA,QR-N-25d-PostParaquat-24h_S181_L007_R1_001.fastq.gz,[Invertebrate],2017-07-25,USA,North America,[USA:Greensboro],[],[],[],"[fastq,run.zq,sra]","[gs,ncbi,s3]","[gs.us-east1,ncbi.public,s3.us-east-1]","{
  ""attributes"": [{
    ""k"": ""bases"",
    ""v"": ""466985519""
  }, {
    ""k"": ""bytes"",
    ""v"": ""183476152""
  }, {
    ""k"": ""run_file_create_date"",
    ""v"": ""2020-09-03T17:08:00.000Z""
  }, {
    ""k"": ""collection_date_sam"",
    ""v"": ""2017-07-25""
  }, {
    ""k"": ""isolate_sam_ss_dpl100"",
    ""v"": ""Not Applicable""
  }, {
    ""k"": ""isolation_source_sam"",
    ""v"": ""Greensboro, NC""
  }, {
    ""k"": ""samples_numbers_sam"",
    ""v"": ""161""
  }, {
    ""k"": ""tissue_sam_ss_dpl145"",
    ""v"": ""Whole Body""
  }, {
    ""k"": ""primary_search"",
    ""v"": ""16054508""
  }, {
    ""k"": ""primary_search"",
    ""v"": ""661322""
  }, {
    ""k"": ""primary_search"",
    ""v"": ""PRJNA661322""
  }, {
    ""k"": ""primary_search"",
    ""v"": ""QR-N-25d-PostParaquat-24h_S181_L007_R1_001.fastq.gz""
  }, {
    ""k"": ""primary_search"",
    ""v"": ""SAMN16054508""
  }, {
    ""k"": ""primary_search"",
    ""v"": ""SRP280012""
  }, {
    ""k"": ""primary_search"",
    ""v"": ""SRR12584279""
  }, {
    ""k"": ""primary_search"",
    ""v"": ""SRS7319179""
  }, {
    ""k"": ""primary_search"",
    ""v"": ""SRX9070925""
  }, {
    ""k"": ""primary_search"",
    ""v"": ""bp0""
  }]
}",1,"{""bases"": 466985519, ""bytes"": 183476152, ""run_file_create_date"": ""2020-09-03T17:08:00.000Z"", ""collection_date_sam"": [""2017-07-25""], ""isolate_sam_ss_dpl100"": [""Not Applicable""], ""isolation_source_sam"": [""Greensboro, NC""], ""samples_numbers_sam"": 161, ""tissue_sam_ss_dpl145"": [""Whole Body""], ""primary_search"": ""16054508""}","srr12584279 rna-seq university of north carolina at greensboro public srx9070925 qr-n-25d-postparaquat-24h_s181_l007_r1_001.fastq.gz illumina hiseq 2500 single other transcriptomic illumina srs7319179 samn16054508 apis mellifera srp280012 2020-09-03 00:00:00.000000 utc prjna661322 qr-n-25d-postparaquat-24h_s181_l007_r1_001.fastq.gz [invertebrate] 2017-07-25 usa north america [usa:greensboro] [] [] [] [fastq,run.zq,sra] [gs,ncbi,s3] [gs.us-east1,ncbi.public,s3.us-east-1] {
  ""attributes"": [{
    ""k"": ""bases"",
    ""v"": ""466985519""
  }, {
    ""k"": ""bytes"",
    ""v"": ""183476152""
  }, {
    ""k"": ""run_file_create_date"",
    ""v"": ""2020-09-03t17:08:00.000z""
  }, {
    ""k"": ""collection_date_sam"",
    ""v"": ""2017-07-25""
  }, {
    ""k"": ""isolate_sam_ss_dpl100"",
    ""v"": ""not applicable""
  }, {
    ""k"": ""isolation_source_sam"",
    ""v"": ""greensboro, nc""
  }, {
    ""k"": ""samples_numbers_sam"",
    ""v"": ""161""
  }, {
    ""k"": ""tissue_sam_ss_dpl145"",
    ""v"": ""whole body""
  }, {
    ""k"": ""primary_search"",
    ""v"": ""16054508""
  }, {
    ""k"": ""primary_search"",
    ""v"": ""661322""
  }, {
    ""k"": ""primary_search"",
    ""v"": ""prjna661322""
  }, {
    ""k"": ""primary_search"",
    ""v"": ""qr-n-25d-postparaquat-24h_s181_l007_r1_001.fastq.gz""
  }, {
    ""k"": ""primary_search"",
    ""v"": ""samn16054508""
  }, {
    ""k"": ""primary_search"",
    ""v"": ""srp280012""
  }, {
    ""k"": ""primary_search"",
    ""v"": ""srr12584279""
  }, {
    ""k"": ""primary_search"",
    ""v"": ""srs7319179""
  }, {
    ""k"": ""primary_search"",
    ""v"": ""srx9070925""
  }, {
    ""k"": ""primary_search"",
    ""v"": ""bp0""
  }]
} {""bases"": 466985519, ""bytes"": 183476152, ""run_file_create_date"": ""2020-09-03t17:08:00.000z"", ""collection_date_sam"": [""2017-07-25""], ""isolate_sam_ss_dpl100"": [""not applicable""], ""isolation_source_sam"": [""greensboro, nc""], ""samples_numbers_sam"": 161, ""tissue_sam_ss_dpl145"": [""whole body""], ""primary_search"": ""16054508""}",,1
SRR12584099,RNA-Seq,UNIVERSITY OF NORTH CAROLINA AT GREENSBORO,public,SRX9071105,QR-4-25d-NoTreat_S202_L006_R1_001.fastq.gz,Illumina HiSeq 2500,SINGLE,other,TRANSCRIPTOMIC,ILLUMINA,SRS7319359,SAMN16054444,Apis mellifera,SRP280012,2020-09-03 00:00:00.000000 UTC,PRJNA661322,162,NA,101,443,NA,QR-4-25d-NoTreat_S202_L006_R1_001.fastq.gz,[Invertebrate],2017-07-25,USA,North America,[USA:Greensboro],[],[],[],"[fastq,run.zq,sra]","[gs,ncbi,s3]","[gs.us-east1,ncbi.public,s3.us-east-1]","{
  ""attributes"": [{
    ""k"": ""bases"",
    ""v"": ""443731279""
  }, {
    ""k"": ""bytes"",
    ""v"": ""170423620""
  }, {
    ""k"": ""run_file_create_date"",
    ""v"": ""2020-09-03T17:08:00.000Z""
  }, {
    ""k"": ""collection_date_sam"",
    ""v"": ""2017-07-25""
  }, {
    ""k"": ""isolate_sam_ss_dpl100"",
    ""v"": ""Not Applicable""
  }, {
    ""k"": ""isolation_source_sam"",
    ""v"": ""Greensboro, NC""
  }, {
    ""k"": ""samples_numbers_sam"",
    ""v"": ""97""
  }, {
    ""k"": ""tissue_sam_ss_dpl145"",
    ""v"": ""Whole Body""
  }, {
    ""k"": ""primary_search"",
    ""v"": ""16054444""
  }, {
    ""k"": ""primary_search"",
    ""v"": ""661322""
  }, {
    ""k"": ""primary_search"",
    ""v"": ""PRJNA661322""
  }, {
    ""k"": ""primary_search"",
    ""v"": ""QR-4-25d-NoTreat_S202_L006_R1_001.fastq.gz""
  }, {
    ""k"": ""primary_search"",
    ""v"": ""SAMN16054444""
  }, {
    ""k"": ""primary_search"",
    ""v"": ""SRP280012""
  }, {
    ""k"": ""primary_search"",
    ""v"": ""SRR12584099""
  }, {
    ""k"": ""primary_search"",
    ""v"": ""SRS7319359""
  }, {
    ""k"": ""primary_search"",
    ""v"": ""SRX9071105""
  }, {
    ""k"": ""primary_search"",
    ""v"": ""bp0""
  }]
}",1,"{""bases"": 443731279, ""bytes"": 170423620, ""run_file_create_date"": ""2020-09-03T17:08:00.000Z"", ""collection_date_sam"": [""2017-07-25""], ""isolate_sam_ss_dpl100"": [""Not Applicable""], ""isolation_source_sam"": [""Greensboro, NC""], ""samples_numbers_sam"": 97, ""tissue_sam_ss_dpl145"": [""Whole Body""], ""primary_search"": ""16054444""}","srr12584099 rna-seq university of north carolina at greensboro public srx9071105 qr-4-25d-notreat_s202_l006_r1_001.fastq.gz illumina hiseq 2500 single other transcriptomic illumina srs7319359 samn16054444 apis mellifera srp280012 2020-09-03 00:00:00.000000 utc prjna661322 qr-4-25d-notreat_s202_l006_r1_001.fastq.gz [invertebrate] 2017-07-25 usa north america [usa:greensboro] [] [] [] [fastq,run.zq,sra] [gs,ncbi,s3] [gs.us-east1,ncbi.public,s3.us-east-1] {
  ""attributes"": [{
    ""k"": ""bases"",
    ""v"": ""443731279""
  }, {
    ""k"": ""bytes"",
    ""v"": ""170423620""
  }, {
    ""k"": ""run_file_create_date"",
    ""v"": ""2020-09-03t17:08:00.000z""
  }, {
    ""k"": ""collection_date_sam"",
    ""v"": ""2017-07-25""
  }, {
    ""k"": ""isolate_sam_ss_dpl100"",
    ""v"": ""not applicable""
  }, {
    ""k"": ""isolation_source_sam"",
    ""v"": ""greensboro, nc""
  }, {
    ""k"": ""samples_numbers_sam"",
    ""v"": ""97""
  }, {
    ""k"": ""tissue_sam_ss_dpl145"",
    ""v"": ""whole body""
  }, {
    ""k"": ""primary_search"",
    ""v"": ""16054444""
  }, {
    ""k"": ""primary_search"",
    ""v"": ""661322""
  }, {
    ""k"": ""primary_search"",
    ""v"": ""prjna661322""
  }, {
    ""k"": ""primary_search"",
    ""v"": ""qr-4-25d-notreat_s202_l006_r1_001.fastq.gz""
  }, {
    ""k"": ""primary_search"",
    ""v"": ""samn16054444""
  }, {
    ""k"": ""primary_search"",
    ""v"": ""srp280012""
  }, {
    ""k"": ""primary_search"",
    ""v"": ""srr12584099""
  }, {
    ""k"": ""primary_search"",
    ""v"": ""srs7319359""
  }, {
    ""k"": ""primary_search"",
    ""v"": ""srx9071105""
  }, {
    ""k"": ""primary_search"",
    ""v"": ""bp0""
  }]
} {""bases"": 443731279, ""bytes"": 170423620, ""run_file_create_date"": ""2020-09-03t17:08:00.000z"", ""collection_date_sam"": [""2017-07-25""], ""isolate_sam_ss_dpl100"": [""not applicable""], ""isolation_source_sam"": [""greensboro, nc""], ""samples_numbers_sam"": 97, ""tissue_sam_ss_dpl145"": [""whole body""], ""primary_search"": ""16054444""}",,1
SRR12584118,RNA-Seq,UNIVERSITY OF NORTH CAROLINA AT GREENSBORO,public,SRX9071086,QL-R-25d-PostParaquat-24h_S156_L007_R1_001.fastq.gz,Illumina HiSeq 2500,SINGLE,other,TRANSCRIPTOMIC,ILLUMINA,SRS7319340,SAMN16054427,Apis mellifera,SRP280012,2020-09-03 00:00:00.000000 UTC,PRJNA661322,113,NA,101,306,NA,QL-R-25d-PostParaquat-24h_S156_L007_R1_001.fastq.gz,[Invertebrate],2017-07-25,USA,North America,[USA:Greensboro],[],[],[],"[fastq,run.zq,sra]","[gs,ncbi,s3]","[gs.us-east1,ncbi.public,s3.us-east-1]","{
  ""attributes"": [{
    ""k"": ""bases"",
    ""v"": ""306467431""
  }, {
    ""k"": ""bytes"",
    ""v"": ""119391553""
  }, {
    ""k"": ""run_file_create_date"",
    ""v"": ""2020-09-03T17:07:00.000Z""
  }, {
    ""k"": ""collection_date_sam"",
    ""v"": ""2017-07-25""
  }, {
    ""k"": ""isolate_sam_ss_dpl100"",
    ""v"": ""Not Applicable""
  }, {
    ""k"": ""isolation_source_sam"",
    ""v"": ""Greensboro, NC""
  }, {
    ""k"": ""samples_numbers_sam"",
    ""v"": ""80""
  }, {
    ""k"": ""tissue_sam_ss_dpl145"",
    ""v"": ""Whole Body""
  }, {
    ""k"": ""primary_search"",
    ""v"": ""16054427""
  }, {
    ""k"": ""primary_search"",
    ""v"": ""661322""
  }, {
    ""k"": ""primary_search"",
    ""v"": ""PRJNA661322""
  }, {
    ""k"": ""primary_search"",
    ""v"": ""QL-R-25d-PostParaquat-24h_S156_L007_R1_001.fastq.gz""
  }, {
    ""k"": ""primary_search"",
    ""v"": ""SAMN16054427""
  }, {
    ""k"": ""primary_search"",
    ""v"": ""SRP280012""
  }, {
    ""k"": ""primary_search"",
    ""v"": ""SRR12584118""
  }, {
    ""k"": ""primary_search"",
    ""v"": ""SRS7319340""
  }, {
    ""k"": ""primary_search"",
    ""v"": ""SRX9071086""
  }, {
    ""k"": ""primary_search"",
    ""v"": ""bp0""
  }]
}",1,"{""bases"": 306467431, ""bytes"": 119391553, ""run_file_create_date"": ""2020-09-03T17:07:00.000Z"", ""collection_date_sam"": [""2017-07-25""], ""isolate_sam_ss_dpl100"": [""Not Applicable""], ""isolation_source_sam"": [""Greensboro, NC""], ""samples_numbers_sam"": 80, ""tissue_sam_ss_dpl145"": [""Whole Body""], ""primary_search"": ""16054427""}","srr12584118 rna-seq university of north carolina at greensboro public srx9071086 ql-r-25d-postparaquat-24h_s156_l007_r1_001.fastq.gz illumina hiseq 2500 single other transcriptomic illumina srs7319340 samn16054427 apis mellifera srp280012 2020-09-03 00:00:00.000000 utc prjna661322 ql-r-25d-postparaquat-24h_s156_l007_r1_001.fastq.gz [invertebrate] 2017-07-25 usa north america [usa:greensboro] [] [] [] [fastq,run.zq,sra] [gs,ncbi,s3] [gs.us-east1,ncbi.public,s3.us-east-1] {
  ""attributes"": [{
    ""k"": ""bases"",
    ""v"": ""306467431""
  }, {
    ""k"": ""bytes"",
    ""v"": ""119391553""
  }, {
    ""k"": ""run_file_create_date"",
    ""v"": ""2020-09-03t17:07:00.000z""
  }, {
    ""k"": ""collection_date_sam"",
    ""v"": ""2017-07-25""
  }, {
    ""k"": ""isolate_sam_ss_dpl100"",
    ""v"": ""not applicable""
  }, {
    ""k"": ""isolation_source_sam"",
    ""v"": ""greensboro, nc""
  }, {
    ""k"": ""samples_numbers_sam"",
    ""v"": ""80""
  }, {
    ""k"": ""tissue_sam_ss_dpl145"",
    ""v"": ""whole body""
  }, {
    ""k"": ""primary_search"",
    ""v"": ""16054427""
  }, {
    ""k"": ""primary_search"",
    ""v"": ""661322""
  }, {
    ""k"": ""primary_search"",
    ""v"": ""prjna661322""
  }, {
    ""k"": ""primary_search"",
    ""v"": ""ql-r-25d-postparaquat-24h_s156_l007_r1_001.fastq.gz""
  }, {
    ""k"": ""primary_search"",
    ""v"": ""samn16054427""
  }, {
    ""k"": ""primary_search"",
    ""v"": ""srp280012""
  }, {
    ""k"": ""primary_search"",
    ""v"": ""srr12584118""
  }, {
    ""k"": ""primary_search"",
    ""v"": ""srs7319340""
  }, {
    ""k"": ""primary_search"",
    ""v"": ""srx9071086""
  }, {
    ""k"": ""primary_search"",
    ""v"": ""bp0""
  }]
} {""bases"": 306467431, ""bytes"": 119391553, ""run_file_create_date"": ""2020-09-03t17:07:00.000z"", ""collection_date_sam"": [""2017-07-25""], ""isolate_sam_ss_dpl100"": [""not applicable""], ""isolation_source_sam"": [""greensboro, nc""], ""samples_numbers_sam"": 80, ""tissue_sam_ss_dpl145"": [""whole body""], ""primary_search"": ""16054427""}",,1
SRR12584102,RNA-Seq,UNIVERSITY OF NORTH CAROLINA AT GREENSBORO,public,SRX9071102,QR-3-25d-NoTreat_S203_L006_R1_001.fastq.gz,Illumina HiSeq 2500,SINGLE,other,TRANSCRIPTOMIC,ILLUMINA,SRS7319356,SAMN16054441,Apis mellifera,SRP280012,2020-09-03 00:00:00.000000 UTC,PRJNA661322,175,NA,101,477,NA,QR-3-25d-NoTreat_S203_L006_R1_001.fastq.gz,[Invertebrate],2017-07-25,USA,North America,[USA:Greensboro],[],[],[],"[fastq,run.zq,sra]","[gs,ncbi,s3]","[gs.us-east1,ncbi.public,s3.us-east-1]","{
  ""attributes"": [{
    ""k"": ""bases"",
    ""v"": ""477058754""
  }, {
    ""k"": ""bytes"",
    ""v"": ""183630050""
  }, {
    ""k"": ""run_file_create_date"",
    ""v"": ""2020-09-03T17:08:00.000Z""
  }, {
    ""k"": ""collection_date_sam"",
    ""v"": ""2017-07-25""
  }, {
    ""k"": ""isolate_sam_ss_dpl100"",
    ""v"": ""Not Applicable""
  }, {
    ""k"": ""isolation_source_sam"",
    ""v"": ""Greensboro, NC""
  }, {
    ""k"": ""samples_numbers_sam"",
    ""v"": ""94""
  }, {
    ""k"": ""tissue_sam_ss_dpl145"",
    ""v"": ""Whole Body""
  }, {
    ""k"": ""primary_search"",
    ""v"": ""16054441""
  }, {
    ""k"": ""primary_search"",
    ""v"": ""661322""
  }, {
    ""k"": ""primary_search"",
    ""v"": ""PRJNA661322""
  }, {
    ""k"": ""primary_search"",
    ""v"": ""QR-3-25d-NoTreat_S203_L006_R1_001.fastq.gz""
  }, {
    ""k"": ""primary_search"",
    ""v"": ""SAMN16054441""
  }, {
    ""k"": ""primary_search"",
    ""v"": ""SRP280012""
  }, {
    ""k"": ""primary_search"",
    ""v"": ""SRR12584102""
  }, {
    ""k"": ""primary_search"",
    ""v"": ""SRS7319356""
  }, {
    ""k"": ""primary_search"",
    ""v"": ""SRX9071102""
  }, {
    ""k"": ""primary_search"",
    ""v"": ""bp0""
  }]
}",1,"{""bases"": 477058754, ""bytes"": 183630050, ""run_file_create_date"": ""2020-09-03T17:08:00.000Z"", ""collection_date_sam"": [""2017-07-25""], ""isolate_sam_ss_dpl100"": [""Not Applicable""], ""isolation_source_sam"": [""Greensboro, NC""], ""samples_numbers_sam"": 94, ""tissue_sam_ss_dpl145"": [""Whole Body""], ""primary_search"": ""16054441""}","srr12584102 rna-seq university of north carolina at greensboro public srx9071102 qr-3-25d-notreat_s203_l006_r1_001.fastq.gz illumina hiseq 2500 single other transcriptomic illumina srs7319356 samn16054441 apis mellifera srp280012 2020-09-03 00:00:00.000000 utc prjna661322 qr-3-25d-notreat_s203_l006_r1_001.fastq.gz [invertebrate] 2017-07-25 usa north america [usa:greensboro] [] [] [] [fastq,run.zq,sra] [gs,ncbi,s3] [gs.us-east1,ncbi.public,s3.us-east-1] {
  ""attributes"": [{
    ""k"": ""bases"",
    ""v"": ""477058754""
  }, {
    ""k"": ""bytes"",
    ""v"": ""183630050""
  }, {
    ""k"": ""run_file_create_date"",
    ""v"": ""2020-09-03t17:08:00.000z""
  }, {
    ""k"": ""collection_date_sam"",
    ""v"": ""2017-07-25""
  }, {
    ""k"": ""isolate_sam_ss_dpl100"",
    ""v"": ""not applicable""
  }, {
    ""k"": ""isolation_source_sam"",
    ""v"": ""greensboro, nc""
  }, {
    ""k"": ""samples_numbers_sam"",
    ""v"": ""94""
  }, {
    ""k"": ""tissue_sam_ss_dpl145"",
    ""v"": ""whole body""
  }, {
    ""k"": ""primary_search"",
    ""v"": ""16054441""
  }, {
    ""k"": ""primary_search"",
    ""v"": ""661322""
  }, {
    ""k"": ""primary_search"",
    ""v"": ""prjna661322""
  }, {
    ""k"": ""primary_search"",
    ""v"": ""qr-3-25d-notreat_s203_l006_r1_001.fastq.gz""
  }, {
    ""k"": ""primary_search"",
    ""v"": ""samn16054441""
  }, {
    ""k"": ""primary_search"",
    ""v"": ""srp280012""
  }, {
    ""k"": ""primary_search"",
    ""v"": ""srr12584102""
  }, {
    ""k"": ""primary_search"",
    ""v"": ""srs7319356""
  }, {
    ""k"": ""primary_search"",
    ""v"": ""srx9071102""
  }, {
    ""k"": ""primary_search"",
    ""v"": ""bp0""
  }]
} {""bases"": 477058754, ""bytes"": 183630050, ""run_file_create_date"": ""2020-09-03t17:08:00.000z"", ""collection_date_sam"": [""2017-07-25""], ""isolate_sam_ss_dpl100"": [""not applicable""], ""isolation_source_sam"": [""greensboro, nc""], ""samples_numbers_sam"": 94, ""tissue_sam_ss_dpl145"": [""whole body""], ""primary_search"": ""16054441""}",,1
SRR12584115,RNA-Seq,UNIVERSITY OF NORTH CAROLINA AT GREENSBORO,public,SRX9071089,QL-S-25d-PostParaquat-24h_S148_L006_R1_001.fastq.gz,Illumina HiSeq 2500,SINGLE,other,TRANSCRIPTOMIC,ILLUMINA,SRS7319343,SAMN16054429,Apis mellifera,SRP280012,2020-09-03 00:00:00.000000 UTC,PRJNA661322,87,NA,101,229,NA,QL-S-25d-PostParaquat-24h_S148_L006_R1_001.fastq.gz,[Invertebrate],2017-07-25,USA,North America,[USA:Greensboro],[],[],[],"[fastq,run.zq,sra]","[gs,ncbi,s3]","[gs.us-east1,ncbi.public,s3.us-east-1]","{
  ""attributes"": [{
    ""k"": ""bases"",
    ""v"": ""229193745""
  }, {
    ""k"": ""bytes"",
    ""v"": ""91338428""
  }, {
    ""k"": ""run_file_create_date"",
    ""v"": ""2020-09-03T17:07:00.000Z""
  }, {
    ""k"": ""collection_date_sam"",
    ""v"": ""2017-07-25""
  }, {
    ""k"": ""isolate_sam_ss_dpl100"",
    ""v"": ""Not Applicable""
  }, {
    ""k"": ""isolation_source_sam"",
    ""v"": ""Greensboro, NC""
  }, {
    ""k"": ""samples_numbers_sam"",
    ""v"": ""82""
  }, {
    ""k"": ""tissue_sam_ss_dpl145"",
    ""v"": ""Whole Body""
  }, {
    ""k"": ""primary_search"",
    ""v"": ""16054429""
  }, {
    ""k"": ""primary_search"",
    ""v"": ""661322""
  }, {
    ""k"": ""primary_search"",
    ""v"": ""PRJNA661322""
  }, {
    ""k"": ""primary_search"",
    ""v"": ""QL-S-25d-PostParaquat-24h_S148_L006_R1_001.fastq.gz""
  }, {
    ""k"": ""primary_search"",
    ""v"": ""SAMN16054429""
  }, {
    ""k"": ""primary_search"",
    ""v"": ""SRP280012""
  }, {
    ""k"": ""primary_search"",
    ""v"": ""SRR12584115""
  }, {
    ""k"": ""primary_search"",
    ""v"": ""SRS7319343""
  }, {
    ""k"": ""primary_search"",
    ""v"": ""SRX9071089""
  }, {
    ""k"": ""primary_search"",
    ""v"": ""bp0""
  }]
}",1,"{""bases"": 229193745, ""bytes"": 91338428, ""run_file_create_date"": ""2020-09-03T17:07:00.000Z"", ""collection_date_sam"": [""2017-07-25""], ""isolate_sam_ss_dpl100"": [""Not Applicable""], ""isolation_source_sam"": [""Greensboro, NC""], ""samples_numbers_sam"": 82, ""tissue_sam_ss_dpl145"": [""Whole Body""], ""primary_search"": ""16054429""}","srr12584115 rna-seq university of north carolina at greensboro public srx9071089 ql-s-25d-postparaquat-24h_s148_l006_r1_001.fastq.gz illumina hiseq 2500 single other transcriptomic illumina srs7319343 samn16054429 apis mellifera srp280012 2020-09-03 00:00:00.000000 utc prjna661322 ql-s-25d-postparaquat-24h_s148_l006_r1_001.fastq.gz [invertebrate] 2017-07-25 usa north america [usa:greensboro] [] [] [] [fastq,run.zq,sra] [gs,ncbi,s3] [gs.us-east1,ncbi.public,s3.us-east-1] {
  ""attributes"": [{
    ""k"": ""bases"",
    ""v"": ""229193745""
  }, {
    ""k"": ""bytes"",
    ""v"": ""91338428""
  }, {
    ""k"": ""run_file_create_date"",
    ""v"": ""2020-09-03t17:07:00.000z""
  }, {
    ""k"": ""collection_date_sam"",
    ""v"": ""2017-07-25""
  }, {
    ""k"": ""isolate_sam_ss_dpl100"",
    ""v"": ""not applicable""
  }, {
    ""k"": ""isolation_source_sam"",
    ""v"": ""greensboro, nc""
  }, {
    ""k"": ""samples_numbers_sam"",
    ""v"": ""82""
  }, {
    ""k"": ""tissue_sam_ss_dpl145"",
    ""v"": ""whole body""
  }, {
    ""k"": ""primary_search"",
    ""v"": ""16054429""
  }, {
    ""k"": ""primary_search"",
    ""v"": ""661322""
  }, {
    ""k"": ""primary_search"",
    ""v"": ""prjna661322""
  }, {
    ""k"": ""primary_search"",
    ""v"": ""ql-s-25d-postparaquat-24h_s148_l006_r1_001.fastq.gz""
  }, {
    ""k"": ""primary_search"",
    ""v"": ""samn16054429""
  }, {
    ""k"": ""primary_search"",
    ""v"": ""srp280012""
  }, {
    ""k"": ""primary_search"",
    ""v"": ""srr12584115""
  }, {
    ""k"": ""primary_search"",
    ""v"": ""srs7319343""
  }, {
    ""k"": ""primary_search"",
    ""v"": ""srx9071089""
  }, {
    ""k"": ""primary_search"",
    ""v"": ""bp0""
  }]
} {""bases"": 229193745, ""bytes"": 91338428, ""run_file_create_date"": ""2020-09-03t17:07:00.000z"", ""collection_date_sam"": [""2017-07-25""], ""isolate_sam_ss_dpl100"": [""not applicable""], ""isolation_source_sam"": [""greensboro, nc""], ""samples_numbers_sam"": 82, ""tissue_sam_ss_dpl145"": [""whole body""], ""primary_search"": ""16054429""}",,1
SRR12584268,RNA-Seq,UNIVERSITY OF NORTH CAROLINA AT GREENSBORO,public,SRX9070936,QR-Q-25d-PostParaquat-24h_S178_L008_R1_001.fastq.gz,Illumina HiSeq 2500,SINGLE,other,TRANSCRIPTOMIC,ILLUMINA,SRS7319190,SAMN16054518,Apis mellifera,SRP280012,2020-09-03 00:00:00.000000 UTC,PRJNA661322,152,NA,101,423,NA,QR-Q-25d-PostParaquat-24h_S178_L008_R1_001.fastq.gz,[Invertebrate],2017-07-25,USA,North America,[USA:Greensboro],[],[],[],"[fastq,run.zq,sra]","[gs,ncbi,s3]","[gs.us-east1,ncbi.public,s3.us-east-1]","{
  ""attributes"": [{
    ""k"": ""bases"",
    ""v"": ""423091626""
  }, {
    ""k"": ""bytes"",
    ""v"": ""159509264""
  }, {
    ""k"": ""run_file_create_date"",
    ""v"": ""2020-09-03T17:08:00.000Z""
  }, {
    ""k"": ""collection_date_sam"",
    ""v"": ""2017-07-25""
  }, {
    ""k"": ""isolate_sam_ss_dpl100"",
    ""v"": ""Not Applicable""
  }, {
    ""k"": ""isolation_source_sam"",
    ""v"": ""Greensboro, NC""
  }, {
    ""k"": ""samples_numbers_sam"",
    ""v"": ""171""
  }, {
    ""k"": ""tissue_sam_ss_dpl145"",
    ""v"": ""Whole Body""
  }, {
    ""k"": ""primary_search"",
    ""v"": ""16054518""
  }, {
    ""k"": ""primary_search"",
    ""v"": ""661322""
  }, {
    ""k"": ""primary_search"",
    ""v"": ""PRJNA661322""
  }, {
    ""k"": ""primary_search"",
    ""v"": ""QR-Q-25d-PostParaquat-24h_S178_L008_R1_001.fastq.gz""
  }, {
    ""k"": ""primary_search"",
    ""v"": ""SAMN16054518""
  }, {
    ""k"": ""primary_search"",
    ""v"": ""SRP280012""
  }, {
    ""k"": ""primary_search"",
    ""v"": ""SRR12584268""
  }, {
    ""k"": ""primary_search"",
    ""v"": ""SRS7319190""
  }, {
    ""k"": ""primary_search"",
    ""v"": ""SRX9070936""
  }, {
    ""k"": ""primary_search"",
    ""v"": ""bp0""
  }]
}",1,"{""bases"": 423091626, ""bytes"": 159509264, ""run_file_create_date"": ""2020-09-03T17:08:00.000Z"", ""collection_date_sam"": [""2017-07-25""], ""isolate_sam_ss_dpl100"": [""Not Applicable""], ""isolation_source_sam"": [""Greensboro, NC""], ""samples_numbers_sam"": 171, ""tissue_sam_ss_dpl145"": [""Whole Body""], ""primary_search"": ""16054518""}","srr12584268 rna-seq university of north carolina at greensboro public srx9070936 qr-q-25d-postparaquat-24h_s178_l008_r1_001.fastq.gz illumina hiseq 2500 single other transcriptomic illumina srs7319190 samn16054518 apis mellifera srp280012 2020-09-03 00:00:00.000000 utc prjna661322 qr-q-25d-postparaquat-24h_s178_l008_r1_001.fastq.gz [invertebrate] 2017-07-25 usa north america [usa:greensboro] [] [] [] [fastq,run.zq,sra] [gs,ncbi,s3] [gs.us-east1,ncbi.public,s3.us-east-1] {
  ""attributes"": [{
    ""k"": ""bases"",
    ""v"": ""423091626""
  }, {
    ""k"": ""bytes"",
    ""v"": ""159509264""
  }, {
    ""k"": ""run_file_create_date"",
    ""v"": ""2020-09-03t17:08:00.000z""
  }, {
    ""k"": ""collection_date_sam"",
    ""v"": ""2017-07-25""
  }, {
    ""k"": ""isolate_sam_ss_dpl100"",
    ""v"": ""not applicable""
  }, {
    ""k"": ""isolation_source_sam"",
    ""v"": ""greensboro, nc""
  }, {
    ""k"": ""samples_numbers_sam"",
    ""v"": ""171""
  }, {
    ""k"": ""tissue_sam_ss_dpl145"",
    ""v"": ""whole body""
  }, {
    ""k"": ""primary_search"",
    ""v"": ""16054518""
  }, {
    ""k"": ""primary_search"",
    ""v"": ""661322""
  }, {
    ""k"": ""primary_search"",
    ""v"": ""prjna661322""
  }, {
    ""k"": ""primary_search"",
    ""v"": ""qr-q-25d-postparaquat-24h_s178_l008_r1_001.fastq.gz""
  }, {
    ""k"": ""primary_search"",
    ""v"": ""samn16054518""
  }, {
    ""k"": ""primary_search"",
    ""v"": ""srp280012""
  }, {
    ""k"": ""primary_search"",
    ""v"": ""srr12584268""
  }, {
    ""k"": ""primary_search"",
    ""v"": ""srs7319190""
  }, {
    ""k"": ""primary_search"",
    ""v"": ""srx9070936""
  }, {
    ""k"": ""primary_search"",
    ""v"": ""bp0""
  }]
} {""bases"": 423091626, ""bytes"": 159509264, ""run_file_create_date"": ""2020-09-03t17:08:00.000z"", ""collection_date_sam"": [""2017-07-25""], ""isolate_sam_ss_dpl100"": [""not applicable""], ""isolation_source_sam"": [""greensboro, nc""], ""samples_numbers_sam"": 171, ""tissue_sam_ss_dpl145"": [""whole body""], ""primary_search"": ""16054518""}",,1
SRR12584263,RNA-Seq,UNIVERSITY OF NORTH CAROLINA AT GREENSBORO,public,SRX9070941,QR-S-25d-PostParaquat-24h_S176_L007_R1_001.fastq.gz,Illumina HiSeq 2500,SINGLE,other,TRANSCRIPTOMIC,ILLUMINA,SRS7319195,SAMN16054523,Apis mellifera,SRP280012,2020-09-03 00:00:00.000000 UTC,PRJNA661322,69,NA,101,193,NA,QR-S-25d-PostParaquat-24h_S176_L007_R1_001.fastq.gz,[Invertebrate],2017-07-25,USA,North America,[USA:Greensboro],[],[],[],"[fastq,run.zq,sra]","[gs,ncbi,s3]","[gs.us-east1,ncbi.public,s3.us-east-1]","{
  ""attributes"": [{
    ""k"": ""bases"",
    ""v"": ""193847886""
  }, {
    ""k"": ""bytes"",
    ""v"": ""73238937""
  }, {
    ""k"": ""run_file_create_date"",
    ""v"": ""2020-09-03T17:07:00.000Z""
  }, {
    ""k"": ""collection_date_sam"",
    ""v"": ""2017-07-25""
  }, {
    ""k"": ""isolate_sam_ss_dpl100"",
    ""v"": ""Not Applicable""
  }, {
    ""k"": ""isolation_source_sam"",
    ""v"": ""Greensboro, NC""
  }, {
    ""k"": ""samples_numbers_sam"",
    ""v"": ""176""
  }, {
    ""k"": ""tissue_sam_ss_dpl145"",
    ""v"": ""Whole Body""
  }, {
    ""k"": ""primary_search"",
    ""v"": ""16054523""
  }, {
    ""k"": ""primary_search"",
    ""v"": ""661322""
  }, {
    ""k"": ""primary_search"",
    ""v"": ""PRJNA661322""
  }, {
    ""k"": ""primary_search"",
    ""v"": ""QR-S-25d-PostParaquat-24h_S176_L007_R1_001.fastq.gz""
  }, {
    ""k"": ""primary_search"",
    ""v"": ""SAMN16054523""
  }, {
    ""k"": ""primary_search"",
    ""v"": ""SRP280012""
  }, {
    ""k"": ""primary_search"",
    ""v"": ""SRR12584263""
  }, {
    ""k"": ""primary_search"",
    ""v"": ""SRS7319195""
  }, {
    ""k"": ""primary_search"",
    ""v"": ""SRX9070941""
  }, {
    ""k"": ""primary_search"",
    ""v"": ""bp0""
  }]
}",1,"{""bases"": 193847886, ""bytes"": 73238937, ""run_file_create_date"": ""2020-09-03T17:07:00.000Z"", ""collection_date_sam"": [""2017-07-25""], ""isolate_sam_ss_dpl100"": [""Not Applicable""], ""isolation_source_sam"": [""Greensboro, NC""], ""samples_numbers_sam"": 176, ""tissue_sam_ss_dpl145"": [""Whole Body""], ""primary_search"": ""16054523""}","srr12584263 rna-seq university of north carolina at greensboro public srx9070941 qr-s-25d-postparaquat-24h_s176_l007_r1_001.fastq.gz illumina hiseq 2500 single other transcriptomic illumina srs7319195 samn16054523 apis mellifera srp280012 2020-09-03 00:00:00.000000 utc prjna661322 qr-s-25d-postparaquat-24h_s176_l007_r1_001.fastq.gz [invertebrate] 2017-07-25 usa north america [usa:greensboro] [] [] [] [fastq,run.zq,sra] [gs,ncbi,s3] [gs.us-east1,ncbi.public,s3.us-east-1] {
  ""attributes"": [{
    ""k"": ""bases"",
    ""v"": ""193847886""
  }, {
    ""k"": ""bytes"",
    ""v"": ""73238937""
  }, {
    ""k"": ""run_file_create_date"",
    ""v"": ""2020-09-03t17:07:00.000z""
  }, {
    ""k"": ""collection_date_sam"",
    ""v"": ""2017-07-25""
  }, {
    ""k"": ""isolate_sam_ss_dpl100"",
    ""v"": ""not applicable""
  }, {
    ""k"": ""isolation_source_sam"",
    ""v"": ""greensboro, nc""
  }, {
    ""k"": ""samples_numbers_sam"",
    ""v"": ""176""
  }, {
    ""k"": ""tissue_sam_ss_dpl145"",
    ""v"": ""whole body""
  }, {
    ""k"": ""primary_search"",
    ""v"": ""16054523""
  }, {
    ""k"": ""primary_search"",
    ""v"": ""661322""
  }, {
    ""k"": ""primary_search"",
    ""v"": ""prjna661322""
  }, {
    ""k"": ""primary_search"",
    ""v"": ""qr-s-25d-postparaquat-24h_s176_l007_r1_001.fastq.gz""
  }, {
    ""k"": ""primary_search"",
    ""v"": ""samn16054523""
  }, {
    ""k"": ""primary_search"",
    ""v"": ""srp280012""
  }, {
    ""k"": ""primary_search"",
    ""v"": ""srr12584263""
  }, {
    ""k"": ""primary_search"",
    ""v"": ""srs7319195""
  }, {
    ""k"": ""primary_search"",
    ""v"": ""srx9070941""
  }, {
    ""k"": ""primary_search"",
    ""v"": ""bp0""
  }]
} {""bases"": 193847886, ""bytes"": 73238937, ""run_file_create_date"": ""2020-09-03t17:07:00.000z"", ""collection_date_sam"": [""2017-07-25""], ""isolate_sam_ss_dpl100"": [""not applicable""], ""isolation_source_sam"": [""greensboro, nc""], ""samples_numbers_sam"": 176, ""tissue_sam_ss_dpl145"": [""whole body""], ""primary_search"": ""16054523""}",,1
SRR12584133,RNA-Seq,UNIVERSITY OF NORTH CAROLINA AT GREENSBORO,public,SRX9071071,QL-M-25d-PostParaquat-24h_S164_L008_R1_001.fastq.gz,Illumina HiSeq 2500,SINGLE,other,TRANSCRIPTOMIC,ILLUMINA,SRS7319325,SAMN16054413,Apis mellifera,SRP280012,2020-09-03 00:00:00.000000 UTC,PRJNA661322,95,NA,101,263,NA,QL-M-25d-PostParaquat-24h_S164_L008_R1_001.fastq.gz,[Invertebrate],2017-07-25,USA,North America,[USA:Greensboro],[],[],[],"[fastq,run.zq,sra]","[gs,ncbi,s3]","[gs.us-east1,ncbi.public,s3.us-east-1]","{
  ""attributes"": [{
    ""k"": ""bases"",
    ""v"": ""263738371""
  }, {
    ""k"": ""bytes"",
    ""v"": ""99754435""
  }, {
    ""k"": ""run_file_create_date"",
    ""v"": ""2020-09-03T17:07:00.000Z""
  }, {
    ""k"": ""collection_date_sam"",
    ""v"": ""2017-07-25""
  }, {
    ""k"": ""isolate_sam_ss_dpl100"",
    ""v"": ""Not Applicable""
  }, {
    ""k"": ""isolation_source_sam"",
    ""v"": ""Greensboro, NC""
  }, {
    ""k"": ""samples_numbers_sam"",
    ""v"": ""66""
  }, {
    ""k"": ""tissue_sam_ss_dpl145"",
    ""v"": ""Whole Body""
  }, {
    ""k"": ""primary_search"",
    ""v"": ""16054413""
  }, {
    ""k"": ""primary_search"",
    ""v"": ""661322""
  }, {
    ""k"": ""primary_search"",
    ""v"": ""PRJNA661322""
  }, {
    ""k"": ""primary_search"",
    ""v"": ""QL-M-25d-PostParaquat-24h_S164_L008_R1_001.fastq.gz""
  }, {
    ""k"": ""primary_search"",
    ""v"": ""SAMN16054413""
  }, {
    ""k"": ""primary_search"",
    ""v"": ""SRP280012""
  }, {
    ""k"": ""primary_search"",
    ""v"": ""SRR12584133""
  }, {
    ""k"": ""primary_search"",
    ""v"": ""SRS7319325""
  }, {
    ""k"": ""primary_search"",
    ""v"": ""SRX9071071""
  }, {
    ""k"": ""primary_search"",
    ""v"": ""bp0""
  }]
}",1,"{""bases"": 263738371, ""bytes"": 99754435, ""run_file_create_date"": ""2020-09-03T17:07:00.000Z"", ""collection_date_sam"": [""2017-07-25""], ""isolate_sam_ss_dpl100"": [""Not Applicable""], ""isolation_source_sam"": [""Greensboro, NC""], ""samples_numbers_sam"": 66, ""tissue_sam_ss_dpl145"": [""Whole Body""], ""primary_search"": ""16054413""}","srr12584133 rna-seq university of north carolina at greensboro public srx9071071 ql-m-25d-postparaquat-24h_s164_l008_r1_001.fastq.gz illumina hiseq 2500 single other transcriptomic illumina srs7319325 samn16054413 apis mellifera srp280012 2020-09-03 00:00:00.000000 utc prjna661322 ql-m-25d-postparaquat-24h_s164_l008_r1_001.fastq.gz [invertebrate] 2017-07-25 usa north america [usa:greensboro] [] [] [] [fastq,run.zq,sra] [gs,ncbi,s3] [gs.us-east1,ncbi.public,s3.us-east-1] {
  ""attributes"": [{
    ""k"": ""bases"",
    ""v"": ""263738371""
  }, {
    ""k"": ""bytes"",
    ""v"": ""99754435""
  }, {
    ""k"": ""run_file_create_date"",
    ""v"": ""2020-09-03t17:07:00.000z""
  }, {
    ""k"": ""collection_date_sam"",
    ""v"": ""2017-07-25""
  }, {
    ""k"": ""isolate_sam_ss_dpl100"",
    ""v"": ""not applicable""
  }, {
    ""k"": ""isolation_source_sam"",
    ""v"": ""greensboro, nc""
  }, {
    ""k"": ""samples_numbers_sam"",
    ""v"": ""66""
  }, {
    ""k"": ""tissue_sam_ss_dpl145"",
    ""v"": ""whole body""
  }, {
    ""k"": ""primary_search"",
    ""v"": ""16054413""
  }, {
    ""k"": ""primary_search"",
    ""v"": ""661322""
  }, {
    ""k"": ""primary_search"",
    ""v"": ""prjna661322""
  }, {
    ""k"": ""primary_search"",
    ""v"": ""ql-m-25d-postparaquat-24h_s164_l008_r1_001.fastq.gz""
  }, {
    ""k"": ""primary_search"",
    ""v"": ""samn16054413""
  }, {
    ""k"": ""primary_search"",
    ""v"": ""srp280012""
  }, {
    ""k"": ""primary_search"",
    ""v"": ""srr12584133""
  }, {
    ""k"": ""primary_search"",
    ""v"": ""srs7319325""
  }, {
    ""k"": ""primary_search"",
    ""v"": ""srx9071071""
  }, {
    ""k"": ""primary_search"",
    ""v"": ""bp0""
  }]
} {""bases"": 263738371, ""bytes"": 99754435, ""run_file_create_date"": ""2020-09-03t17:07:00.000z"", ""collection_date_sam"": [""2017-07-25""], ""isolate_sam_ss_dpl100"": [""not applicable""], ""isolation_source_sam"": [""greensboro, nc""], ""samples_numbers_sam"": 66, ""tissue_sam_ss_dpl145"": [""whole body""], ""primary_search"": ""16054413""}",,1
SRR12584105,RNA-Seq,UNIVERSITY OF NORTH CAROLINA AT GREENSBORO,public,SRX9071099,QR-2-25d-NoTreat_S204_L006_R1_001.fastq.gz,Illumina HiSeq 2500,SINGLE,other,TRANSCRIPTOMIC,ILLUMINA,SRS7319353,SAMN16054438,Apis mellifera,SRP280012,2020-09-03 00:00:00.000000 UTC,PRJNA661322,204,NA,101,550,NA,QR-2-25d-NoTreat_S204_L006_R1_001.fastq.gz,[Invertebrate],2017-07-25,USA,North America,[USA:Greensboro],[],[],[],"[fastq,run.zq,sra]","[gs,ncbi,s3]","[gs.us-east1,ncbi.public,s3.us-east-1]","{
  ""attributes"": [{
    ""k"": ""bases"",
    ""v"": ""550818953""
  }, {
    ""k"": ""bytes"",
    ""v"": ""214113242""
  }, {
    ""k"": ""run_file_create_date"",
    ""v"": ""2020-09-03T17:08:00.000Z""
  }, {
    ""k"": ""collection_date_sam"",
    ""v"": ""2017-07-25""
  }, {
    ""k"": ""isolate_sam_ss_dpl100"",
    ""v"": ""Not Applicable""
  }, {
    ""k"": ""isolation_source_sam"",
    ""v"": ""Greensboro, NC""
  }, {
    ""k"": ""samples_numbers_sam"",
    ""v"": ""91""
  }, {
    ""k"": ""tissue_sam_ss_dpl145"",
    ""v"": ""Whole Body""
  }, {
    ""k"": ""primary_search"",
    ""v"": ""16054438""
  }, {
    ""k"": ""primary_search"",
    ""v"": ""661322""
  }, {
    ""k"": ""primary_search"",
    ""v"": ""PRJNA661322""
  }, {
    ""k"": ""primary_search"",
    ""v"": ""QR-2-25d-NoTreat_S204_L006_R1_001.fastq.gz""
  }, {
    ""k"": ""primary_search"",
    ""v"": ""SAMN16054438""
  }, {
    ""k"": ""primary_search"",
    ""v"": ""SRP280012""
  }, {
    ""k"": ""primary_search"",
    ""v"": ""SRR12584105""
  }, {
    ""k"": ""primary_search"",
    ""v"": ""SRS7319353""
  }, {
    ""k"": ""primary_search"",
    ""v"": ""SRX9071099""
  }, {
    ""k"": ""primary_search"",
    ""v"": ""bp0""
  }]
}",1,"{""bases"": 550818953, ""bytes"": 214113242, ""run_file_create_date"": ""2020-09-03T17:08:00.000Z"", ""collection_date_sam"": [""2017-07-25""], ""isolate_sam_ss_dpl100"": [""Not Applicable""], ""isolation_source_sam"": [""Greensboro, NC""], ""samples_numbers_sam"": 91, ""tissue_sam_ss_dpl145"": [""Whole Body""], ""primary_search"": ""16054438""}","srr12584105 rna-seq university of north carolina at greensboro public srx9071099 qr-2-25d-notreat_s204_l006_r1_001.fastq.gz illumina hiseq 2500 single other transcriptomic illumina srs7319353 samn16054438 apis mellifera srp280012 2020-09-03 00:00:00.000000 utc prjna661322 qr-2-25d-notreat_s204_l006_r1_001.fastq.gz [invertebrate] 2017-07-25 usa north america [usa:greensboro] [] [] [] [fastq,run.zq,sra] [gs,ncbi,s3] [gs.us-east1,ncbi.public,s3.us-east-1] {
  ""attributes"": [{
    ""k"": ""bases"",
    ""v"": ""550818953""
  }, {
    ""k"": ""bytes"",
    ""v"": ""214113242""
  }, {
    ""k"": ""run_file_create_date"",
    ""v"": ""2020-09-03t17:08:00.000z""
  }, {
    ""k"": ""collection_date_sam"",
    ""v"": ""2017-07-25""
  }, {
    ""k"": ""isolate_sam_ss_dpl100"",
    ""v"": ""not applicable""
  }, {
    ""k"": ""isolation_source_sam"",
    ""v"": ""greensboro, nc""
  }, {
    ""k"": ""samples_numbers_sam"",
    ""v"": ""91""
  }, {
    ""k"": ""tissue_sam_ss_dpl145"",
    ""v"": ""whole body""
  }, {
    ""k"": ""primary_search"",
    ""v"": ""16054438""
  }, {
    ""k"": ""primary_search"",
    ""v"": ""661322""
  }, {
    ""k"": ""primary_search"",
    ""v"": ""prjna661322""
  }, {
    ""k"": ""primary_search"",
    ""v"": ""qr-2-25d-notreat_s204_l006_r1_001.fastq.gz""
  }, {
    ""k"": ""primary_search"",
    ""v"": ""samn16054438""
  }, {
    ""k"": ""primary_search"",
    ""v"": ""srp280012""
  }, {
    ""k"": ""primary_search"",
    ""v"": ""srr12584105""
  }, {
    ""k"": ""primary_search"",
    ""v"": ""srs7319353""
  }, {
    ""k"": ""primary_search"",
    ""v"": ""srx9071099""
  }, {
    ""k"": ""primary_search"",
    ""v"": ""bp0""
  }]
} {""bases"": 550818953, ""bytes"": 214113242, ""run_file_create_date"": ""2020-09-03t17:08:00.000z"", ""collection_date_sam"": [""2017-07-25""], ""isolate_sam_ss_dpl100"": [""not applicable""], ""isolation_source_sam"": [""greensboro, nc""], ""samples_numbers_sam"": 91, ""tissue_sam_ss_dpl145"": [""whole body""], ""primary_search"": ""16054438""}",,1
SRR12584213,RNA-Seq,UNIVERSITY OF NORTH CAROLINA AT GREENSBORO,public,SRX9070991,QR-H-25d-PostPBS-24h_S190_L007_R1_001.fastq.gz,Illumina HiSeq 2500,SINGLE,other,TRANSCRIPTOMIC,ILLUMINA,SRS7319245,SAMN16054481,Apis mellifera,SRP280012,2020-09-03 00:00:00.000000 UTC,PRJNA661322,99,NA,101,282,NA,QR-H-25d-PostPBS-24h_S190_L007_R1_001.fastq.gz,[Invertebrate],2017-07-25,USA,North America,[USA:Greensboro],[],[],[],"[fastq,run.zq,sra]","[gs,ncbi,s3]","[gs.us-east1,ncbi.public,s3.us-east-1]","{
  ""attributes"": [{
    ""k"": ""bases"",
    ""v"": ""282963620""
  }, {
    ""k"": ""bytes"",
    ""v"": ""104027847""
  }, {
    ""k"": ""run_file_create_date"",
    ""v"": ""2020-09-03T17:07:00.000Z""
  }, {
    ""k"": ""collection_date_sam"",
    ""v"": ""2017-07-25""
  }, {
    ""k"": ""isolate_sam_ss_dpl100"",
    ""v"": ""Not Applicable""
  }, {
    ""k"": ""isolation_source_sam"",
    ""v"": ""Greensboro, NC""
  }, {
    ""k"": ""samples_numbers_sam"",
    ""v"": ""134""
  }, {
    ""k"": ""tissue_sam_ss_dpl145"",
    ""v"": ""Whole Body""
  }, {
    ""k"": ""primary_search"",
    ""v"": ""16054481""
  }, {
    ""k"": ""primary_search"",
    ""v"": ""661322""
  }, {
    ""k"": ""primary_search"",
    ""v"": ""PRJNA661322""
  }, {
    ""k"": ""primary_search"",
    ""v"": ""QR-H-25d-PostPBS-24h_S190_L007_R1_001.fastq.gz""
  }, {
    ""k"": ""primary_search"",
    ""v"": ""SAMN16054481""
  }, {
    ""k"": ""primary_search"",
    ""v"": ""SRP280012""
  }, {
    ""k"": ""primary_search"",
    ""v"": ""SRR12584213""
  }, {
    ""k"": ""primary_search"",
    ""v"": ""SRS7319245""
  }, {
    ""k"": ""primary_search"",
    ""v"": ""SRX9070991""
  }, {
    ""k"": ""primary_search"",
    ""v"": ""bp0""
  }]
}",1,"{""bases"": 282963620, ""bytes"": 104027847, ""run_file_create_date"": ""2020-09-03T17:07:00.000Z"", ""collection_date_sam"": [""2017-07-25""], ""isolate_sam_ss_dpl100"": [""Not Applicable""], ""isolation_source_sam"": [""Greensboro, NC""], ""samples_numbers_sam"": 134, ""tissue_sam_ss_dpl145"": [""Whole Body""], ""primary_search"": ""16054481""}","srr12584213 rna-seq university of north carolina at greensboro public srx9070991 qr-h-25d-postpbs-24h_s190_l007_r1_001.fastq.gz illumina hiseq 2500 single other transcriptomic illumina srs7319245 samn16054481 apis mellifera srp280012 2020-09-03 00:00:00.000000 utc prjna661322 qr-h-25d-postpbs-24h_s190_l007_r1_001.fastq.gz [invertebrate] 2017-07-25 usa north america [usa:greensboro] [] [] [] [fastq,run.zq,sra] [gs,ncbi,s3] [gs.us-east1,ncbi.public,s3.us-east-1] {
  ""attributes"": [{
    ""k"": ""bases"",
    ""v"": ""282963620""
  }, {
    ""k"": ""bytes"",
    ""v"": ""104027847""
  }, {
    ""k"": ""run_file_create_date"",
    ""v"": ""2020-09-03t17:07:00.000z""
  }, {
    ""k"": ""collection_date_sam"",
    ""v"": ""2017-07-25""
  }, {
    ""k"": ""isolate_sam_ss_dpl100"",
    ""v"": ""not applicable""
  }, {
    ""k"": ""isolation_source_sam"",
    ""v"": ""greensboro, nc""
  }, {
    ""k"": ""samples_numbers_sam"",
    ""v"": ""134""
  }, {
    ""k"": ""tissue_sam_ss_dpl145"",
    ""v"": ""whole body""
  }, {
    ""k"": ""primary_search"",
    ""v"": ""16054481""
  }, {
    ""k"": ""primary_search"",
    ""v"": ""661322""
  }, {
    ""k"": ""primary_search"",
    ""v"": ""prjna661322""
  }, {
    ""k"": ""primary_search"",
    ""v"": ""qr-h-25d-postpbs-24h_s190_l007_r1_001.fastq.gz""
  }, {
    ""k"": ""primary_search"",
    ""v"": ""samn16054481""
  }, {
    ""k"": ""primary_search"",
    ""v"": ""srp280012""
  }, {
    ""k"": ""primary_search"",
    ""v"": ""srr12584213""
  }, {
    ""k"": ""primary_search"",
    ""v"": ""srs7319245""
  }, {
    ""k"": ""primary_search"",
    ""v"": ""srx9070991""
  }, {
    ""k"": ""primary_search"",
    ""v"": ""bp0""
  }]
} {""bases"": 282963620, ""bytes"": 104027847, ""run_file_create_date"": ""2020-09-03t17:07:00.000z"", ""collection_date_sam"": [""2017-07-25""], ""isolate_sam_ss_dpl100"": [""not applicable""], ""isolation_source_sam"": [""greensboro, nc""], ""samples_numbers_sam"": 134, ""tissue_sam_ss_dpl145"": [""whole body""], ""primary_search"": ""16054481""}",,1
SRR12584237,RNA-Seq,UNIVERSITY OF NORTH CAROLINA AT GREENSBORO,public,SRX9070967,QR-C-25d-PostPBS-24h_S197_L006_R1_001.fastq.gz,Illumina HiSeq 2500,SINGLE,other,TRANSCRIPTOMIC,ILLUMINA,SRS7319221,SAMN16054459,Apis mellifera,SRP280012,2020-09-03 00:00:00.000000 UTC,PRJNA661322,158,NA,101,450,NA,QR-C-25d-PostPBS-24h_S197_L006_R1_001.fastq.gz,[Invertebrate],2017-07-25,USA,North America,[USA:Greensboro],[],[],[],"[fastq,run.zq,sra]","[gs,ncbi,s3]","[gs.us-east1,ncbi.public,s3.us-east-1]","{
  ""attributes"": [{
    ""k"": ""bases"",
    ""v"": ""450968333""
  }, {
    ""k"": ""bytes"",
    ""v"": ""166225201""
  }, {
    ""k"": ""run_file_create_date"",
    ""v"": ""2020-09-03T17:08:00.000Z""
  }, {
    ""k"": ""collection_date_sam"",
    ""v"": ""2017-07-25""
  }, {
    ""k"": ""isolate_sam_ss_dpl100"",
    ""v"": ""Not Applicable""
  }, {
    ""k"": ""isolation_source_sam"",
    ""v"": ""Greensboro, NC""
  }, {
    ""k"": ""samples_numbers_sam"",
    ""v"": ""112""
  }, {
    ""k"": ""tissue_sam_ss_dpl145"",
    ""v"": ""Whole Body""
  }, {
    ""k"": ""primary_search"",
    ""v"": ""16054459""
  }, {
    ""k"": ""primary_search"",
    ""v"": ""661322""
  }, {
    ""k"": ""primary_search"",
    ""v"": ""PRJNA661322""
  }, {
    ""k"": ""primary_search"",
    ""v"": ""QR-C-25d-PostPBS-24h_S197_L006_R1_001.fastq.gz""
  }, {
    ""k"": ""primary_search"",
    ""v"": ""SAMN16054459""
  }, {
    ""k"": ""primary_search"",
    ""v"": ""SRP280012""
  }, {
    ""k"": ""primary_search"",
    ""v"": ""SRR12584237""
  }, {
    ""k"": ""primary_search"",
    ""v"": ""SRS7319221""
  }, {
    ""k"": ""primary_search"",
    ""v"": ""SRX9070967""
  }, {
    ""k"": ""primary_search"",
    ""v"": ""bp0""
  }]
}",1,"{""bases"": 450968333, ""bytes"": 166225201, ""run_file_create_date"": ""2020-09-03T17:08:00.000Z"", ""collection_date_sam"": [""2017-07-25""], ""isolate_sam_ss_dpl100"": [""Not Applicable""], ""isolation_source_sam"": [""Greensboro, NC""], ""samples_numbers_sam"": 112, ""tissue_sam_ss_dpl145"": [""Whole Body""], ""primary_search"": ""16054459""}","srr12584237 rna-seq university of north carolina at greensboro public srx9070967 qr-c-25d-postpbs-24h_s197_l006_r1_001.fastq.gz illumina hiseq 2500 single other transcriptomic illumina srs7319221 samn16054459 apis mellifera srp280012 2020-09-03 00:00:00.000000 utc prjna661322 qr-c-25d-postpbs-24h_s197_l006_r1_001.fastq.gz [invertebrate] 2017-07-25 usa north america [usa:greensboro] [] [] [] [fastq,run.zq,sra] [gs,ncbi,s3] [gs.us-east1,ncbi.public,s3.us-east-1] {
  ""attributes"": [{
    ""k"": ""bases"",
    ""v"": ""450968333""
  }, {
    ""k"": ""bytes"",
    ""v"": ""166225201""
  }, {
    ""k"": ""run_file_create_date"",
    ""v"": ""2020-09-03t17:08:00.000z""
  }, {
    ""k"": ""collection_date_sam"",
    ""v"": ""2017-07-25""
  }, {
    ""k"": ""isolate_sam_ss_dpl100"",
    ""v"": ""not applicable""
  }, {
    ""k"": ""isolation_source_sam"",
    ""v"": ""greensboro, nc""
  }, {
    ""k"": ""samples_numbers_sam"",
    ""v"": ""112""
  }, {
    ""k"": ""tissue_sam_ss_dpl145"",
    ""v"": ""whole body""
  }, {
    ""k"": ""primary_search"",
    ""v"": ""16054459""
  }, {
    ""k"": ""primary_search"",
    ""v"": ""661322""
  }, {
    ""k"": ""primary_search"",
    ""v"": ""prjna661322""
  }, {
    ""k"": ""primary_search"",
    ""v"": ""qr-c-25d-postpbs-24h_s197_l006_r1_001.fastq.gz""
  }, {
    ""k"": ""primary_search"",
    ""v"": ""samn16054459""
  }, {
    ""k"": ""primary_search"",
    ""v"": ""srp280012""
  }, {
    ""k"": ""primary_search"",
    ""v"": ""srr12584237""
  }, {
    ""k"": ""primary_search"",
    ""v"": ""srs7319221""
  }, {
    ""k"": ""primary_search"",
    ""v"": ""srx9070967""
  }, {
    ""k"": ""primary_search"",
    ""v"": ""bp0""
  }]
} {""bases"": 450968333, ""bytes"": 166225201, ""run_file_create_date"": ""2020-09-03t17:08:00.000z"", ""collection_date_sam"": [""2017-07-25""], ""isolate_sam_ss_dpl100"": [""not applicable""], ""isolation_source_sam"": [""greensboro, nc""], ""samples_numbers_sam"": 112, ""tissue_sam_ss_dpl145"": [""whole body""], ""primary_search"": ""16054459""}",,1
SRR12584247,RNA-Seq,UNIVERSITY OF NORTH CAROLINA AT GREENSBORO,public,SRX9070957,QR-A-25d-PostPBS-24h_S200_L006_R1_001.fastq.gz,Illumina HiSeq 2500,SINGLE,other,TRANSCRIPTOMIC,ILLUMINA,SRS7319211,SAMN16054450,Apis mellifera,SRP280012,2020-09-03 00:00:00.000000 UTC,PRJNA661322,94,NA,101,269,NA,QR-A-25d-PostPBS-24h_S200_L006_R1_001.fastq.gz,[Invertebrate],2017-07-25,USA,North America,[USA:Greensboro],[],[],[],"[fastq,run.zq,sra]","[gs,ncbi,s3]","[gs.us-east1,ncbi.public,s3.us-east-1]","{
  ""attributes"": [{
    ""k"": ""bases"",
    ""v"": ""269312056""
  }, {
    ""k"": ""bytes"",
    ""v"": ""98745113""
  }, {
    ""k"": ""run_file_create_date"",
    ""v"": ""2020-09-03T17:08:00.000Z""
  }, {
    ""k"": ""collection_date_sam"",
    ""v"": ""2017-07-25""
  }, {
    ""k"": ""isolate_sam_ss_dpl100"",
    ""v"": ""Not Applicable""
  }, {
    ""k"": ""isolation_source_sam"",
    ""v"": ""Greensboro, NC""
  }, {
    ""k"": ""samples_numbers_sam"",
    ""v"": ""103""
  }, {
    ""k"": ""tissue_sam_ss_dpl145"",
    ""v"": ""Whole Body""
  }, {
    ""k"": ""primary_search"",
    ""v"": ""16054450""
  }, {
    ""k"": ""primary_search"",
    ""v"": ""661322""
  }, {
    ""k"": ""primary_search"",
    ""v"": ""PRJNA661322""
  }, {
    ""k"": ""primary_search"",
    ""v"": ""QR-A-25d-PostPBS-24h_S200_L006_R1_001.fastq.gz""
  }, {
    ""k"": ""primary_search"",
    ""v"": ""SAMN16054450""
  }, {
    ""k"": ""primary_search"",
    ""v"": ""SRP280012""
  }, {
    ""k"": ""primary_search"",
    ""v"": ""SRR12584247""
  }, {
    ""k"": ""primary_search"",
    ""v"": ""SRS7319211""
  }, {
    ""k"": ""primary_search"",
    ""v"": ""SRX9070957""
  }, {
    ""k"": ""primary_search"",
    ""v"": ""bp0""
  }]
}",1,"{""bases"": 269312056, ""bytes"": 98745113, ""run_file_create_date"": ""2020-09-03T17:08:00.000Z"", ""collection_date_sam"": [""2017-07-25""], ""isolate_sam_ss_dpl100"": [""Not Applicable""], ""isolation_source_sam"": [""Greensboro, NC""], ""samples_numbers_sam"": 103, ""tissue_sam_ss_dpl145"": [""Whole Body""], ""primary_search"": ""16054450""}","srr12584247 rna-seq university of north carolina at greensboro public srx9070957 qr-a-25d-postpbs-24h_s200_l006_r1_001.fastq.gz illumina hiseq 2500 single other transcriptomic illumina srs7319211 samn16054450 apis mellifera srp280012 2020-09-03 00:00:00.000000 utc prjna661322 qr-a-25d-postpbs-24h_s200_l006_r1_001.fastq.gz [invertebrate] 2017-07-25 usa north america [usa:greensboro] [] [] [] [fastq,run.zq,sra] [gs,ncbi,s3] [gs.us-east1,ncbi.public,s3.us-east-1] {
  ""attributes"": [{
    ""k"": ""bases"",
    ""v"": ""269312056""
  }, {
    ""k"": ""bytes"",
    ""v"": ""98745113""
  }, {
    ""k"": ""run_file_create_date"",
    ""v"": ""2020-09-03t17:08:00.000z""
  }, {
    ""k"": ""collection_date_sam"",
    ""v"": ""2017-07-25""
  }, {
    ""k"": ""isolate_sam_ss_dpl100"",
    ""v"": ""not applicable""
  }, {
    ""k"": ""isolation_source_sam"",
    ""v"": ""greensboro, nc""
  }, {
    ""k"": ""samples_numbers_sam"",
    ""v"": ""103""
  }, {
    ""k"": ""tissue_sam_ss_dpl145"",
    ""v"": ""whole body""
  }, {
    ""k"": ""primary_search"",
    ""v"": ""16054450""
  }, {
    ""k"": ""primary_search"",
    ""v"": ""661322""
  }, {
    ""k"": ""primary_search"",
    ""v"": ""prjna661322""
  }, {
    ""k"": ""primary_search"",
    ""v"": ""qr-a-25d-postpbs-24h_s200_l006_r1_001.fastq.gz""
  }, {
    ""k"": ""primary_search"",
    ""v"": ""samn16054450""
  }, {
    ""k"": ""primary_search"",
    ""v"": ""srp280012""
  }, {
    ""k"": ""primary_search"",
    ""v"": ""srr12584247""
  }, {
    ""k"": ""primary_search"",
    ""v"": ""srs7319211""
  }, {
    ""k"": ""primary_search"",
    ""v"": ""srx9070957""
  }, {
    ""k"": ""primary_search"",
    ""v"": ""bp0""
  }]
} {""bases"": 269312056, ""bytes"": 98745113, ""run_file_create_date"": ""2020-09-03t17:08:00.000z"", ""collection_date_sam"": [""2017-07-25""], ""isolate_sam_ss_dpl100"": [""not applicable""], ""isolation_source_sam"": [""greensboro, nc""], ""samples_numbers_sam"": 103, ""tissue_sam_ss_dpl145"": [""whole body""], ""primary_search"": ""16054450""}",,1
SRR12584264,RNA-Seq,UNIVERSITY OF NORTH CAROLINA AT GREENSBORO,public,SRX9070940,QR-S-25d-PostParaquat-24h_S176_L006_R1_001.fastq.gz,Illumina HiSeq 2500,SINGLE,other,TRANSCRIPTOMIC,ILLUMINA,SRS7319194,SAMN16054522,Apis mellifera,SRP280012,2020-09-03 00:00:00.000000 UTC,PRJNA661322,69,NA,101,192,NA,QR-S-25d-PostParaquat-24h_S176_L006_R1_001.fastq.gz,[Invertebrate],2017-07-25,USA,North America,[USA:Greensboro],[],[],[],"[fastq,run.zq,sra]","[gs,ncbi,s3]","[gs.us-east1,ncbi.public,s3.us-east-1]","{
  ""attributes"": [{
    ""k"": ""bases"",
    ""v"": ""192460752""
  }, {
    ""k"": ""bytes"",
    ""v"": ""73063563""
  }, {
    ""k"": ""run_file_create_date"",
    ""v"": ""2020-09-03T17:07:00.000Z""
  }, {
    ""k"": ""collection_date_sam"",
    ""v"": ""2017-07-25""
  }, {
    ""k"": ""isolate_sam_ss_dpl100"",
    ""v"": ""Not Applicable""
  }, {
    ""k"": ""isolation_source_sam"",
    ""v"": ""Greensboro, NC""
  }, {
    ""k"": ""samples_numbers_sam"",
    ""v"": ""175""
  }, {
    ""k"": ""tissue_sam_ss_dpl145"",
    ""v"": ""Whole Body""
  }, {
    ""k"": ""primary_search"",
    ""v"": ""16054522""
  }, {
    ""k"": ""primary_search"",
    ""v"": ""661322""
  }, {
    ""k"": ""primary_search"",
    ""v"": ""PRJNA661322""
  }, {
    ""k"": ""primary_search"",
    ""v"": ""QR-S-25d-PostParaquat-24h_S176_L006_R1_001.fastq.gz""
  }, {
    ""k"": ""primary_search"",
    ""v"": ""SAMN16054522""
  }, {
    ""k"": ""primary_search"",
    ""v"": ""SRP280012""
  }, {
    ""k"": ""primary_search"",
    ""v"": ""SRR12584264""
  }, {
    ""k"": ""primary_search"",
    ""v"": ""SRS7319194""
  }, {
    ""k"": ""primary_search"",
    ""v"": ""SRX9070940""
  }, {
    ""k"": ""primary_search"",
    ""v"": ""bp0""
  }]
}",1,"{""bases"": 192460752, ""bytes"": 73063563, ""run_file_create_date"": ""2020-09-03T17:07:00.000Z"", ""collection_date_sam"": [""2017-07-25""], ""isolate_sam_ss_dpl100"": [""Not Applicable""], ""isolation_source_sam"": [""Greensboro, NC""], ""samples_numbers_sam"": 175, ""tissue_sam_ss_dpl145"": [""Whole Body""], ""primary_search"": ""16054522""}","srr12584264 rna-seq university of north carolina at greensboro public srx9070940 qr-s-25d-postparaquat-24h_s176_l006_r1_001.fastq.gz illumina hiseq 2500 single other transcriptomic illumina srs7319194 samn16054522 apis mellifera srp280012 2020-09-03 00:00:00.000000 utc prjna661322 qr-s-25d-postparaquat-24h_s176_l006_r1_001.fastq.gz [invertebrate] 2017-07-25 usa north america [usa:greensboro] [] [] [] [fastq,run.zq,sra] [gs,ncbi,s3] [gs.us-east1,ncbi.public,s3.us-east-1] {
  ""attributes"": [{
    ""k"": ""bases"",
    ""v"": ""192460752""
  }, {
    ""k"": ""bytes"",
    ""v"": ""73063563""
  }, {
    ""k"": ""run_file_create_date"",
    ""v"": ""2020-09-03t17:07:00.000z""
  }, {
    ""k"": ""collection_date_sam"",
    ""v"": ""2017-07-25""
  }, {
    ""k"": ""isolate_sam_ss_dpl100"",
    ""v"": ""not applicable""
  }, {
    ""k"": ""isolation_source_sam"",
    ""v"": ""greensboro, nc""
  }, {
    ""k"": ""samples_numbers_sam"",
    ""v"": ""175""
  }, {
    ""k"": ""tissue_sam_ss_dpl145"",
    ""v"": ""whole body""
  }, {
    ""k"": ""primary_search"",
    ""v"": ""16054522""
  }, {
    ""k"": ""primary_search"",
    ""v"": ""661322""
  }, {
    ""k"": ""primary_search"",
    ""v"": ""prjna661322""
  }, {
    ""k"": ""primary_search"",
    ""v"": ""qr-s-25d-postparaquat-24h_s176_l006_r1_001.fastq.gz""
  }, {
    ""k"": ""primary_search"",
    ""v"": ""samn16054522""
  }, {
    ""k"": ""primary_search"",
    ""v"": ""srp280012""
  }, {
    ""k"": ""primary_search"",
    ""v"": ""srr12584264""
  }, {
    ""k"": ""primary_search"",
    ""v"": ""srs7319194""
  }, {
    ""k"": ""primary_search"",
    ""v"": ""srx9070940""
  }, {
    ""k"": ""primary_search"",
    ""v"": ""bp0""
  }]
} {""bases"": 192460752, ""bytes"": 73063563, ""run_file_create_date"": ""2020-09-03t17:07:00.000z"", ""collection_date_sam"": [""2017-07-25""], ""isolate_sam_ss_dpl100"": [""not applicable""], ""isolation_source_sam"": [""greensboro, nc""], ""samples_numbers_sam"": 175, ""tissue_sam_ss_dpl145"": [""whole body""], ""primary_search"": ""16054522""}",,1
SRR12584156,RNA-Seq,UNIVERSITY OF NORTH CAROLINA AT GREENSBORO,public,SRX9071048,QL-G-25d-PostPBS-24h_S154_L008_R1_001.fastq.gz,Illumina HiSeq 2500,SINGLE,other,TRANSCRIPTOMIC,ILLUMINA,SRS7319302,SAMN16054392,Apis mellifera,SRP280012,2020-09-03 00:00:00.000000 UTC,PRJNA661322,92,NA,101,252,NA,QL-G-25d-PostPBS-24h_S154_L008_R1_001.fastq.gz,[Invertebrate],2017-07-25,USA,North America,[USA:Greensboro],[],[],[],"[fastq,run.zq,sra]","[gs,ncbi,s3]","[gs.us-east1,ncbi.public,s3.us-east-1]","{
  ""attributes"": [{
    ""k"": ""bases"",
    ""v"": ""252382335""
  }, {
    ""k"": ""bytes"",
    ""v"": ""97418223""
  }, {
    ""k"": ""run_file_create_date"",
    ""v"": ""2020-09-03T17:07:00.000Z""
  }, {
    ""k"": ""collection_date_sam"",
    ""v"": ""2017-07-25""
  }, {
    ""k"": ""isolate_sam_ss_dpl100"",
    ""v"": ""Not Applicable""
  }, {
    ""k"": ""isolation_source_sam"",
    ""v"": ""Greensboro, NC""
  }, {
    ""k"": ""samples_numbers_sam"",
    ""v"": ""45""
  }, {
    ""k"": ""tissue_sam_ss_dpl145"",
    ""v"": ""Whole Body""
  }, {
    ""k"": ""primary_search"",
    ""v"": ""16054392""
  }, {
    ""k"": ""primary_search"",
    ""v"": ""661322""
  }, {
    ""k"": ""primary_search"",
    ""v"": ""PRJNA661322""
  }, {
    ""k"": ""primary_search"",
    ""v"": ""QL-G-25d-PostPBS-24h_S154_L008_R1_001.fastq.gz""
  }, {
    ""k"": ""primary_search"",
    ""v"": ""SAMN16054392""
  }, {
    ""k"": ""primary_search"",
    ""v"": ""SRP280012""
  }, {
    ""k"": ""primary_search"",
    ""v"": ""SRR12584156""
  }, {
    ""k"": ""primary_search"",
    ""v"": ""SRS7319302""
  }, {
    ""k"": ""primary_search"",
    ""v"": ""SRX9071048""
  }, {
    ""k"": ""primary_search"",
    ""v"": ""bp0""
  }]
}",1,"{""bases"": 252382335, ""bytes"": 97418223, ""run_file_create_date"": ""2020-09-03T17:07:00.000Z"", ""collection_date_sam"": [""2017-07-25""], ""isolate_sam_ss_dpl100"": [""Not Applicable""], ""isolation_source_sam"": [""Greensboro, NC""], ""samples_numbers_sam"": 45, ""tissue_sam_ss_dpl145"": [""Whole Body""], ""primary_search"": ""16054392""}","srr12584156 rna-seq university of north carolina at greensboro public srx9071048 ql-g-25d-postpbs-24h_s154_l008_r1_001.fastq.gz illumina hiseq 2500 single other transcriptomic illumina srs7319302 samn16054392 apis mellifera srp280012 2020-09-03 00:00:00.000000 utc prjna661322 ql-g-25d-postpbs-24h_s154_l008_r1_001.fastq.gz [invertebrate] 2017-07-25 usa north america [usa:greensboro] [] [] [] [fastq,run.zq,sra] [gs,ncbi,s3] [gs.us-east1,ncbi.public,s3.us-east-1] {
  ""attributes"": [{
    ""k"": ""bases"",
    ""v"": ""252382335""
  }, {
    ""k"": ""bytes"",
    ""v"": ""97418223""
  }, {
    ""k"": ""run_file_create_date"",
    ""v"": ""2020-09-03t17:07:00.000z""
  }, {
    ""k"": ""collection_date_sam"",
    ""v"": ""2017-07-25""
  }, {
    ""k"": ""isolate_sam_ss_dpl100"",
    ""v"": ""not applicable""
  }, {
    ""k"": ""isolation_source_sam"",
    ""v"": ""greensboro, nc""
  }, {
    ""k"": ""samples_numbers_sam"",
    ""v"": ""45""
  }, {
    ""k"": ""tissue_sam_ss_dpl145"",
    ""v"": ""whole body""
  }, {
    ""k"": ""primary_search"",
    ""v"": ""16054392""
  }, {
    ""k"": ""primary_search"",
    ""v"": ""661322""
  }, {
    ""k"": ""primary_search"",
    ""v"": ""prjna661322""
  }, {
    ""k"": ""primary_search"",
    ""v"": ""ql-g-25d-postpbs-24h_s154_l008_r1_001.fastq.gz""
  }, {
    ""k"": ""primary_search"",
    ""v"": ""samn16054392""
  }, {
    ""k"": ""primary_search"",
    ""v"": ""srp280012""
  }, {
    ""k"": ""primary_search"",
    ""v"": ""srr12584156""
  }, {
    ""k"": ""primary_search"",
    ""v"": ""srs7319302""
  }, {
    ""k"": ""primary_search"",
    ""v"": ""srx9071048""
  }, {
    ""k"": ""primary_search"",
    ""v"": ""bp0""
  }]
} {""bases"": 252382335, ""bytes"": 97418223, ""run_file_create_date"": ""2020-09-03t17:07:00.000z"", ""collection_date_sam"": [""2017-07-25""], ""isolate_sam_ss_dpl100"": [""not applicable""], ""isolation_source_sam"": [""greensboro, nc""], ""samples_numbers_sam"": 45, ""tissue_sam_ss_dpl145"": [""whole body""], ""primary_search"": ""16054392""}",,1
SRR12584278,RNA-Seq,UNIVERSITY OF NORTH CAROLINA AT GREENSBORO,public,SRX9070926,QR-N-25d-PostParaquat-24h_S181_L008_R1_001.fastq.gz,Illumina HiSeq 2500,SINGLE,other,TRANSCRIPTOMIC,ILLUMINA,SRS7319180,SAMN16054509,Apis mellifera,SRP280012,2020-09-03 00:00:00.000000 UTC,PRJNA661322,179,NA,101,478,NA,QR-N-25d-PostParaquat-24h_S181_L008_R1_001.fastq.gz,[Invertebrate],2017-07-25,USA,North America,[USA:Greensboro],[],[],[],"[fastq,run.zq,sra]","[gs,ncbi,s3]","[gs.us-east1,ncbi.public,s3.us-east-1]","{
  ""attributes"": [{
    ""k"": ""bases"",
    ""v"": ""478479622""
  }, {
    ""k"": ""bytes"",
    ""v"": ""188528725""
  }, {
    ""k"": ""run_file_create_date"",
    ""v"": ""2020-09-03T17:08:00.000Z""
  }, {
    ""k"": ""collection_date_sam"",
    ""v"": ""2017-07-25""
  }, {
    ""k"": ""isolate_sam_ss_dpl100"",
    ""v"": ""Not Applicable""
  }, {
    ""k"": ""isolation_source_sam"",
    ""v"": ""Greensboro, NC""
  }, {
    ""k"": ""samples_numbers_sam"",
    ""v"": ""162""
  }, {
    ""k"": ""tissue_sam_ss_dpl145"",
    ""v"": ""Whole Body""
  }, {
    ""k"": ""primary_search"",
    ""v"": ""16054509""
  }, {
    ""k"": ""primary_search"",
    ""v"": ""661322""
  }, {
    ""k"": ""primary_search"",
    ""v"": ""PRJNA661322""
  }, {
    ""k"": ""primary_search"",
    ""v"": ""QR-N-25d-PostParaquat-24h_S181_L008_R1_001.fastq.gz""
  }, {
    ""k"": ""primary_search"",
    ""v"": ""SAMN16054509""
  }, {
    ""k"": ""primary_search"",
    ""v"": ""SRP280012""
  }, {
    ""k"": ""primary_search"",
    ""v"": ""SRR12584278""
  }, {
    ""k"": ""primary_search"",
    ""v"": ""SRS7319180""
  }, {
    ""k"": ""primary_search"",
    ""v"": ""SRX9070926""
  }, {
    ""k"": ""primary_search"",
    ""v"": ""bp0""
  }]
}",1,"{""bases"": 478479622, ""bytes"": 188528725, ""run_file_create_date"": ""2020-09-03T17:08:00.000Z"", ""collection_date_sam"": [""2017-07-25""], ""isolate_sam_ss_dpl100"": [""Not Applicable""], ""isolation_source_sam"": [""Greensboro, NC""], ""samples_numbers_sam"": 162, ""tissue_sam_ss_dpl145"": [""Whole Body""], ""primary_search"": ""16054509""}","srr12584278 rna-seq university of north carolina at greensboro public srx9070926 qr-n-25d-postparaquat-24h_s181_l008_r1_001.fastq.gz illumina hiseq 2500 single other transcriptomic illumina srs7319180 samn16054509 apis mellifera srp280012 2020-09-03 00:00:00.000000 utc prjna661322 qr-n-25d-postparaquat-24h_s181_l008_r1_001.fastq.gz [invertebrate] 2017-07-25 usa north america [usa:greensboro] [] [] [] [fastq,run.zq,sra] [gs,ncbi,s3] [gs.us-east1,ncbi.public,s3.us-east-1] {
  ""attributes"": [{
    ""k"": ""bases"",
    ""v"": ""478479622""
  }, {
    ""k"": ""bytes"",
    ""v"": ""188528725""
  }, {
    ""k"": ""run_file_create_date"",
    ""v"": ""2020-09-03t17:08:00.000z""
  }, {
    ""k"": ""collection_date_sam"",
    ""v"": ""2017-07-25""
  }, {
    ""k"": ""isolate_sam_ss_dpl100"",
    ""v"": ""not applicable""
  }, {
    ""k"": ""isolation_source_sam"",
    ""v"": ""greensboro, nc""
  }, {
    ""k"": ""samples_numbers_sam"",
    ""v"": ""162""
  }, {
    ""k"": ""tissue_sam_ss_dpl145"",
    ""v"": ""whole body""
  }, {
    ""k"": ""primary_search"",
    ""v"": ""16054509""
  }, {
    ""k"": ""primary_search"",
    ""v"": ""661322""
  }, {
    ""k"": ""primary_search"",
    ""v"": ""prjna661322""
  }, {
    ""k"": ""primary_search"",
    ""v"": ""qr-n-25d-postparaquat-24h_s181_l008_r1_001.fastq.gz""
  }, {
    ""k"": ""primary_search"",
    ""v"": ""samn16054509""
  }, {
    ""k"": ""primary_search"",
    ""v"": ""srp280012""
  }, {
    ""k"": ""primary_search"",
    ""v"": ""srr12584278""
  }, {
    ""k"": ""primary_search"",
    ""v"": ""srs7319180""
  }, {
    ""k"": ""primary_search"",
    ""v"": ""srx9070926""
  }, {
    ""k"": ""primary_search"",
    ""v"": ""bp0""
  }]
} {""bases"": 478479622, ""bytes"": 188528725, ""run_file_create_date"": ""2020-09-03t17:08:00.000z"", ""collection_date_sam"": [""2017-07-25""], ""isolate_sam_ss_dpl100"": [""not applicable""], ""isolation_source_sam"": [""greensboro, nc""], ""samples_numbers_sam"": 162, ""tissue_sam_ss_dpl145"": [""whole body""], ""primary_search"": ""16054509""}",,1
SRR12584164,RNA-Seq,UNIVERSITY OF NORTH CAROLINA AT GREENSBORO,public,SRX9071040,QL-E-25d-PostPBS-24h_S155_L007_R1_001.fastq.gz,Illumina HiSeq 2500,SINGLE,other,TRANSCRIPTOMIC,ILLUMINA,SRS7319294,SAMN16054385,Apis mellifera,SRP280012,2020-09-03 00:00:00.000000 UTC,PRJNA661322,95,NA,101,259,NA,QL-E-25d-PostPBS-24h_S155_L007_R1_001.fastq.gz,[Invertebrate],2017-07-25,USA,North America,[USA:Greensboro],[],[],[],"[fastq,run.zq,sra]","[gs,ncbi,s3]","[gs.us-east1,ncbi.public,s3.us-east-1]","{
  ""attributes"": [{
    ""k"": ""bases"",
    ""v"": ""259642821""
  }, {
    ""k"": ""bytes"",
    ""v"": ""100339891""
  }, {
    ""k"": ""run_file_create_date"",
    ""v"": ""2020-09-03T17:08:00.000Z""
  }, {
    ""k"": ""collection_date_sam"",
    ""v"": ""2017-07-25""
  }, {
    ""k"": ""isolate_sam_ss_dpl100"",
    ""v"": ""Not Applicable""
  }, {
    ""k"": ""isolation_source_sam"",
    ""v"": ""Greensboro, NC""
  }, {
    ""k"": ""samples_numbers_sam"",
    ""v"": ""38""
  }, {
    ""k"": ""tissue_sam_ss_dpl145"",
    ""v"": ""Whole Body""
  }, {
    ""k"": ""primary_search"",
    ""v"": ""16054385""
  }, {
    ""k"": ""primary_search"",
    ""v"": ""661322""
  }, {
    ""k"": ""primary_search"",
    ""v"": ""PRJNA661322""
  }, {
    ""k"": ""primary_search"",
    ""v"": ""QL-E-25d-PostPBS-24h_S155_L007_R1_001.fastq.gz""
  }, {
    ""k"": ""primary_search"",
    ""v"": ""SAMN16054385""
  }, {
    ""k"": ""primary_search"",
    ""v"": ""SRP280012""
  }, {
    ""k"": ""primary_search"",
    ""v"": ""SRR12584164""
  }, {
    ""k"": ""primary_search"",
    ""v"": ""SRS7319294""
  }, {
    ""k"": ""primary_search"",
    ""v"": ""SRX9071040""
  }, {
    ""k"": ""primary_search"",
    ""v"": ""bp0""
  }]
}",1,"{""bases"": 259642821, ""bytes"": 100339891, ""run_file_create_date"": ""2020-09-03T17:08:00.000Z"", ""collection_date_sam"": [""2017-07-25""], ""isolate_sam_ss_dpl100"": [""Not Applicable""], ""isolation_source_sam"": [""Greensboro, NC""], ""samples_numbers_sam"": 38, ""tissue_sam_ss_dpl145"": [""Whole Body""], ""primary_search"": ""16054385""}","srr12584164 rna-seq university of north carolina at greensboro public srx9071040 ql-e-25d-postpbs-24h_s155_l007_r1_001.fastq.gz illumina hiseq 2500 single other transcriptomic illumina srs7319294 samn16054385 apis mellifera srp280012 2020-09-03 00:00:00.000000 utc prjna661322 ql-e-25d-postpbs-24h_s155_l007_r1_001.fastq.gz [invertebrate] 2017-07-25 usa north america [usa:greensboro] [] [] [] [fastq,run.zq,sra] [gs,ncbi,s3] [gs.us-east1,ncbi.public,s3.us-east-1] {
  ""attributes"": [{
    ""k"": ""bases"",
    ""v"": ""259642821""
  }, {
    ""k"": ""bytes"",
    ""v"": ""100339891""
  }, {
    ""k"": ""run_file_create_date"",
    ""v"": ""2020-09-03t17:08:00.000z""
  }, {
    ""k"": ""collection_date_sam"",
    ""v"": ""2017-07-25""
  }, {
    ""k"": ""isolate_sam_ss_dpl100"",
    ""v"": ""not applicable""
  }, {
    ""k"": ""isolation_source_sam"",
    ""v"": ""greensboro, nc""
  }, {
    ""k"": ""samples_numbers_sam"",
    ""v"": ""38""
  }, {
    ""k"": ""tissue_sam_ss_dpl145"",
    ""v"": ""whole body""
  }, {
    ""k"": ""primary_search"",
    ""v"": ""16054385""
  }, {
    ""k"": ""primary_search"",
    ""v"": ""661322""
  }, {
    ""k"": ""primary_search"",
    ""v"": ""prjna661322""
  }, {
    ""k"": ""primary_search"",
    ""v"": ""ql-e-25d-postpbs-24h_s155_l007_r1_001.fastq.gz""
  }, {
    ""k"": ""primary_search"",
    ""v"": ""samn16054385""
  }, {
    ""k"": ""primary_search"",
    ""v"": ""srp280012""
  }, {
    ""k"": ""primary_search"",
    ""v"": ""srr12584164""
  }, {
    ""k"": ""primary_search"",
    ""v"": ""srs7319294""
  }, {
    ""k"": ""primary_search"",
    ""v"": ""srx9071040""
  }, {
    ""k"": ""primary_search"",
    ""v"": ""bp0""
  }]
} {""bases"": 259642821, ""bytes"": 100339891, ""run_file_create_date"": ""2020-09-03t17:08:00.000z"", ""collection_date_sam"": [""2017-07-25""], ""isolate_sam_ss_dpl100"": [""not applicable""], ""isolation_source_sam"": [""greensboro, nc""], ""samples_numbers_sam"": 38, ""tissue_sam_ss_dpl145"": [""whole body""], ""primary_search"": ""16054385""}",,1
SRR12584215,RNA-Seq,UNIVERSITY OF NORTH CAROLINA AT GREENSBORO,public,SRX9070989,QR-GG-25d-NoTreat_S191_L008_R1_001.fastq.gz,Illumina HiSeq 2500,SINGLE,other,TRANSCRIPTOMIC,ILLUMINA,SRS7319243,SAMN16054479,Apis mellifera,SRP280012,2020-09-03 00:00:00.000000 UTC,PRJNA661322,129,NA,101,357,NA,QR-GG-25d-NoTreat_S191_L008_R1_001.fastq.gz,[Invertebrate],2017-07-25,USA,North America,[USA:Greensboro],[],[],[],"[fastq,run.zq,sra]","[gs,ncbi,s3]","[gs.us-east1,ncbi.public,s3.us-east-1]","{
  ""attributes"": [{
    ""k"": ""bases"",
    ""v"": ""357349413""
  }, {
    ""k"": ""bytes"",
    ""v"": ""136184666""
  }, {
    ""k"": ""run_file_create_date"",
    ""v"": ""2020-09-03T17:08:00.000Z""
  }, {
    ""k"": ""collection_date_sam"",
    ""v"": ""2017-07-25""
  }, {
    ""k"": ""isolate_sam_ss_dpl100"",
    ""v"": ""Not Applicable""
  }, {
    ""k"": ""isolation_source_sam"",
    ""v"": ""Greensboro, NC""
  }, {
    ""k"": ""samples_numbers_sam"",
    ""v"": ""132""
  }, {
    ""k"": ""tissue_sam_ss_dpl145"",
    ""v"": ""Whole Body""
  }, {
    ""k"": ""primary_search"",
    ""v"": ""16054479""
  }, {
    ""k"": ""primary_search"",
    ""v"": ""661322""
  }, {
    ""k"": ""primary_search"",
    ""v"": ""PRJNA661322""
  }, {
    ""k"": ""primary_search"",
    ""v"": ""QR-GG-25d-NoTreat_S191_L008_R1_001.fastq.gz""
  }, {
    ""k"": ""primary_search"",
    ""v"": ""SAMN16054479""
  }, {
    ""k"": ""primary_search"",
    ""v"": ""SRP280012""
  }, {
    ""k"": ""primary_search"",
    ""v"": ""SRR12584215""
  }, {
    ""k"": ""primary_search"",
    ""v"": ""SRS7319243""
  }, {
    ""k"": ""primary_search"",
    ""v"": ""SRX9070989""
  }, {
    ""k"": ""primary_search"",
    ""v"": ""bp0""
  }]
}",1,"{""bases"": 357349413, ""bytes"": 136184666, ""run_file_create_date"": ""2020-09-03T17:08:00.000Z"", ""collection_date_sam"": [""2017-07-25""], ""isolate_sam_ss_dpl100"": [""Not Applicable""], ""isolation_source_sam"": [""Greensboro, NC""], ""samples_numbers_sam"": 132, ""tissue_sam_ss_dpl145"": [""Whole Body""], ""primary_search"": ""16054479""}","srr12584215 rna-seq university of north carolina at greensboro public srx9070989 qr-gg-25d-notreat_s191_l008_r1_001.fastq.gz illumina hiseq 2500 single other transcriptomic illumina srs7319243 samn16054479 apis mellifera srp280012 2020-09-03 00:00:00.000000 utc prjna661322 qr-gg-25d-notreat_s191_l008_r1_001.fastq.gz [invertebrate] 2017-07-25 usa north america [usa:greensboro] [] [] [] [fastq,run.zq,sra] [gs,ncbi,s3] [gs.us-east1,ncbi.public,s3.us-east-1] {
  ""attributes"": [{
    ""k"": ""bases"",
    ""v"": ""357349413""
  }, {
    ""k"": ""bytes"",
    ""v"": ""136184666""
  }, {
    ""k"": ""run_file_create_date"",
    ""v"": ""2020-09-03t17:08:00.000z""
  }, {
    ""k"": ""collection_date_sam"",
    ""v"": ""2017-07-25""
  }, {
    ""k"": ""isolate_sam_ss_dpl100"",
    ""v"": ""not applicable""
  }, {
    ""k"": ""isolation_source_sam"",
    ""v"": ""greensboro, nc""
  }, {
    ""k"": ""samples_numbers_sam"",
    ""v"": ""132""
  }, {
    ""k"": ""tissue_sam_ss_dpl145"",
    ""v"": ""whole body""
  }, {
    ""k"": ""primary_search"",
    ""v"": ""16054479""
  }, {
    ""k"": ""primary_search"",
    ""v"": ""661322""
  }, {
    ""k"": ""primary_search"",
    ""v"": ""prjna661322""
  }, {
    ""k"": ""primary_search"",
    ""v"": ""qr-gg-25d-notreat_s191_l008_r1_001.fastq.gz""
  }, {
    ""k"": ""primary_search"",
    ""v"": ""samn16054479""
  }, {
    ""k"": ""primary_search"",
    ""v"": ""srp280012""
  }, {
    ""k"": ""primary_search"",
    ""v"": ""srr12584215""
  }, {
    ""k"": ""primary_search"",
    ""v"": ""srs7319243""
  }, {
    ""k"": ""primary_search"",
    ""v"": ""srx9070989""
  }, {
    ""k"": ""primary_search"",
    ""v"": ""bp0""
  }]
} {""bases"": 357349413, ""bytes"": 136184666, ""run_file_create_date"": ""2020-09-03t17:08:00.000z"", ""collection_date_sam"": [""2017-07-25""], ""isolate_sam_ss_dpl100"": [""not applicable""], ""isolation_source_sam"": [""greensboro, nc""], ""samples_numbers_sam"": 132, ""tissue_sam_ss_dpl145"": [""whole body""], ""primary_search"": ""16054479""}",,1
SRR12584222,RNA-Seq,UNIVERSITY OF NORTH CAROLINA AT GREENSBORO,public,SRX9070982,QR-F-25d-PostPBS-24h_S193_L008_R1_001.fastq.gz,Illumina HiSeq 2500,SINGLE,other,TRANSCRIPTOMIC,ILLUMINA,SRS7319236,SAMN16054473,Apis mellifera,SRP280012,2020-09-03 00:00:00.000000 UTC,PRJNA661322,147,NA,101,399,NA,QR-F-25d-PostPBS-24h_S193_L008_R1_001.fastq.gz,[Invertebrate],2017-07-25,USA,North America,[USA:Greensboro],[],[],[],"[fastq,run.zq,sra]","[gs,ncbi,s3]","[gs.us-east1,ncbi.public,s3.us-east-1]","{
  ""attributes"": [{
    ""k"": ""bases"",
    ""v"": ""399107863""
  }, {
    ""k"": ""bytes"",
    ""v"": ""154880350""
  }, {
    ""k"": ""run_file_create_date"",
    ""v"": ""2020-09-03T17:08:00.000Z""
  }, {
    ""k"": ""collection_date_sam"",
    ""v"": ""2017-07-25""
  }, {
    ""k"": ""isolate_sam_ss_dpl100"",
    ""v"": ""Not Applicable""
  }, {
    ""k"": ""isolation_source_sam"",
    ""v"": ""Greensboro, NC""
  }, {
    ""k"": ""samples_numbers_sam"",
    ""v"": ""126""
  }, {
    ""k"": ""tissue_sam_ss_dpl145"",
    ""v"": ""Whole Body""
  }, {
    ""k"": ""primary_search"",
    ""v"": ""16054473""
  }, {
    ""k"": ""primary_search"",
    ""v"": ""661322""
  }, {
    ""k"": ""primary_search"",
    ""v"": ""PRJNA661322""
  }, {
    ""k"": ""primary_search"",
    ""v"": ""QR-F-25d-PostPBS-24h_S193_L008_R1_001.fastq.gz""
  }, {
    ""k"": ""primary_search"",
    ""v"": ""SAMN16054473""
  }, {
    ""k"": ""primary_search"",
    ""v"": ""SRP280012""
  }, {
    ""k"": ""primary_search"",
    ""v"": ""SRR12584222""
  }, {
    ""k"": ""primary_search"",
    ""v"": ""SRS7319236""
  }, {
    ""k"": ""primary_search"",
    ""v"": ""SRX9070982""
  }, {
    ""k"": ""primary_search"",
    ""v"": ""bp0""
  }]
}",1,"{""bases"": 399107863, ""bytes"": 154880350, ""run_file_create_date"": ""2020-09-03T17:08:00.000Z"", ""collection_date_sam"": [""2017-07-25""], ""isolate_sam_ss_dpl100"": [""Not Applicable""], ""isolation_source_sam"": [""Greensboro, NC""], ""samples_numbers_sam"": 126, ""tissue_sam_ss_dpl145"": [""Whole Body""], ""primary_search"": ""16054473""}","srr12584222 rna-seq university of north carolina at greensboro public srx9070982 qr-f-25d-postpbs-24h_s193_l008_r1_001.fastq.gz illumina hiseq 2500 single other transcriptomic illumina srs7319236 samn16054473 apis mellifera srp280012 2020-09-03 00:00:00.000000 utc prjna661322 qr-f-25d-postpbs-24h_s193_l008_r1_001.fastq.gz [invertebrate] 2017-07-25 usa north america [usa:greensboro] [] [] [] [fastq,run.zq,sra] [gs,ncbi,s3] [gs.us-east1,ncbi.public,s3.us-east-1] {
  ""attributes"": [{
    ""k"": ""bases"",
    ""v"": ""399107863""
  }, {
    ""k"": ""bytes"",
    ""v"": ""154880350""
  }, {
    ""k"": ""run_file_create_date"",
    ""v"": ""2020-09-03t17:08:00.000z""
  }, {
    ""k"": ""collection_date_sam"",
    ""v"": ""2017-07-25""
  }, {
    ""k"": ""isolate_sam_ss_dpl100"",
    ""v"": ""not applicable""
  }, {
    ""k"": ""isolation_source_sam"",
    ""v"": ""greensboro, nc""
  }, {
    ""k"": ""samples_numbers_sam"",
    ""v"": ""126""
  }, {
    ""k"": ""tissue_sam_ss_dpl145"",
    ""v"": ""whole body""
  }, {
    ""k"": ""primary_search"",
    ""v"": ""16054473""
  }, {
    ""k"": ""primary_search"",
    ""v"": ""661322""
  }, {
    ""k"": ""primary_search"",
    ""v"": ""prjna661322""
  }, {
    ""k"": ""primary_search"",
    ""v"": ""qr-f-25d-postpbs-24h_s193_l008_r1_001.fastq.gz""
  }, {
    ""k"": ""primary_search"",
    ""v"": ""samn16054473""
  }, {
    ""k"": ""primary_search"",
    ""v"": ""srp280012""
  }, {
    ""k"": ""primary_search"",
    ""v"": ""srr12584222""
  }, {
    ""k"": ""primary_search"",
    ""v"": ""srs7319236""
  }, {
    ""k"": ""primary_search"",
    ""v"": ""srx9070982""
  }, {
    ""k"": ""primary_search"",
    ""v"": ""bp0""
  }]
} {""bases"": 399107863, ""bytes"": 154880350, ""run_file_create_date"": ""2020-09-03t17:08:00.000z"", ""collection_date_sam"": [""2017-07-25""], ""isolate_sam_ss_dpl100"": [""not applicable""], ""isolation_source_sam"": [""greensboro, nc""], ""samples_numbers_sam"": 126, ""tissue_sam_ss_dpl145"": [""whole body""], ""primary_search"": ""16054473""}",,1
SRR12584107,RNA-Seq,UNIVERSITY OF NORTH CAROLINA AT GREENSBORO,public,SRX9071097,QR-1-25d-NoTreat_S205_L008_R1_001.fastq.gz,Illumina HiSeq 2500,SINGLE,other,TRANSCRIPTOMIC,ILLUMINA,SRS7319351,SAMN16054437,Apis mellifera,SRP280012,2020-09-03 00:00:00.000000 UTC,PRJNA661322,209,NA,101,570,NA,QR-1-25d-NoTreat_S205_L008_R1_001.fastq.gz,[Invertebrate],2017-07-25,USA,North America,[USA:Greensboro],[],[],[],"[fastq,run.zq,sra]","[gs,ncbi,s3]","[gs.us-east1,ncbi.public,s3.us-east-1]","{
  ""attributes"": [{
    ""k"": ""bases"",
    ""v"": ""570740597""
  }, {
    ""k"": ""bytes"",
    ""v"": ""219612040""
  }, {
    ""k"": ""run_file_create_date"",
    ""v"": ""2020-09-03T17:08:00.000Z""
  }, {
    ""k"": ""collection_date_sam"",
    ""v"": ""2017-07-25""
  }, {
    ""k"": ""isolate_sam_ss_dpl100"",
    ""v"": ""Not Applicable""
  }, {
    ""k"": ""isolation_source_sam"",
    ""v"": ""Greensboro, NC""
  }, {
    ""k"": ""samples_numbers_sam"",
    ""v"": ""90""
  }, {
    ""k"": ""tissue_sam_ss_dpl145"",
    ""v"": ""Whole Body""
  }, {
    ""k"": ""primary_search"",
    ""v"": ""16054437""
  }, {
    ""k"": ""primary_search"",
    ""v"": ""661322""
  }, {
    ""k"": ""primary_search"",
    ""v"": ""PRJNA661322""
  }, {
    ""k"": ""primary_search"",
    ""v"": ""QR-1-25d-NoTreat_S205_L008_R1_001.fastq.gz""
  }, {
    ""k"": ""primary_search"",
    ""v"": ""SAMN16054437""
  }, {
    ""k"": ""primary_search"",
    ""v"": ""SRP280012""
  }, {
    ""k"": ""primary_search"",
    ""v"": ""SRR12584107""
  }, {
    ""k"": ""primary_search"",
    ""v"": ""SRS7319351""
  }, {
    ""k"": ""primary_search"",
    ""v"": ""SRX9071097""
  }, {
    ""k"": ""primary_search"",
    ""v"": ""bp0""
  }]
}",1,"{""bases"": 570740597, ""bytes"": 219612040, ""run_file_create_date"": ""2020-09-03T17:08:00.000Z"", ""collection_date_sam"": [""2017-07-25""], ""isolate_sam_ss_dpl100"": [""Not Applicable""], ""isolation_source_sam"": [""Greensboro, NC""], ""samples_numbers_sam"": 90, ""tissue_sam_ss_dpl145"": [""Whole Body""], ""primary_search"": ""16054437""}","srr12584107 rna-seq university of north carolina at greensboro public srx9071097 qr-1-25d-notreat_s205_l008_r1_001.fastq.gz illumina hiseq 2500 single other transcriptomic illumina srs7319351 samn16054437 apis mellifera srp280012 2020-09-03 00:00:00.000000 utc prjna661322 qr-1-25d-notreat_s205_l008_r1_001.fastq.gz [invertebrate] 2017-07-25 usa north america [usa:greensboro] [] [] [] [fastq,run.zq,sra] [gs,ncbi,s3] [gs.us-east1,ncbi.public,s3.us-east-1] {
  ""attributes"": [{
    ""k"": ""bases"",
    ""v"": ""570740597""
  }, {
    ""k"": ""bytes"",
    ""v"": ""219612040""
  }, {
    ""k"": ""run_file_create_date"",
    ""v"": ""2020-09-03t17:08:00.000z""
  }, {
    ""k"": ""collection_date_sam"",
    ""v"": ""2017-07-25""
  }, {
    ""k"": ""isolate_sam_ss_dpl100"",
    ""v"": ""not applicable""
  }, {
    ""k"": ""isolation_source_sam"",
    ""v"": ""greensboro, nc""
  }, {
    ""k"": ""samples_numbers_sam"",
    ""v"": ""90""
  }, {
    ""k"": ""tissue_sam_ss_dpl145"",
    ""v"": ""whole body""
  }, {
    ""k"": ""primary_search"",
    ""v"": ""16054437""
  }, {
    ""k"": ""primary_search"",
    ""v"": ""661322""
  }, {
    ""k"": ""primary_search"",
    ""v"": ""prjna661322""
  }, {
    ""k"": ""primary_search"",
    ""v"": ""qr-1-25d-notreat_s205_l008_r1_001.fastq.gz""
  }, {
    ""k"": ""primary_search"",
    ""v"": ""samn16054437""
  }, {
    ""k"": ""primary_search"",
    ""v"": ""srp280012""
  }, {
    ""k"": ""primary_search"",
    ""v"": ""srr12584107""
  }, {
    ""k"": ""primary_search"",
    ""v"": ""srs7319351""
  }, {
    ""k"": ""primary_search"",
    ""v"": ""srx9071097""
  }, {
    ""k"": ""primary_search"",
    ""v"": ""bp0""
  }]
} {""bases"": 570740597, ""bytes"": 219612040, ""run_file_create_date"": ""2020-09-03t17:08:00.000z"", ""collection_date_sam"": [""2017-07-25""], ""isolate_sam_ss_dpl100"": [""not applicable""], ""isolation_source_sam"": [""greensboro, nc""], ""samples_numbers_sam"": 90, ""tissue_sam_ss_dpl145"": [""whole body""], ""primary_search"": ""16054437""}",,1
SRR12584165,RNA-Seq,UNIVERSITY OF NORTH CAROLINA AT GREENSBORO,public,SRX9071039,QL-E-25d-PostPBS-24h_S155_L006_R1_001.fastq.gz,Illumina HiSeq 2500,SINGLE,other,TRANSCRIPTOMIC,ILLUMINA,SRS7319293,SAMN16054384,Apis mellifera,SRP280012,2020-09-03 00:00:00.000000 UTC,PRJNA661322,94,NA,101,254,NA,QL-E-25d-PostPBS-24h_S155_L006_R1_001.fastq.gz,[Invertebrate],2017-07-25,USA,North America,[USA:Greensboro],[],[],[],"[fastq,run.zq,sra]","[gs,ncbi,s3]","[gs.us-east1,ncbi.public,s3.us-east-1]","{
  ""attributes"": [{
    ""k"": ""bases"",
    ""v"": ""254764117""
  }, {
    ""k"": ""bytes"",
    ""v"": ""98781729""
  }, {
    ""k"": ""run_file_create_date"",
    ""v"": ""2020-09-03T17:07:00.000Z""
  }, {
    ""k"": ""collection_date_sam"",
    ""v"": ""2017-07-25""
  }, {
    ""k"": ""isolate_sam_ss_dpl100"",
    ""v"": ""Not Applicable""
  }, {
    ""k"": ""isolation_source_sam"",
    ""v"": ""Greensboro, NC""
  }, {
    ""k"": ""samples_numbers_sam"",
    ""v"": ""37""
  }, {
    ""k"": ""tissue_sam_ss_dpl145"",
    ""v"": ""Whole Body""
  }, {
    ""k"": ""primary_search"",
    ""v"": ""16054384""
  }, {
    ""k"": ""primary_search"",
    ""v"": ""661322""
  }, {
    ""k"": ""primary_search"",
    ""v"": ""PRJNA661322""
  }, {
    ""k"": ""primary_search"",
    ""v"": ""QL-E-25d-PostPBS-24h_S155_L006_R1_001.fastq.gz""
  }, {
    ""k"": ""primary_search"",
    ""v"": ""SAMN16054384""
  }, {
    ""k"": ""primary_search"",
    ""v"": ""SRP280012""
  }, {
    ""k"": ""primary_search"",
    ""v"": ""SRR12584165""
  }, {
    ""k"": ""primary_search"",
    ""v"": ""SRS7319293""
  }, {
    ""k"": ""primary_search"",
    ""v"": ""SRX9071039""
  }, {
    ""k"": ""primary_search"",
    ""v"": ""bp0""
  }]
}",1,"{""bases"": 254764117, ""bytes"": 98781729, ""run_file_create_date"": ""2020-09-03T17:07:00.000Z"", ""collection_date_sam"": [""2017-07-25""], ""isolate_sam_ss_dpl100"": [""Not Applicable""], ""isolation_source_sam"": [""Greensboro, NC""], ""samples_numbers_sam"": 37, ""tissue_sam_ss_dpl145"": [""Whole Body""], ""primary_search"": ""16054384""}","srr12584165 rna-seq university of north carolina at greensboro public srx9071039 ql-e-25d-postpbs-24h_s155_l006_r1_001.fastq.gz illumina hiseq 2500 single other transcriptomic illumina srs7319293 samn16054384 apis mellifera srp280012 2020-09-03 00:00:00.000000 utc prjna661322 ql-e-25d-postpbs-24h_s155_l006_r1_001.fastq.gz [invertebrate] 2017-07-25 usa north america [usa:greensboro] [] [] [] [fastq,run.zq,sra] [gs,ncbi,s3] [gs.us-east1,ncbi.public,s3.us-east-1] {
  ""attributes"": [{
    ""k"": ""bases"",
    ""v"": ""254764117""
  }, {
    ""k"": ""bytes"",
    ""v"": ""98781729""
  }, {
    ""k"": ""run_file_create_date"",
    ""v"": ""2020-09-03t17:07:00.000z""
  }, {
    ""k"": ""collection_date_sam"",
    ""v"": ""2017-07-25""
  }, {
    ""k"": ""isolate_sam_ss_dpl100"",
    ""v"": ""not applicable""
  }, {
    ""k"": ""isolation_source_sam"",
    ""v"": ""greensboro, nc""
  }, {
    ""k"": ""samples_numbers_sam"",
    ""v"": ""37""
  }, {
    ""k"": ""tissue_sam_ss_dpl145"",
    ""v"": ""whole body""
  }, {
    ""k"": ""primary_search"",
    ""v"": ""16054384""
  }, {
    ""k"": ""primary_search"",
    ""v"": ""661322""
  }, {
    ""k"": ""primary_search"",
    ""v"": ""prjna661322""
  }, {
    ""k"": ""primary_search"",
    ""v"": ""ql-e-25d-postpbs-24h_s155_l006_r1_001.fastq.gz""
  }, {
    ""k"": ""primary_search"",
    ""v"": ""samn16054384""
  }, {
    ""k"": ""primary_search"",
    ""v"": ""srp280012""
  }, {
    ""k"": ""primary_search"",
    ""v"": ""srr12584165""
  }, {
    ""k"": ""primary_search"",
    ""v"": ""srs7319293""
  }, {
    ""k"": ""primary_search"",
    ""v"": ""srx9071039""
  }, {
    ""k"": ""primary_search"",
    ""v"": ""bp0""
  }]
} {""bases"": 254764117, ""bytes"": 98781729, ""run_file_create_date"": ""2020-09-03t17:07:00.000z"", ""collection_date_sam"": [""2017-07-25""], ""isolate_sam_ss_dpl100"": [""not applicable""], ""isolation_source_sam"": [""greensboro, nc""], ""samples_numbers_sam"": 37, ""tissue_sam_ss_dpl145"": [""whole body""], ""primary_search"": ""16054384""}",,1
SRR12584158,RNA-Seq,UNIVERSITY OF NORTH CAROLINA AT GREENSBORO,public,SRX9071046,QL-G-25d-PostPBS-24h_S154_L006_R1_001.fastq.gz,Illumina HiSeq 2500,SINGLE,other,TRANSCRIPTOMIC,ILLUMINA,SRS7319300,SAMN16054390,Apis mellifera,SRP280012,2020-09-03 00:00:00.000000 UTC,PRJNA661322,94,NA,101,254,NA,QL-G-25d-PostPBS-24h_S154_L006_R1_001.fastq.gz,[Invertebrate],2017-07-25,USA,North America,[USA:Greensboro],[],[],[],"[fastq,run.zq,sra]","[gs,ncbi,s3]","[gs.us-east1,ncbi.public,s3.us-east-1]","{
  ""attributes"": [{
    ""k"": ""bases"",
    ""v"": ""254685842""
  }, {
    ""k"": ""bytes"",
    ""v"": ""98605281""
  }, {
    ""k"": ""run_file_create_date"",
    ""v"": ""2020-09-03T17:07:00.000Z""
  }, {
    ""k"": ""collection_date_sam"",
    ""v"": ""2017-07-25""
  }, {
    ""k"": ""isolate_sam_ss_dpl100"",
    ""v"": ""Not Applicable""
  }, {
    ""k"": ""isolation_source_sam"",
    ""v"": ""Greensboro, NC""
  }, {
    ""k"": ""samples_numbers_sam"",
    ""v"": ""43""
  }, {
    ""k"": ""tissue_sam_ss_dpl145"",
    ""v"": ""Whole Body""
  }, {
    ""k"": ""primary_search"",
    ""v"": ""16054390""
  }, {
    ""k"": ""primary_search"",
    ""v"": ""661322""
  }, {
    ""k"": ""primary_search"",
    ""v"": ""PRJNA661322""
  }, {
    ""k"": ""primary_search"",
    ""v"": ""QL-G-25d-PostPBS-24h_S154_L006_R1_001.fastq.gz""
  }, {
    ""k"": ""primary_search"",
    ""v"": ""SAMN16054390""
  }, {
    ""k"": ""primary_search"",
    ""v"": ""SRP280012""
  }, {
    ""k"": ""primary_search"",
    ""v"": ""SRR12584158""
  }, {
    ""k"": ""primary_search"",
    ""v"": ""SRS7319300""
  }, {
    ""k"": ""primary_search"",
    ""v"": ""SRX9071046""
  }, {
    ""k"": ""primary_search"",
    ""v"": ""bp0""
  }]
}",1,"{""bases"": 254685842, ""bytes"": 98605281, ""run_file_create_date"": ""2020-09-03T17:07:00.000Z"", ""collection_date_sam"": [""2017-07-25""], ""isolate_sam_ss_dpl100"": [""Not Applicable""], ""isolation_source_sam"": [""Greensboro, NC""], ""samples_numbers_sam"": 43, ""tissue_sam_ss_dpl145"": [""Whole Body""], ""primary_search"": ""16054390""}","srr12584158 rna-seq university of north carolina at greensboro public srx9071046 ql-g-25d-postpbs-24h_s154_l006_r1_001.fastq.gz illumina hiseq 2500 single other transcriptomic illumina srs7319300 samn16054390 apis mellifera srp280012 2020-09-03 00:00:00.000000 utc prjna661322 ql-g-25d-postpbs-24h_s154_l006_r1_001.fastq.gz [invertebrate] 2017-07-25 usa north america [usa:greensboro] [] [] [] [fastq,run.zq,sra] [gs,ncbi,s3] [gs.us-east1,ncbi.public,s3.us-east-1] {
  ""attributes"": [{
    ""k"": ""bases"",
    ""v"": ""254685842""
  }, {
    ""k"": ""bytes"",
    ""v"": ""98605281""
  }, {
    ""k"": ""run_file_create_date"",
    ""v"": ""2020-09-03t17:07:00.000z""
  }, {
    ""k"": ""collection_date_sam"",
    ""v"": ""2017-07-25""
  }, {
    ""k"": ""isolate_sam_ss_dpl100"",
    ""v"": ""not applicable""
  }, {
    ""k"": ""isolation_source_sam"",
    ""v"": ""greensboro, nc""
  }, {
    ""k"": ""samples_numbers_sam"",
    ""v"": ""43""
  }, {
    ""k"": ""tissue_sam_ss_dpl145"",
    ""v"": ""whole body""
  }, {
    ""k"": ""primary_search"",
    ""v"": ""16054390""
  }, {
    ""k"": ""primary_search"",
    ""v"": ""661322""
  }, {
    ""k"": ""primary_search"",
    ""v"": ""prjna661322""
  }, {
    ""k"": ""primary_search"",
    ""v"": ""ql-g-25d-postpbs-24h_s154_l006_r1_001.fastq.gz""
  }, {
    ""k"": ""primary_search"",
    ""v"": ""samn16054390""
  }, {
    ""k"": ""primary_search"",
    ""v"": ""srp280012""
  }, {
    ""k"": ""primary_search"",
    ""v"": ""srr12584158""
  }, {
    ""k"": ""primary_search"",
    ""v"": ""srs7319300""
  }, {
    ""k"": ""primary_search"",
    ""v"": ""srx9071046""
  }, {
    ""k"": ""primary_search"",
    ""v"": ""bp0""
  }]
} {""bases"": 254685842, ""bytes"": 98605281, ""run_file_create_date"": ""2020-09-03t17:07:00.000z"", ""collection_date_sam"": [""2017-07-25""], ""isolate_sam_ss_dpl100"": [""not applicable""], ""isolation_source_sam"": [""greensboro, nc""], ""samples_numbers_sam"": 43, ""tissue_sam_ss_dpl145"": [""whole body""], ""primary_search"": ""16054390""}",,1
SRR12584112,RNA-Seq,UNIVERSITY OF NORTH CAROLINA AT GREENSBORO,public,SRX9071092,QR-1-25d-NoTreat-E11_S206_L006_R1_001.fastq.gz,Illumina HiSeq 2500,SINGLE,other,TRANSCRIPTOMIC,ILLUMINA,SRS7319346,SAMN16054432,Apis mellifera,SRP280012,2020-09-03 00:00:00.000000 UTC,PRJNA661322,167,NA,101,459,NA,QR-1-25d-NoTreat-E11_S206_L006_R1_001.fastq.gz,[Invertebrate],2017-07-25,USA,North America,[USA:Greensboro],[],[],[],"[fastq,run.zq,sra]","[gs,ncbi,s3]","[gs.us-east1,ncbi.public,s3.us-east-1]","{
  ""attributes"": [{
    ""k"": ""bases"",
    ""v"": ""459276189""
  }, {
    ""k"": ""bytes"",
    ""v"": ""175760494""
  }, {
    ""k"": ""run_file_create_date"",
    ""v"": ""2020-09-03T17:08:00.000Z""
  }, {
    ""k"": ""collection_date_sam"",
    ""v"": ""2017-07-25""
  }, {
    ""k"": ""isolate_sam_ss_dpl100"",
    ""v"": ""Not Applicable""
  }, {
    ""k"": ""isolation_source_sam"",
    ""v"": ""Greensboro, NC""
  }, {
    ""k"": ""samples_numbers_sam"",
    ""v"": ""85""
  }, {
    ""k"": ""tissue_sam_ss_dpl145"",
    ""v"": ""Whole Body""
  }, {
    ""k"": ""primary_search"",
    ""v"": ""16054432""
  }, {
    ""k"": ""primary_search"",
    ""v"": ""661322""
  }, {
    ""k"": ""primary_search"",
    ""v"": ""PRJNA661322""
  }, {
    ""k"": ""primary_search"",
    ""v"": ""QR-1-25d-NoTreat-E11_S206_L006_R1_001.fastq.gz""
  }, {
    ""k"": ""primary_search"",
    ""v"": ""SAMN16054432""
  }, {
    ""k"": ""primary_search"",
    ""v"": ""SRP280012""
  }, {
    ""k"": ""primary_search"",
    ""v"": ""SRR12584112""
  }, {
    ""k"": ""primary_search"",
    ""v"": ""SRS7319346""
  }, {
    ""k"": ""primary_search"",
    ""v"": ""SRX9071092""
  }, {
    ""k"": ""primary_search"",
    ""v"": ""bp0""
  }]
}",1,"{""bases"": 459276189, ""bytes"": 175760494, ""run_file_create_date"": ""2020-09-03T17:08:00.000Z"", ""collection_date_sam"": [""2017-07-25""], ""isolate_sam_ss_dpl100"": [""Not Applicable""], ""isolation_source_sam"": [""Greensboro, NC""], ""samples_numbers_sam"": 85, ""tissue_sam_ss_dpl145"": [""Whole Body""], ""primary_search"": ""16054432""}","srr12584112 rna-seq university of north carolina at greensboro public srx9071092 qr-1-25d-notreat-e11_s206_l006_r1_001.fastq.gz illumina hiseq 2500 single other transcriptomic illumina srs7319346 samn16054432 apis mellifera srp280012 2020-09-03 00:00:00.000000 utc prjna661322 qr-1-25d-notreat-e11_s206_l006_r1_001.fastq.gz [invertebrate] 2017-07-25 usa north america [usa:greensboro] [] [] [] [fastq,run.zq,sra] [gs,ncbi,s3] [gs.us-east1,ncbi.public,s3.us-east-1] {
  ""attributes"": [{
    ""k"": ""bases"",
    ""v"": ""459276189""
  }, {
    ""k"": ""bytes"",
    ""v"": ""175760494""
  }, {
    ""k"": ""run_file_create_date"",
    ""v"": ""2020-09-03t17:08:00.000z""
  }, {
    ""k"": ""collection_date_sam"",
    ""v"": ""2017-07-25""
  }, {
    ""k"": ""isolate_sam_ss_dpl100"",
    ""v"": ""not applicable""
  }, {
    ""k"": ""isolation_source_sam"",
    ""v"": ""greensboro, nc""
  }, {
    ""k"": ""samples_numbers_sam"",
    ""v"": ""85""
  }, {
    ""k"": ""tissue_sam_ss_dpl145"",
    ""v"": ""whole body""
  }, {
    ""k"": ""primary_search"",
    ""v"": ""16054432""
  }, {
    ""k"": ""primary_search"",
    ""v"": ""661322""
  }, {
    ""k"": ""primary_search"",
    ""v"": ""prjna661322""
  }, {
    ""k"": ""primary_search"",
    ""v"": ""qr-1-25d-notreat-e11_s206_l006_r1_001.fastq.gz""
  }, {
    ""k"": ""primary_search"",
    ""v"": ""samn16054432""
  }, {
    ""k"": ""primary_search"",
    ""v"": ""srp280012""
  }, {
    ""k"": ""primary_search"",
    ""v"": ""srr12584112""
  }, {
    ""k"": ""primary_search"",
    ""v"": ""srs7319346""
  }, {
    ""k"": ""primary_search"",
    ""v"": ""srx9071092""
  }, {
    ""k"": ""primary_search"",
    ""v"": ""bp0""
  }]
} {""bases"": 459276189, ""bytes"": 175760494, ""run_file_create_date"": ""2020-09-03t17:08:00.000z"", ""collection_date_sam"": [""2017-07-25""], ""isolate_sam_ss_dpl100"": [""not applicable""], ""isolation_source_sam"": [""greensboro, nc""], ""samples_numbers_sam"": 85, ""tissue_sam_ss_dpl145"": [""whole body""], ""primary_search"": ""16054432""}",,1
SRR12584233,RNA-Seq,UNIVERSITY OF NORTH CAROLINA AT GREENSBORO,public,SRX9070971,QR-CC-25d-NoTreat_S196_L007_R1_001.fastq.gz,Illumina HiSeq 2500,SINGLE,other,TRANSCRIPTOMIC,ILLUMINA,SRS7319225,SAMN16054463,Apis mellifera,SRP280012,2020-09-03 00:00:00.000000 UTC,PRJNA661322,142,NA,101,405,NA,QR-CC-25d-NoTreat_S196_L007_R1_001.fastq.gz,[Invertebrate],2017-07-25,USA,North America,[USA:Greensboro],[],[],[],"[fastq,run.zq,sra]","[gs,ncbi,s3]","[gs.us-east1,ncbi.public,s3.us-east-1]","{
  ""attributes"": [{
    ""k"": ""bases"",
    ""v"": ""405892134""
  }, {
    ""k"": ""bytes"",
    ""v"": ""149905643""
  }, {
    ""k"": ""run_file_create_date"",
    ""v"": ""2020-09-03T17:08:00.000Z""
  }, {
    ""k"": ""collection_date_sam"",
    ""v"": ""2017-07-25""
  }, {
    ""k"": ""isolate_sam_ss_dpl100"",
    ""v"": ""Not Applicable""
  }, {
    ""k"": ""isolation_source_sam"",
    ""v"": ""Greensboro, NC""
  }, {
    ""k"": ""samples_numbers_sam"",
    ""v"": ""116""
  }, {
    ""k"": ""tissue_sam_ss_dpl145"",
    ""v"": ""Whole Body""
  }, {
    ""k"": ""primary_search"",
    ""v"": ""16054463""
  }, {
    ""k"": ""primary_search"",
    ""v"": ""661322""
  }, {
    ""k"": ""primary_search"",
    ""v"": ""PRJNA661322""
  }, {
    ""k"": ""primary_search"",
    ""v"": ""QR-CC-25d-NoTreat_S196_L007_R1_001.fastq.gz""
  }, {
    ""k"": ""primary_search"",
    ""v"": ""SAMN16054463""
  }, {
    ""k"": ""primary_search"",
    ""v"": ""SRP280012""
  }, {
    ""k"": ""primary_search"",
    ""v"": ""SRR12584233""
  }, {
    ""k"": ""primary_search"",
    ""v"": ""SRS7319225""
  }, {
    ""k"": ""primary_search"",
    ""v"": ""SRX9070971""
  }, {
    ""k"": ""primary_search"",
    ""v"": ""bp0""
  }]
}",1,"{""bases"": 405892134, ""bytes"": 149905643, ""run_file_create_date"": ""2020-09-03T17:08:00.000Z"", ""collection_date_sam"": [""2017-07-25""], ""isolate_sam_ss_dpl100"": [""Not Applicable""], ""isolation_source_sam"": [""Greensboro, NC""], ""samples_numbers_sam"": 116, ""tissue_sam_ss_dpl145"": [""Whole Body""], ""primary_search"": ""16054463""}","srr12584233 rna-seq university of north carolina at greensboro public srx9070971 qr-cc-25d-notreat_s196_l007_r1_001.fastq.gz illumina hiseq 2500 single other transcriptomic illumina srs7319225 samn16054463 apis mellifera srp280012 2020-09-03 00:00:00.000000 utc prjna661322 qr-cc-25d-notreat_s196_l007_r1_001.fastq.gz [invertebrate] 2017-07-25 usa north america [usa:greensboro] [] [] [] [fastq,run.zq,sra] [gs,ncbi,s3] [gs.us-east1,ncbi.public,s3.us-east-1] {
  ""attributes"": [{
    ""k"": ""bases"",
    ""v"": ""405892134""
  }, {
    ""k"": ""bytes"",
    ""v"": ""149905643""
  }, {
    ""k"": ""run_file_create_date"",
    ""v"": ""2020-09-03t17:08:00.000z""
  }, {
    ""k"": ""collection_date_sam"",
    ""v"": ""2017-07-25""
  }, {
    ""k"": ""isolate_sam_ss_dpl100"",
    ""v"": ""not applicable""
  }, {
    ""k"": ""isolation_source_sam"",
    ""v"": ""greensboro, nc""
  }, {
    ""k"": ""samples_numbers_sam"",
    ""v"": ""116""
  }, {
    ""k"": ""tissue_sam_ss_dpl145"",
    ""v"": ""whole body""
  }, {
    ""k"": ""primary_search"",
    ""v"": ""16054463""
  }, {
    ""k"": ""primary_search"",
    ""v"": ""661322""
  }, {
    ""k"": ""primary_search"",
    ""v"": ""prjna661322""
  }, {
    ""k"": ""primary_search"",
    ""v"": ""qr-cc-25d-notreat_s196_l007_r1_001.fastq.gz""
  }, {
    ""k"": ""primary_search"",
    ""v"": ""samn16054463""
  }, {
    ""k"": ""primary_search"",
    ""v"": ""srp280012""
  }, {
    ""k"": ""primary_search"",
    ""v"": ""srr12584233""
  }, {
    ""k"": ""primary_search"",
    ""v"": ""srs7319225""
  }, {
    ""k"": ""primary_search"",
    ""v"": ""srx9070971""
  }, {
    ""k"": ""primary_search"",
    ""v"": ""bp0""
  }]
} {""bases"": 405892134, ""bytes"": 149905643, ""run_file_create_date"": ""2020-09-03t17:08:00.000z"", ""collection_date_sam"": [""2017-07-25""], ""isolate_sam_ss_dpl100"": [""not applicable""], ""isolation_source_sam"": [""greensboro, nc""], ""samples_numbers_sam"": 116, ""tissue_sam_ss_dpl145"": [""whole body""], ""primary_search"": ""16054463""}",,1
SRR12584141,RNA-Seq,UNIVERSITY OF NORTH CAROLINA AT GREENSBORO,public,SRX9071063,QL-K-25d-PostParaquat-24h_S162_L007_R1_001.fastq.gz,Illumina HiSeq 2500,SINGLE,other,TRANSCRIPTOMIC,ILLUMINA,SRS7319317,SAMN16054406,Apis mellifera,SRP280012,2020-09-03 00:00:00.000000 UTC,PRJNA661322,113,NA,101,301,NA,QL-K-25d-PostParaquat-24h_S162_L007_R1_001.fastq.gz,[Invertebrate],2017-07-25,USA,North America,[USA:Greensboro],[],[],[],"[fastq,run.zq,sra]","[gs,ncbi,s3]","[gs.us-east1,ncbi.public,s3.us-east-1]","{
  ""attributes"": [{
    ""k"": ""bases"",
    ""v"": ""301682354""
  }, {
    ""k"": ""bytes"",
    ""v"": ""119125121""
  }, {
    ""k"": ""run_file_create_date"",
    ""v"": ""2020-09-03T17:07:00.000Z""
  }, {
    ""k"": ""collection_date_sam"",
    ""v"": ""2017-07-25""
  }, {
    ""k"": ""isolate_sam_ss_dpl100"",
    ""v"": ""Not Applicable""
  }, {
    ""k"": ""isolation_source_sam"",
    ""v"": ""Greensboro, NC""
  }, {
    ""k"": ""samples_numbers_sam"",
    ""v"": ""59""
  }, {
    ""k"": ""tissue_sam_ss_dpl145"",
    ""v"": ""Whole Body""
  }, {
    ""k"": ""primary_search"",
    ""v"": ""16054406""
  }, {
    ""k"": ""primary_search"",
    ""v"": ""661322""
  }, {
    ""k"": ""primary_search"",
    ""v"": ""PRJNA661322""
  }, {
    ""k"": ""primary_search"",
    ""v"": ""QL-K-25d-PostParaquat-24h_S162_L007_R1_001.fastq.gz""
  }, {
    ""k"": ""primary_search"",
    ""v"": ""SAMN16054406""
  }, {
    ""k"": ""primary_search"",
    ""v"": ""SRP280012""
  }, {
    ""k"": ""primary_search"",
    ""v"": ""SRR12584141""
  }, {
    ""k"": ""primary_search"",
    ""v"": ""SRS7319317""
  }, {
    ""k"": ""primary_search"",
    ""v"": ""SRX9071063""
  }, {
    ""k"": ""primary_search"",
    ""v"": ""bp0""
  }]
}",1,"{""bases"": 301682354, ""bytes"": 119125121, ""run_file_create_date"": ""2020-09-03T17:07:00.000Z"", ""collection_date_sam"": [""2017-07-25""], ""isolate_sam_ss_dpl100"": [""Not Applicable""], ""isolation_source_sam"": [""Greensboro, NC""], ""samples_numbers_sam"": 59, ""tissue_sam_ss_dpl145"": [""Whole Body""], ""primary_search"": ""16054406""}","srr12584141 rna-seq university of north carolina at greensboro public srx9071063 ql-k-25d-postparaquat-24h_s162_l007_r1_001.fastq.gz illumina hiseq 2500 single other transcriptomic illumina srs7319317 samn16054406 apis mellifera srp280012 2020-09-03 00:00:00.000000 utc prjna661322 ql-k-25d-postparaquat-24h_s162_l007_r1_001.fastq.gz [invertebrate] 2017-07-25 usa north america [usa:greensboro] [] [] [] [fastq,run.zq,sra] [gs,ncbi,s3] [gs.us-east1,ncbi.public,s3.us-east-1] {
  ""attributes"": [{
    ""k"": ""bases"",
    ""v"": ""301682354""
  }, {
    ""k"": ""bytes"",
    ""v"": ""119125121""
  }, {
    ""k"": ""run_file_create_date"",
    ""v"": ""2020-09-03t17:07:00.000z""
  }, {
    ""k"": ""collection_date_sam"",
    ""v"": ""2017-07-25""
  }, {
    ""k"": ""isolate_sam_ss_dpl100"",
    ""v"": ""not applicable""
  }, {
    ""k"": ""isolation_source_sam"",
    ""v"": ""greensboro, nc""
  }, {
    ""k"": ""samples_numbers_sam"",
    ""v"": ""59""
  }, {
    ""k"": ""tissue_sam_ss_dpl145"",
    ""v"": ""whole body""
  }, {
    ""k"": ""primary_search"",
    ""v"": ""16054406""
  }, {
    ""k"": ""primary_search"",
    ""v"": ""661322""
  }, {
    ""k"": ""primary_search"",
    ""v"": ""prjna661322""
  }, {
    ""k"": ""primary_search"",
    ""v"": ""ql-k-25d-postparaquat-24h_s162_l007_r1_001.fastq.gz""
  }, {
    ""k"": ""primary_search"",
    ""v"": ""samn16054406""
  }, {
    ""k"": ""primary_search"",
    ""v"": ""srp280012""
  }, {
    ""k"": ""primary_search"",
    ""v"": ""srr12584141""
  }, {
    ""k"": ""primary_search"",
    ""v"": ""srs7319317""
  }, {
    ""k"": ""primary_search"",
    ""v"": ""srx9071063""
  }, {
    ""k"": ""primary_search"",
    ""v"": ""bp0""
  }]
} {""bases"": 301682354, ""bytes"": 119125121, ""run_file_create_date"": ""2020-09-03t17:07:00.000z"", ""collection_date_sam"": [""2017-07-25""], ""isolate_sam_ss_dpl100"": [""not applicable""], ""isolation_source_sam"": [""greensboro, nc""], ""samples_numbers_sam"": 59, ""tissue_sam_ss_dpl145"": [""whole body""], ""primary_search"": ""16054406""}",,1
SRR12584147,RNA-Seq,UNIVERSITY OF NORTH CAROLINA AT GREENSBORO,public,SRX9071057,QL-I-25d-PostPBS-24h_S149_L007_R1_001.fastq.gz,Illumina HiSeq 2500,SINGLE,other,TRANSCRIPTOMIC,ILLUMINA,SRS7319311,SAMN16054400,Apis mellifera,SRP280012,2020-09-03 00:00:00.000000 UTC,PRJNA661322,82,NA,101,215,NA,QL-I-25d-PostPBS-24h_S149_L007_R1_001.fastq.gz,[Invertebrate],2017-07-25,USA,North America,[USA:Greensboro],[],[],[],"[fastq,run.zq,sra]","[gs,ncbi,s3]","[gs.us-east1,ncbi.public,s3.us-east-1]","{
  ""attributes"": [{
    ""k"": ""bases"",
    ""v"": ""215863361""
  }, {
    ""k"": ""bytes"",
    ""v"": ""86690913""
  }, {
    ""k"": ""run_file_create_date"",
    ""v"": ""2020-09-03T17:07:00.000Z""
  }, {
    ""k"": ""collection_date_sam"",
    ""v"": ""2017-07-25""
  }, {
    ""k"": ""isolate_sam_ss_dpl100"",
    ""v"": ""Not Applicable""
  }, {
    ""k"": ""isolation_source_sam"",
    ""v"": ""Greensboro, NC""
  }, {
    ""k"": ""samples_numbers_sam"",
    ""v"": ""53""
  }, {
    ""k"": ""tissue_sam_ss_dpl145"",
    ""v"": ""Whole Body""
  }, {
    ""k"": ""primary_search"",
    ""v"": ""16054400""
  }, {
    ""k"": ""primary_search"",
    ""v"": ""661322""
  }, {
    ""k"": ""primary_search"",
    ""v"": ""PRJNA661322""
  }, {
    ""k"": ""primary_search"",
    ""v"": ""QL-I-25d-PostPBS-24h_S149_L007_R1_001.fastq.gz""
  }, {
    ""k"": ""primary_search"",
    ""v"": ""SAMN16054400""
  }, {
    ""k"": ""primary_search"",
    ""v"": ""SRP280012""
  }, {
    ""k"": ""primary_search"",
    ""v"": ""SRR12584147""
  }, {
    ""k"": ""primary_search"",
    ""v"": ""SRS7319311""
  }, {
    ""k"": ""primary_search"",
    ""v"": ""SRX9071057""
  }, {
    ""k"": ""primary_search"",
    ""v"": ""bp0""
  }]
}",1,"{""bases"": 215863361, ""bytes"": 86690913, ""run_file_create_date"": ""2020-09-03T17:07:00.000Z"", ""collection_date_sam"": [""2017-07-25""], ""isolate_sam_ss_dpl100"": [""Not Applicable""], ""isolation_source_sam"": [""Greensboro, NC""], ""samples_numbers_sam"": 53, ""tissue_sam_ss_dpl145"": [""Whole Body""], ""primary_search"": ""16054400""}","srr12584147 rna-seq university of north carolina at greensboro public srx9071057 ql-i-25d-postpbs-24h_s149_l007_r1_001.fastq.gz illumina hiseq 2500 single other transcriptomic illumina srs7319311 samn16054400 apis mellifera srp280012 2020-09-03 00:00:00.000000 utc prjna661322 ql-i-25d-postpbs-24h_s149_l007_r1_001.fastq.gz [invertebrate] 2017-07-25 usa north america [usa:greensboro] [] [] [] [fastq,run.zq,sra] [gs,ncbi,s3] [gs.us-east1,ncbi.public,s3.us-east-1] {
  ""attributes"": [{
    ""k"": ""bases"",
    ""v"": ""215863361""
  }, {
    ""k"": ""bytes"",
    ""v"": ""86690913""
  }, {
    ""k"": ""run_file_create_date"",
    ""v"": ""2020-09-03t17:07:00.000z""
  }, {
    ""k"": ""collection_date_sam"",
    ""v"": ""2017-07-25""
  }, {
    ""k"": ""isolate_sam_ss_dpl100"",
    ""v"": ""not applicable""
  }, {
    ""k"": ""isolation_source_sam"",
    ""v"": ""greensboro, nc""
  }, {
    ""k"": ""samples_numbers_sam"",
    ""v"": ""53""
  }, {
    ""k"": ""tissue_sam_ss_dpl145"",
    ""v"": ""whole body""
  }, {
    ""k"": ""primary_search"",
    ""v"": ""16054400""
  }, {
    ""k"": ""primary_search"",
    ""v"": ""661322""
  }, {
    ""k"": ""primary_search"",
    ""v"": ""prjna661322""
  }, {
    ""k"": ""primary_search"",
    ""v"": ""ql-i-25d-postpbs-24h_s149_l007_r1_001.fastq.gz""
  }, {
    ""k"": ""primary_search"",
    ""v"": ""samn16054400""
  }, {
    ""k"": ""primary_search"",
    ""v"": ""srp280012""
  }, {
    ""k"": ""primary_search"",
    ""v"": ""srr12584147""
  }, {
    ""k"": ""primary_search"",
    ""v"": ""srs7319311""
  }, {
    ""k"": ""primary_search"",
    ""v"": ""srx9071057""
  }, {
    ""k"": ""primary_search"",
    ""v"": ""bp0""
  }]
} {""bases"": 215863361, ""bytes"": 86690913, ""run_file_create_date"": ""2020-09-03t17:07:00.000z"", ""collection_date_sam"": [""2017-07-25""], ""isolate_sam_ss_dpl100"": [""not applicable""], ""isolation_source_sam"": [""greensboro, nc""], ""samples_numbers_sam"": 53, ""tissue_sam_ss_dpl145"": [""whole body""], ""primary_search"": ""16054400""}",,1
SRR12584142,RNA-Seq,UNIVERSITY OF NORTH CAROLINA AT GREENSBORO,public,SRX9071062,QL-K-25d-PostParaquat-24h_S162_L006_R1_001.fastq.gz,Illumina HiSeq 2500,SINGLE,other,TRANSCRIPTOMIC,ILLUMINA,SRS7319316,SAMN16054405,Apis mellifera,SRP280012,2020-09-03 00:00:00.000000 UTC,PRJNA661322,115,NA,101,305,NA,QL-K-25d-PostParaquat-24h_S162_L006_R1_001.fastq.gz,[Invertebrate],2017-07-25,USA,North America,[USA:Greensboro],[],[],[],"[fastq,run.zq,sra]","[gs,ncbi,s3]","[gs.us-east1,ncbi.public,s3.us-east-1]","{
  ""attributes"": [{
    ""k"": ""bases"",
    ""v"": ""305069086""
  }, {
    ""k"": ""bytes"",
    ""v"": ""121001674""
  }, {
    ""k"": ""run_file_create_date"",
    ""v"": ""2020-09-03T17:07:00.000Z""
  }, {
    ""k"": ""collection_date_sam"",
    ""v"": ""2017-07-25""
  }, {
    ""k"": ""isolate_sam_ss_dpl100"",
    ""v"": ""Not Applicable""
  }, {
    ""k"": ""isolation_source_sam"",
    ""v"": ""Greensboro, NC""
  }, {
    ""k"": ""samples_numbers_sam"",
    ""v"": ""58""
  }, {
    ""k"": ""tissue_sam_ss_dpl145"",
    ""v"": ""Whole Body""
  }, {
    ""k"": ""primary_search"",
    ""v"": ""16054405""
  }, {
    ""k"": ""primary_search"",
    ""v"": ""661322""
  }, {
    ""k"": ""primary_search"",
    ""v"": ""PRJNA661322""
  }, {
    ""k"": ""primary_search"",
    ""v"": ""QL-K-25d-PostParaquat-24h_S162_L006_R1_001.fastq.gz""
  }, {
    ""k"": ""primary_search"",
    ""v"": ""SAMN16054405""
  }, {
    ""k"": ""primary_search"",
    ""v"": ""SRP280012""
  }, {
    ""k"": ""primary_search"",
    ""v"": ""SRR12584142""
  }, {
    ""k"": ""primary_search"",
    ""v"": ""SRS7319316""
  }, {
    ""k"": ""primary_search"",
    ""v"": ""SRX9071062""
  }, {
    ""k"": ""primary_search"",
    ""v"": ""bp0""
  }]
}",1,"{""bases"": 305069086, ""bytes"": 121001674, ""run_file_create_date"": ""2020-09-03T17:07:00.000Z"", ""collection_date_sam"": [""2017-07-25""], ""isolate_sam_ss_dpl100"": [""Not Applicable""], ""isolation_source_sam"": [""Greensboro, NC""], ""samples_numbers_sam"": 58, ""tissue_sam_ss_dpl145"": [""Whole Body""], ""primary_search"": ""16054405""}","srr12584142 rna-seq university of north carolina at greensboro public srx9071062 ql-k-25d-postparaquat-24h_s162_l006_r1_001.fastq.gz illumina hiseq 2500 single other transcriptomic illumina srs7319316 samn16054405 apis mellifera srp280012 2020-09-03 00:00:00.000000 utc prjna661322 ql-k-25d-postparaquat-24h_s162_l006_r1_001.fastq.gz [invertebrate] 2017-07-25 usa north america [usa:greensboro] [] [] [] [fastq,run.zq,sra] [gs,ncbi,s3] [gs.us-east1,ncbi.public,s3.us-east-1] {
  ""attributes"": [{
    ""k"": ""bases"",
    ""v"": ""305069086""
  }, {
    ""k"": ""bytes"",
    ""v"": ""121001674""
  }, {
    ""k"": ""run_file_create_date"",
    ""v"": ""2020-09-03t17:07:00.000z""
  }, {
    ""k"": ""collection_date_sam"",
    ""v"": ""2017-07-25""
  }, {
    ""k"": ""isolate_sam_ss_dpl100"",
    ""v"": ""not applicable""
  }, {
    ""k"": ""isolation_source_sam"",
    ""v"": ""greensboro, nc""
  }, {
    ""k"": ""samples_numbers_sam"",
    ""v"": ""58""
  }, {
    ""k"": ""tissue_sam_ss_dpl145"",
    ""v"": ""whole body""
  }, {
    ""k"": ""primary_search"",
    ""v"": ""16054405""
  }, {
    ""k"": ""primary_search"",
    ""v"": ""661322""
  }, {
    ""k"": ""primary_search"",
    ""v"": ""prjna661322""
  }, {
    ""k"": ""primary_search"",
    ""v"": ""ql-k-25d-postparaquat-24h_s162_l006_r1_001.fastq.gz""
  }, {
    ""k"": ""primary_search"",
    ""v"": ""samn16054405""
  }, {
    ""k"": ""primary_search"",
    ""v"": ""srp280012""
  }, {
    ""k"": ""primary_search"",
    ""v"": ""srr12584142""
  }, {
    ""k"": ""primary_search"",
    ""v"": ""srs7319316""
  }, {
    ""k"": ""primary_search"",
    ""v"": ""srx9071062""
  }, {
    ""k"": ""primary_search"",
    ""v"": ""bp0""
  }]
} {""bases"": 305069086, ""bytes"": 121001674, ""run_file_create_date"": ""2020-09-03t17:07:00.000z"", ""collection_date_sam"": [""2017-07-25""], ""isolate_sam_ss_dpl100"": [""not applicable""], ""isolation_source_sam"": [""greensboro, nc""], ""samples_numbers_sam"": 58, ""tissue_sam_ss_dpl145"": [""whole body""], ""primary_search"": ""16054405""}",,1
SRR12584270,RNA-Seq,UNIVERSITY OF NORTH CAROLINA AT GREENSBORO,public,SRX9070934,QR-Q-25d-PostParaquat-24h_S178_L007_R1_001.fastq.gz,Illumina HiSeq 2500,SINGLE,other,TRANSCRIPTOMIC,ILLUMINA,SRS7319188,SAMN16054517,Apis mellifera,SRP280012,2020-09-03 00:00:00.000000 UTC,PRJNA661322,150,NA,101,418,NA,QR-Q-25d-PostParaquat-24h_S178_L007_R1_001.fastq.gz,[Invertebrate],2017-07-25,USA,North America,[USA:Greensboro],[],[],[],"[fastq,run.zq,sra]","[gs,ncbi,s3]","[gs.us-east1,ncbi.public,s3.us-east-1]","{
  ""attributes"": [{
    ""k"": ""bases"",
    ""v"": ""418630759""
  }, {
    ""k"": ""bytes"",
    ""v"": ""157869809""
  }, {
    ""k"": ""run_file_create_date"",
    ""v"": ""2020-09-03T17:08:00.000Z""
  }, {
    ""k"": ""collection_date_sam"",
    ""v"": ""2017-07-25""
  }, {
    ""k"": ""isolate_sam_ss_dpl100"",
    ""v"": ""Not Applicable""
  }, {
    ""k"": ""isolation_source_sam"",
    ""v"": ""Greensboro, NC""
  }, {
    ""k"": ""samples_numbers_sam"",
    ""v"": ""170""
  }, {
    ""k"": ""tissue_sam_ss_dpl145"",
    ""v"": ""Whole Body""
  }, {
    ""k"": ""primary_search"",
    ""v"": ""16054517""
  }, {
    ""k"": ""primary_search"",
    ""v"": ""661322""
  }, {
    ""k"": ""primary_search"",
    ""v"": ""PRJNA661322""
  }, {
    ""k"": ""primary_search"",
    ""v"": ""QR-Q-25d-PostParaquat-24h_S178_L007_R1_001.fastq.gz""
  }, {
    ""k"": ""primary_search"",
    ""v"": ""SAMN16054517""
  }, {
    ""k"": ""primary_search"",
    ""v"": ""SRP280012""
  }, {
    ""k"": ""primary_search"",
    ""v"": ""SRR12584270""
  }, {
    ""k"": ""primary_search"",
    ""v"": ""SRS7319188""
  }, {
    ""k"": ""primary_search"",
    ""v"": ""SRX9070934""
  }, {
    ""k"": ""primary_search"",
    ""v"": ""bp0""
  }]
}",1,"{""bases"": 418630759, ""bytes"": 157869809, ""run_file_create_date"": ""2020-09-03T17:08:00.000Z"", ""collection_date_sam"": [""2017-07-25""], ""isolate_sam_ss_dpl100"": [""Not Applicable""], ""isolation_source_sam"": [""Greensboro, NC""], ""samples_numbers_sam"": 170, ""tissue_sam_ss_dpl145"": [""Whole Body""], ""primary_search"": ""16054517""}","srr12584270 rna-seq university of north carolina at greensboro public srx9070934 qr-q-25d-postparaquat-24h_s178_l007_r1_001.fastq.gz illumina hiseq 2500 single other transcriptomic illumina srs7319188 samn16054517 apis mellifera srp280012 2020-09-03 00:00:00.000000 utc prjna661322 qr-q-25d-postparaquat-24h_s178_l007_r1_001.fastq.gz [invertebrate] 2017-07-25 usa north america [usa:greensboro] [] [] [] [fastq,run.zq,sra] [gs,ncbi,s3] [gs.us-east1,ncbi.public,s3.us-east-1] {
  ""attributes"": [{
    ""k"": ""bases"",
    ""v"": ""418630759""
  }, {
    ""k"": ""bytes"",
    ""v"": ""157869809""
  }, {
    ""k"": ""run_file_create_date"",
    ""v"": ""2020-09-03t17:08:00.000z""
  }, {
    ""k"": ""collection_date_sam"",
    ""v"": ""2017-07-25""
  }, {
    ""k"": ""isolate_sam_ss_dpl100"",
    ""v"": ""not applicable""
  }, {
    ""k"": ""isolation_source_sam"",
    ""v"": ""greensboro, nc""
  }, {
    ""k"": ""samples_numbers_sam"",
    ""v"": ""170""
  }, {
    ""k"": ""tissue_sam_ss_dpl145"",
    ""v"": ""whole body""
  }, {
    ""k"": ""primary_search"",
    ""v"": ""16054517""
  }, {
    ""k"": ""primary_search"",
    ""v"": ""661322""
  }, {
    ""k"": ""primary_search"",
    ""v"": ""prjna661322""
  }, {
    ""k"": ""primary_search"",
    ""v"": ""qr-q-25d-postparaquat-24h_s178_l007_r1_001.fastq.gz""
  }, {
    ""k"": ""primary_search"",
    ""v"": ""samn16054517""
  }, {
    ""k"": ""primary_search"",
    ""v"": ""srp280012""
  }, {
    ""k"": ""primary_search"",
    ""v"": ""srr12584270""
  }, {
    ""k"": ""primary_search"",
    ""v"": ""srs7319188""
  }, {
    ""k"": ""primary_search"",
    ""v"": ""srx9070934""
  }, {
    ""k"": ""primary_search"",
    ""v"": ""bp0""
  }]
} {""bases"": 418630759, ""bytes"": 157869809, ""run_file_create_date"": ""2020-09-03t17:08:00.000z"", ""collection_date_sam"": [""2017-07-25""], ""isolate_sam_ss_dpl100"": [""not applicable""], ""isolation_source_sam"": [""greensboro, nc""], ""samples_numbers_sam"": 170, ""tissue_sam_ss_dpl145"": [""whole body""], ""primary_search"": ""16054517""}",,1
SRR12584212,RNA-Seq,UNIVERSITY OF NORTH CAROLINA AT GREENSBORO,public,SRX9070992,QR-H-25d-PostPBS-24h_S190_L008_R1_001.fastq.gz,Illumina HiSeq 2500,SINGLE,other,TRANSCRIPTOMIC,ILLUMINA,SRS7319246,SAMN16054482,Apis mellifera,SRP280012,2020-09-03 00:00:00.000000 UTC,PRJNA661322,100,NA,101,286,NA,QR-H-25d-PostPBS-24h_S190_L008_R1_001.fastq.gz,[Invertebrate],2017-07-25,USA,North America,[USA:Greensboro],[],[],[],"[fastq,run.zq,sra]","[gs,ncbi,s3]","[gs.us-east1,ncbi.public,s3.us-east-1]","{
  ""attributes"": [{
    ""k"": ""bases"",
    ""v"": ""286234000""
  }, {
    ""k"": ""bytes"",
    ""v"": ""105022098""
  }, {
    ""k"": ""run_file_create_date"",
    ""v"": ""2020-09-03T17:07:00.000Z""
  }, {
    ""k"": ""collection_date_sam"",
    ""v"": ""2017-07-25""
  }, {
    ""k"": ""isolate_sam_ss_dpl100"",
    ""v"": ""Not Applicable""
  }, {
    ""k"": ""isolation_source_sam"",
    ""v"": ""Greensboro, NC""
  }, {
    ""k"": ""samples_numbers_sam"",
    ""v"": ""135""
  }, {
    ""k"": ""tissue_sam_ss_dpl145"",
    ""v"": ""Whole Body""
  }, {
    ""k"": ""primary_search"",
    ""v"": ""16054482""
  }, {
    ""k"": ""primary_search"",
    ""v"": ""661322""
  }, {
    ""k"": ""primary_search"",
    ""v"": ""PRJNA661322""
  }, {
    ""k"": ""primary_search"",
    ""v"": ""QR-H-25d-PostPBS-24h_S190_L008_R1_001.fastq.gz""
  }, {
    ""k"": ""primary_search"",
    ""v"": ""SAMN16054482""
  }, {
    ""k"": ""primary_search"",
    ""v"": ""SRP280012""
  }, {
    ""k"": ""primary_search"",
    ""v"": ""SRR12584212""
  }, {
    ""k"": ""primary_search"",
    ""v"": ""SRS7319246""
  }, {
    ""k"": ""primary_search"",
    ""v"": ""SRX9070992""
  }, {
    ""k"": ""primary_search"",
    ""v"": ""bp0""
  }]
}",1,"{""bases"": 286234000, ""bytes"": 105022098, ""run_file_create_date"": ""2020-09-03T17:07:00.000Z"", ""collection_date_sam"": [""2017-07-25""], ""isolate_sam_ss_dpl100"": [""Not Applicable""], ""isolation_source_sam"": [""Greensboro, NC""], ""samples_numbers_sam"": 135, ""tissue_sam_ss_dpl145"": [""Whole Body""], ""primary_search"": ""16054482""}","srr12584212 rna-seq university of north carolina at greensboro public srx9070992 qr-h-25d-postpbs-24h_s190_l008_r1_001.fastq.gz illumina hiseq 2500 single other transcriptomic illumina srs7319246 samn16054482 apis mellifera srp280012 2020-09-03 00:00:00.000000 utc prjna661322 qr-h-25d-postpbs-24h_s190_l008_r1_001.fastq.gz [invertebrate] 2017-07-25 usa north america [usa:greensboro] [] [] [] [fastq,run.zq,sra] [gs,ncbi,s3] [gs.us-east1,ncbi.public,s3.us-east-1] {
  ""attributes"": [{
    ""k"": ""bases"",
    ""v"": ""286234000""
  }, {
    ""k"": ""bytes"",
    ""v"": ""105022098""
  }, {
    ""k"": ""run_file_create_date"",
    ""v"": ""2020-09-03t17:07:00.000z""
  }, {
    ""k"": ""collection_date_sam"",
    ""v"": ""2017-07-25""
  }, {
    ""k"": ""isolate_sam_ss_dpl100"",
    ""v"": ""not applicable""
  }, {
    ""k"": ""isolation_source_sam"",
    ""v"": ""greensboro, nc""
  }, {
    ""k"": ""samples_numbers_sam"",
    ""v"": ""135""
  }, {
    ""k"": ""tissue_sam_ss_dpl145"",
    ""v"": ""whole body""
  }, {
    ""k"": ""primary_search"",
    ""v"": ""16054482""
  }, {
    ""k"": ""primary_search"",
    ""v"": ""661322""
  }, {
    ""k"": ""primary_search"",
    ""v"": ""prjna661322""
  }, {
    ""k"": ""primary_search"",
    ""v"": ""qr-h-25d-postpbs-24h_s190_l008_r1_001.fastq.gz""
  }, {
    ""k"": ""primary_search"",
    ""v"": ""samn16054482""
  }, {
    ""k"": ""primary_search"",
    ""v"": ""srp280012""
  }, {
    ""k"": ""primary_search"",
    ""v"": ""srr12584212""
  }, {
    ""k"": ""primary_search"",
    ""v"": ""srs7319246""
  }, {
    ""k"": ""primary_search"",
    ""v"": ""srx9070992""
  }, {
    ""k"": ""primary_search"",
    ""v"": ""bp0""
  }]
} {""bases"": 286234000, ""bytes"": 105022098, ""run_file_create_date"": ""2020-09-03t17:07:00.000z"", ""collection_date_sam"": [""2017-07-25""], ""isolate_sam_ss_dpl100"": [""not applicable""], ""isolation_source_sam"": [""greensboro, nc""], ""samples_numbers_sam"": 135, ""tissue_sam_ss_dpl145"": [""whole body""], ""primary_search"": ""16054482""}",,1
SRR12584204,RNA-Seq,UNIVERSITY OF NORTH CAROLINA AT GREENSBORO,public,SRX9071000,QR-II-25d-NoTreat_S187_L006_R1_001.fastq.gz,Illumina HiSeq 2500,SINGLE,other,TRANSCRIPTOMIC,ILLUMINA,SRS7319254,SAMN16054489,Apis mellifera,SRP280012,2020-09-03 00:00:00.000000 UTC,PRJNA661322,91,NA,101,261,NA,QR-II-25d-NoTreat_S187_L006_R1_001.fastq.gz,[Invertebrate],2017-07-25,USA,North America,[USA:Greensboro],[],[],[],"[fastq,run.zq,sra]","[gs,ncbi,s3]","[gs.us-east1,ncbi.public,s3.us-east-1]","{
  ""attributes"": [{
    ""k"": ""bases"",
    ""v"": ""261912695""
  }, {
    ""k"": ""bytes"",
    ""v"": ""96026367""
  }, {
    ""k"": ""run_file_create_date"",
    ""v"": ""2020-09-03T17:07:00.000Z""
  }, {
    ""k"": ""collection_date_sam"",
    ""v"": ""2017-07-25""
  }, {
    ""k"": ""isolate_sam_ss_dpl100"",
    ""v"": ""Not Applicable""
  }, {
    ""k"": ""isolation_source_sam"",
    ""v"": ""Greensboro, NC""
  }, {
    ""k"": ""samples_numbers_sam"",
    ""v"": ""142""
  }, {
    ""k"": ""tissue_sam_ss_dpl145"",
    ""v"": ""Whole Body""
  }, {
    ""k"": ""primary_search"",
    ""v"": ""16054489""
  }, {
    ""k"": ""primary_search"",
    ""v"": ""661322""
  }, {
    ""k"": ""primary_search"",
    ""v"": ""PRJNA661322""
  }, {
    ""k"": ""primary_search"",
    ""v"": ""QR-II-25d-NoTreat_S187_L006_R1_001.fastq.gz""
  }, {
    ""k"": ""primary_search"",
    ""v"": ""SAMN16054489""
  }, {
    ""k"": ""primary_search"",
    ""v"": ""SRP280012""
  }, {
    ""k"": ""primary_search"",
    ""v"": ""SRR12584204""
  }, {
    ""k"": ""primary_search"",
    ""v"": ""SRS7319254""
  }, {
    ""k"": ""primary_search"",
    ""v"": ""SRX9071000""
  }, {
    ""k"": ""primary_search"",
    ""v"": ""bp0""
  }]
}",1,"{""bases"": 261912695, ""bytes"": 96026367, ""run_file_create_date"": ""2020-09-03T17:07:00.000Z"", ""collection_date_sam"": [""2017-07-25""], ""isolate_sam_ss_dpl100"": [""Not Applicable""], ""isolation_source_sam"": [""Greensboro, NC""], ""samples_numbers_sam"": 142, ""tissue_sam_ss_dpl145"": [""Whole Body""], ""primary_search"": ""16054489""}","srr12584204 rna-seq university of north carolina at greensboro public srx9071000 qr-ii-25d-notreat_s187_l006_r1_001.fastq.gz illumina hiseq 2500 single other transcriptomic illumina srs7319254 samn16054489 apis mellifera srp280012 2020-09-03 00:00:00.000000 utc prjna661322 qr-ii-25d-notreat_s187_l006_r1_001.fastq.gz [invertebrate] 2017-07-25 usa north america [usa:greensboro] [] [] [] [fastq,run.zq,sra] [gs,ncbi,s3] [gs.us-east1,ncbi.public,s3.us-east-1] {
  ""attributes"": [{
    ""k"": ""bases"",
    ""v"": ""261912695""
  }, {
    ""k"": ""bytes"",
    ""v"": ""96026367""
  }, {
    ""k"": ""run_file_create_date"",
    ""v"": ""2020-09-03t17:07:00.000z""
  }, {
    ""k"": ""collection_date_sam"",
    ""v"": ""2017-07-25""
  }, {
    ""k"": ""isolate_sam_ss_dpl100"",
    ""v"": ""not applicable""
  }, {
    ""k"": ""isolation_source_sam"",
    ""v"": ""greensboro, nc""
  }, {
    ""k"": ""samples_numbers_sam"",
    ""v"": ""142""
  }, {
    ""k"": ""tissue_sam_ss_dpl145"",
    ""v"": ""whole body""
  }, {
    ""k"": ""primary_search"",
    ""v"": ""16054489""
  }, {
    ""k"": ""primary_search"",
    ""v"": ""661322""
  }, {
    ""k"": ""primary_search"",
    ""v"": ""prjna661322""
  }, {
    ""k"": ""primary_search"",
    ""v"": ""qr-ii-25d-notreat_s187_l006_r1_001.fastq.gz""
  }, {
    ""k"": ""primary_search"",
    ""v"": ""samn16054489""
  }, {
    ""k"": ""primary_search"",
    ""v"": ""srp280012""
  }, {
    ""k"": ""primary_search"",
    ""v"": ""srr12584204""
  }, {
    ""k"": ""primary_search"",
    ""v"": ""srs7319254""
  }, {
    ""k"": ""primary_search"",
    ""v"": ""srx9071000""
  }, {
    ""k"": ""primary_search"",
    ""v"": ""bp0""
  }]
} {""bases"": 261912695, ""bytes"": 96026367, ""run_file_create_date"": ""2020-09-03t17:07:00.000z"", ""collection_date_sam"": [""2017-07-25""], ""isolate_sam_ss_dpl100"": [""not applicable""], ""isolation_source_sam"": [""greensboro, nc""], ""samples_numbers_sam"": 142, ""tissue_sam_ss_dpl145"": [""whole body""], ""primary_search"": ""16054489""}",,1
SRR12584132,RNA-Seq,UNIVERSITY OF NORTH CAROLINA AT GREENSBORO,public,SRX9071072,QL-N-25d-PostParaquat-24h_S151_L006_R1_001.fastq.gz,Illumina HiSeq 2500,SINGLE,other,TRANSCRIPTOMIC,ILLUMINA,SRS7319326,SAMN16054414,Apis mellifera,SRP280012,2020-09-03 00:00:00.000000 UTC,PRJNA661322,87,NA,101,237,NA,QL-N-25d-PostParaquat-24h_S151_L006_R1_001.fastq.gz,[Invertebrate],2017-07-25,USA,North America,[USA:Greensboro],[],[],[],"[fastq,run.zq,sra]","[gs,ncbi,s3]","[gs.us-east1,ncbi.public,s3.us-east-1]","{
  ""attributes"": [{
    ""k"": ""bases"",
    ""v"": ""237398379""
  }, {
    ""k"": ""bytes"",
    ""v"": ""91922494""
  }, {
    ""k"": ""run_file_create_date"",
    ""v"": ""2020-09-03T17:07:00.000Z""
  }, {
    ""k"": ""collection_date_sam"",
    ""v"": ""2017-07-25""
  }, {
    ""k"": ""isolate_sam_ss_dpl100"",
    ""v"": ""Not Applicable""
  }, {
    ""k"": ""isolation_source_sam"",
    ""v"": ""Greensboro, NC""
  }, {
    ""k"": ""samples_numbers_sam"",
    ""v"": ""67""
  }, {
    ""k"": ""tissue_sam_ss_dpl145"",
    ""v"": ""Whole Body""
  }, {
    ""k"": ""primary_search"",
    ""v"": ""16054414""
  }, {
    ""k"": ""primary_search"",
    ""v"": ""661322""
  }, {
    ""k"": ""primary_search"",
    ""v"": ""PRJNA661322""
  }, {
    ""k"": ""primary_search"",
    ""v"": ""QL-N-25d-PostParaquat-24h_S151_L006_R1_001.fastq.gz""
  }, {
    ""k"": ""primary_search"",
    ""v"": ""SAMN16054414""
  }, {
    ""k"": ""primary_search"",
    ""v"": ""SRP280012""
  }, {
    ""k"": ""primary_search"",
    ""v"": ""SRR12584132""
  }, {
    ""k"": ""primary_search"",
    ""v"": ""SRS7319326""
  }, {
    ""k"": ""primary_search"",
    ""v"": ""SRX9071072""
  }, {
    ""k"": ""primary_search"",
    ""v"": ""bp0""
  }]
}",1,"{""bases"": 237398379, ""bytes"": 91922494, ""run_file_create_date"": ""2020-09-03T17:07:00.000Z"", ""collection_date_sam"": [""2017-07-25""], ""isolate_sam_ss_dpl100"": [""Not Applicable""], ""isolation_source_sam"": [""Greensboro, NC""], ""samples_numbers_sam"": 67, ""tissue_sam_ss_dpl145"": [""Whole Body""], ""primary_search"": ""16054414""}","srr12584132 rna-seq university of north carolina at greensboro public srx9071072 ql-n-25d-postparaquat-24h_s151_l006_r1_001.fastq.gz illumina hiseq 2500 single other transcriptomic illumina srs7319326 samn16054414 apis mellifera srp280012 2020-09-03 00:00:00.000000 utc prjna661322 ql-n-25d-postparaquat-24h_s151_l006_r1_001.fastq.gz [invertebrate] 2017-07-25 usa north america [usa:greensboro] [] [] [] [fastq,run.zq,sra] [gs,ncbi,s3] [gs.us-east1,ncbi.public,s3.us-east-1] {
  ""attributes"": [{
    ""k"": ""bases"",
    ""v"": ""237398379""
  }, {
    ""k"": ""bytes"",
    ""v"": ""91922494""
  }, {
    ""k"": ""run_file_create_date"",
    ""v"": ""2020-09-03t17:07:00.000z""
  }, {
    ""k"": ""collection_date_sam"",
    ""v"": ""2017-07-25""
  }, {
    ""k"": ""isolate_sam_ss_dpl100"",
    ""v"": ""not applicable""
  }, {
    ""k"": ""isolation_source_sam"",
    ""v"": ""greensboro, nc""
  }, {
    ""k"": ""samples_numbers_sam"",
    ""v"": ""67""
  }, {
    ""k"": ""tissue_sam_ss_dpl145"",
    ""v"": ""whole body""
  }, {
    ""k"": ""primary_search"",
    ""v"": ""16054414""
  }, {
    ""k"": ""primary_search"",
    ""v"": ""661322""
  }, {
    ""k"": ""primary_search"",
    ""v"": ""prjna661322""
  }, {
    ""k"": ""primary_search"",
    ""v"": ""ql-n-25d-postparaquat-24h_s151_l006_r1_001.fastq.gz""
  }, {
    ""k"": ""primary_search"",
    ""v"": ""samn16054414""
  }, {
    ""k"": ""primary_search"",
    ""v"": ""srp280012""
  }, {
    ""k"": ""primary_search"",
    ""v"": ""srr12584132""
  }, {
    ""k"": ""primary_search"",
    ""v"": ""srs7319326""
  }, {
    ""k"": ""primary_search"",
    ""v"": ""srx9071072""
  }, {
    ""k"": ""primary_search"",
    ""v"": ""bp0""
  }]
} {""bases"": 237398379, ""bytes"": 91922494, ""run_file_create_date"": ""2020-09-03t17:07:00.000z"", ""collection_date_sam"": [""2017-07-25""], ""isolate_sam_ss_dpl100"": [""not applicable""], ""isolation_source_sam"": [""greensboro, nc""], ""samples_numbers_sam"": 67, ""tissue_sam_ss_dpl145"": [""whole body""], ""primary_search"": ""16054414""}",,1
SRR12584103,RNA-Seq,UNIVERSITY OF NORTH CAROLINA AT GREENSBORO,public,SRX9071101,QR-2-25d-NoTreat_S204_L008_R1_001.fastq.gz,Illumina HiSeq 2500,SINGLE,other,TRANSCRIPTOMIC,ILLUMINA,SRS7319355,SAMN16054440,Apis mellifera,SRP280012,2020-09-03 00:00:00.000000 UTC,PRJNA661322,211,NA,101,572,NA,QR-2-25d-NoTreat_S204_L008_R1_001.fastq.gz,[Invertebrate],2017-07-25,USA,North America,[USA:Greensboro],[],[],[],"[fastq,run.zq,sra]","[gs,ncbi,s3]","[gs.us-east1,ncbi.public,s3.us-east-1]","{
  ""attributes"": [{
    ""k"": ""bases"",
    ""v"": ""572562738""
  }, {
    ""k"": ""bytes"",
    ""v"": ""221795460""
  }, {
    ""k"": ""run_file_create_date"",
    ""v"": ""2020-09-03T17:08:00.000Z""
  }, {
    ""k"": ""collection_date_sam"",
    ""v"": ""2017-07-25""
  }, {
    ""k"": ""isolate_sam_ss_dpl100"",
    ""v"": ""Not Applicable""
  }, {
    ""k"": ""isolation_source_sam"",
    ""v"": ""Greensboro, NC""
  }, {
    ""k"": ""samples_numbers_sam"",
    ""v"": ""93""
  }, {
    ""k"": ""tissue_sam_ss_dpl145"",
    ""v"": ""Whole Body""
  }, {
    ""k"": ""primary_search"",
    ""v"": ""16054440""
  }, {
    ""k"": ""primary_search"",
    ""v"": ""661322""
  }, {
    ""k"": ""primary_search"",
    ""v"": ""PRJNA661322""
  }, {
    ""k"": ""primary_search"",
    ""v"": ""QR-2-25d-NoTreat_S204_L008_R1_001.fastq.gz""
  }, {
    ""k"": ""primary_search"",
    ""v"": ""SAMN16054440""
  }, {
    ""k"": ""primary_search"",
    ""v"": ""SRP280012""
  }, {
    ""k"": ""primary_search"",
    ""v"": ""SRR12584103""
  }, {
    ""k"": ""primary_search"",
    ""v"": ""SRS7319355""
  }, {
    ""k"": ""primary_search"",
    ""v"": ""SRX9071101""
  }, {
    ""k"": ""primary_search"",
    ""v"": ""bp0""
  }]
}",1,"{""bases"": 572562738, ""bytes"": 221795460, ""run_file_create_date"": ""2020-09-03T17:08:00.000Z"", ""collection_date_sam"": [""2017-07-25""], ""isolate_sam_ss_dpl100"": [""Not Applicable""], ""isolation_source_sam"": [""Greensboro, NC""], ""samples_numbers_sam"": 93, ""tissue_sam_ss_dpl145"": [""Whole Body""], ""primary_search"": ""16054440""}","srr12584103 rna-seq university of north carolina at greensboro public srx9071101 qr-2-25d-notreat_s204_l008_r1_001.fastq.gz illumina hiseq 2500 single other transcriptomic illumina srs7319355 samn16054440 apis mellifera srp280012 2020-09-03 00:00:00.000000 utc prjna661322 qr-2-25d-notreat_s204_l008_r1_001.fastq.gz [invertebrate] 2017-07-25 usa north america [usa:greensboro] [] [] [] [fastq,run.zq,sra] [gs,ncbi,s3] [gs.us-east1,ncbi.public,s3.us-east-1] {
  ""attributes"": [{
    ""k"": ""bases"",
    ""v"": ""572562738""
  }, {
    ""k"": ""bytes"",
    ""v"": ""221795460""
  }, {
    ""k"": ""run_file_create_date"",
    ""v"": ""2020-09-03t17:08:00.000z""
  }, {
    ""k"": ""collection_date_sam"",
    ""v"": ""2017-07-25""
  }, {
    ""k"": ""isolate_sam_ss_dpl100"",
    ""v"": ""not applicable""
  }, {
    ""k"": ""isolation_source_sam"",
    ""v"": ""greensboro, nc""
  }, {
    ""k"": ""samples_numbers_sam"",
    ""v"": ""93""
  }, {
    ""k"": ""tissue_sam_ss_dpl145"",
    ""v"": ""whole body""
  }, {
    ""k"": ""primary_search"",
    ""v"": ""16054440""
  }, {
    ""k"": ""primary_search"",
    ""v"": ""661322""
  }, {
    ""k"": ""primary_search"",
    ""v"": ""prjna661322""
  }, {
    ""k"": ""primary_search"",
    ""v"": ""qr-2-25d-notreat_s204_l008_r1_001.fastq.gz""
  }, {
    ""k"": ""primary_search"",
    ""v"": ""samn16054440""
  }, {
    ""k"": ""primary_search"",
    ""v"": ""srp280012""
  }, {
    ""k"": ""primary_search"",
    ""v"": ""srr12584103""
  }, {
    ""k"": ""primary_search"",
    ""v"": ""srs7319355""
  }, {
    ""k"": ""primary_search"",
    ""v"": ""srx9071101""
  }, {
    ""k"": ""primary_search"",
    ""v"": ""bp0""
  }]
} {""bases"": 572562738, ""bytes"": 221795460, ""run_file_create_date"": ""2020-09-03t17:08:00.000z"", ""collection_date_sam"": [""2017-07-25""], ""isolate_sam_ss_dpl100"": [""not applicable""], ""isolation_source_sam"": [""greensboro, nc""], ""samples_numbers_sam"": 93, ""tissue_sam_ss_dpl145"": [""whole body""], ""primary_search"": ""16054440""}",,1
SRR12584218,RNA-Seq,UNIVERSITY OF NORTH CAROLINA AT GREENSBORO,public,SRX9070986,QR-GG-25d-NoTreat_S191_L006_R1_001.fastq.gz,Illumina HiSeq 2500,SINGLE,other,TRANSCRIPTOMIC,ILLUMINA,SRS7319240,SAMN16054477,Apis mellifera,SRP280012,2020-09-03 00:00:00.000000 UTC,PRJNA661322,123,NA,101,338,NA,QR-GG-25d-NoTreat_S191_L006_R1_001.fastq.gz,[Invertebrate],2017-07-25,USA,North America,[USA:Greensboro],[],[],[],"[fastq,run.zq,sra]","[gs,ncbi,s3]","[gs.us-east1,ncbi.public,s3.us-east-1]","{
  ""attributes"": [{
    ""k"": ""bases"",
    ""v"": ""338517761""
  }, {
    ""k"": ""bytes"",
    ""v"": ""129498701""
  }, {
    ""k"": ""run_file_create_date"",
    ""v"": ""2020-09-03T17:07:00.000Z""
  }, {
    ""k"": ""collection_date_sam"",
    ""v"": ""2017-07-25""
  }, {
    ""k"": ""isolate_sam_ss_dpl100"",
    ""v"": ""Not Applicable""
  }, {
    ""k"": ""isolation_source_sam"",
    ""v"": ""Greensboro, NC""
  }, {
    ""k"": ""samples_numbers_sam"",
    ""v"": ""130""
  }, {
    ""k"": ""tissue_sam_ss_dpl145"",
    ""v"": ""Whole Body""
  }, {
    ""k"": ""primary_search"",
    ""v"": ""16054477""
  }, {
    ""k"": ""primary_search"",
    ""v"": ""661322""
  }, {
    ""k"": ""primary_search"",
    ""v"": ""PRJNA661322""
  }, {
    ""k"": ""primary_search"",
    ""v"": ""QR-GG-25d-NoTreat_S191_L006_R1_001.fastq.gz""
  }, {
    ""k"": ""primary_search"",
    ""v"": ""SAMN16054477""
  }, {
    ""k"": ""primary_search"",
    ""v"": ""SRP280012""
  }, {
    ""k"": ""primary_search"",
    ""v"": ""SRR12584218""
  }, {
    ""k"": ""primary_search"",
    ""v"": ""SRS7319240""
  }, {
    ""k"": ""primary_search"",
    ""v"": ""SRX9070986""
  }, {
    ""k"": ""primary_search"",
    ""v"": ""bp0""
  }]
}",1,"{""bases"": 338517761, ""bytes"": 129498701, ""run_file_create_date"": ""2020-09-03T17:07:00.000Z"", ""collection_date_sam"": [""2017-07-25""], ""isolate_sam_ss_dpl100"": [""Not Applicable""], ""isolation_source_sam"": [""Greensboro, NC""], ""samples_numbers_sam"": 130, ""tissue_sam_ss_dpl145"": [""Whole Body""], ""primary_search"": ""16054477""}","srr12584218 rna-seq university of north carolina at greensboro public srx9070986 qr-gg-25d-notreat_s191_l006_r1_001.fastq.gz illumina hiseq 2500 single other transcriptomic illumina srs7319240 samn16054477 apis mellifera srp280012 2020-09-03 00:00:00.000000 utc prjna661322 qr-gg-25d-notreat_s191_l006_r1_001.fastq.gz [invertebrate] 2017-07-25 usa north america [usa:greensboro] [] [] [] [fastq,run.zq,sra] [gs,ncbi,s3] [gs.us-east1,ncbi.public,s3.us-east-1] {
  ""attributes"": [{
    ""k"": ""bases"",
    ""v"": ""338517761""
  }, {
    ""k"": ""bytes"",
    ""v"": ""129498701""
  }, {
    ""k"": ""run_file_create_date"",
    ""v"": ""2020-09-03t17:07:00.000z""
  }, {
    ""k"": ""collection_date_sam"",
    ""v"": ""2017-07-25""
  }, {
    ""k"": ""isolate_sam_ss_dpl100"",
    ""v"": ""not applicable""
  }, {
    ""k"": ""isolation_source_sam"",
    ""v"": ""greensboro, nc""
  }, {
    ""k"": ""samples_numbers_sam"",
    ""v"": ""130""
  }, {
    ""k"": ""tissue_sam_ss_dpl145"",
    ""v"": ""whole body""
  }, {
    ""k"": ""primary_search"",
    ""v"": ""16054477""
  }, {
    ""k"": ""primary_search"",
    ""v"": ""661322""
  }, {
    ""k"": ""primary_search"",
    ""v"": ""prjna661322""
  }, {
    ""k"": ""primary_search"",
    ""v"": ""qr-gg-25d-notreat_s191_l006_r1_001.fastq.gz""
  }, {
    ""k"": ""primary_search"",
    ""v"": ""samn16054477""
  }, {
    ""k"": ""primary_search"",
    ""v"": ""srp280012""
  }, {
    ""k"": ""primary_search"",
    ""v"": ""srr12584218""
  }, {
    ""k"": ""primary_search"",
    ""v"": ""srs7319240""
  }, {
    ""k"": ""primary_search"",
    ""v"": ""srx9070986""
  }, {
    ""k"": ""primary_search"",
    ""v"": ""bp0""
  }]
} {""bases"": 338517761, ""bytes"": 129498701, ""run_file_create_date"": ""2020-09-03t17:07:00.000z"", ""collection_date_sam"": [""2017-07-25""], ""isolate_sam_ss_dpl100"": [""not applicable""], ""isolation_source_sam"": [""greensboro, nc""], ""samples_numbers_sam"": 130, ""tissue_sam_ss_dpl145"": [""whole body""], ""primary_search"": ""16054477""}",,1
SRR12584122,RNA-Seq,UNIVERSITY OF NORTH CAROLINA AT GREENSBORO,public,SRX9071082,QL-Q-25d-PostParaquat-24h_S153_L006_R1_001.fastq.gz,Illumina HiSeq 2500,SINGLE,other,TRANSCRIPTOMIC,ILLUMINA,SRS7319336,SAMN16054423,Apis mellifera,SRP280012,2020-09-03 00:00:00.000000 UTC,PRJNA661322,85,NA,101,238,NA,QL-Q-25d-PostParaquat-24h_S153_L006_R1_001.fastq.gz,[Invertebrate],2017-07-25,USA,North America,[USA:Greensboro],[],[],[],"[fastq,run.zq,sra]","[gs,ncbi,s3]","[gs.us-east1,ncbi.public,s3.us-east-1]","{
  ""attributes"": [{
    ""k"": ""bases"",
    ""v"": ""238448072""
  }, {
    ""k"": ""bytes"",
    ""v"": ""89941368""
  }, {
    ""k"": ""run_file_create_date"",
    ""v"": ""2020-09-03T17:07:00.000Z""
  }, {
    ""k"": ""collection_date_sam"",
    ""v"": ""2017-07-25""
  }, {
    ""k"": ""isolate_sam_ss_dpl100"",
    ""v"": ""Not Applicable""
  }, {
    ""k"": ""isolation_source_sam"",
    ""v"": ""Greensboro, NC""
  }, {
    ""k"": ""samples_numbers_sam"",
    ""v"": ""76""
  }, {
    ""k"": ""tissue_sam_ss_dpl145"",
    ""v"": ""Whole Body""
  }, {
    ""k"": ""primary_search"",
    ""v"": ""16054423""
  }, {
    ""k"": ""primary_search"",
    ""v"": ""661322""
  }, {
    ""k"": ""primary_search"",
    ""v"": ""PRJNA661322""
  }, {
    ""k"": ""primary_search"",
    ""v"": ""QL-Q-25d-PostParaquat-24h_S153_L006_R1_001.fastq.gz""
  }, {
    ""k"": ""primary_search"",
    ""v"": ""SAMN16054423""
  }, {
    ""k"": ""primary_search"",
    ""v"": ""SRP280012""
  }, {
    ""k"": ""primary_search"",
    ""v"": ""SRR12584122""
  }, {
    ""k"": ""primary_search"",
    ""v"": ""SRS7319336""
  }, {
    ""k"": ""primary_search"",
    ""v"": ""SRX9071082""
  }, {
    ""k"": ""primary_search"",
    ""v"": ""bp0""
  }]
}",1,"{""bases"": 238448072, ""bytes"": 89941368, ""run_file_create_date"": ""2020-09-03T17:07:00.000Z"", ""collection_date_sam"": [""2017-07-25""], ""isolate_sam_ss_dpl100"": [""Not Applicable""], ""isolation_source_sam"": [""Greensboro, NC""], ""samples_numbers_sam"": 76, ""tissue_sam_ss_dpl145"": [""Whole Body""], ""primary_search"": ""16054423""}","srr12584122 rna-seq university of north carolina at greensboro public srx9071082 ql-q-25d-postparaquat-24h_s153_l006_r1_001.fastq.gz illumina hiseq 2500 single other transcriptomic illumina srs7319336 samn16054423 apis mellifera srp280012 2020-09-03 00:00:00.000000 utc prjna661322 ql-q-25d-postparaquat-24h_s153_l006_r1_001.fastq.gz [invertebrate] 2017-07-25 usa north america [usa:greensboro] [] [] [] [fastq,run.zq,sra] [gs,ncbi,s3] [gs.us-east1,ncbi.public,s3.us-east-1] {
  ""attributes"": [{
    ""k"": ""bases"",
    ""v"": ""238448072""
  }, {
    ""k"": ""bytes"",
    ""v"": ""89941368""
  }, {
    ""k"": ""run_file_create_date"",
    ""v"": ""2020-09-03t17:07:00.000z""
  }, {
    ""k"": ""collection_date_sam"",
    ""v"": ""2017-07-25""
  }, {
    ""k"": ""isolate_sam_ss_dpl100"",
    ""v"": ""not applicable""
  }, {
    ""k"": ""isolation_source_sam"",
    ""v"": ""greensboro, nc""
  }, {
    ""k"": ""samples_numbers_sam"",
    ""v"": ""76""
  }, {
    ""k"": ""tissue_sam_ss_dpl145"",
    ""v"": ""whole body""
  }, {
    ""k"": ""primary_search"",
    ""v"": ""16054423""
  }, {
    ""k"": ""primary_search"",
    ""v"": ""661322""
  }, {
    ""k"": ""primary_search"",
    ""v"": ""prjna661322""
  }, {
    ""k"": ""primary_search"",
    ""v"": ""ql-q-25d-postparaquat-24h_s153_l006_r1_001.fastq.gz""
  }, {
    ""k"": ""primary_search"",
    ""v"": ""samn16054423""
  }, {
    ""k"": ""primary_search"",
    ""v"": ""srp280012""
  }, {
    ""k"": ""primary_search"",
    ""v"": ""srr12584122""
  }, {
    ""k"": ""primary_search"",
    ""v"": ""srs7319336""
  }, {
    ""k"": ""primary_search"",
    ""v"": ""srx9071082""
  }, {
    ""k"": ""primary_search"",
    ""v"": ""bp0""
  }]
} {""bases"": 238448072, ""bytes"": 89941368, ""run_file_create_date"": ""2020-09-03t17:07:00.000z"", ""collection_date_sam"": [""2017-07-25""], ""isolate_sam_ss_dpl100"": [""not applicable""], ""isolation_source_sam"": [""greensboro, nc""], ""samples_numbers_sam"": 76, ""tissue_sam_ss_dpl145"": [""whole body""], ""primary_search"": ""16054423""}",,1
SRR12584145,RNA-Seq,UNIVERSITY OF NORTH CAROLINA AT GREENSBORO,public,SRX9071059,QL-J-25d-PostPBS-24h_S161_L006_R1_001.fastq.gz,Illumina HiSeq 2500,SINGLE,other,TRANSCRIPTOMIC,ILLUMINA,SRS7319313,SAMN16054402,Apis mellifera,SRP280012,2020-09-03 00:00:00.000000 UTC,PRJNA661322,134,NA,101,369,NA,QL-J-25d-PostPBS-24h_S161_L006_R1_001.fastq.gz,[Invertebrate],2017-07-25,USA,North America,[USA:Greensboro],[],[],[],"[fastq,run.zq,sra]","[gs,ncbi,s3]","[gs.us-east1,ncbi.public,s3.us-east-1]","{
  ""attributes"": [{
    ""k"": ""bases"",
    ""v"": ""369621923""
  }, {
    ""k"": ""bytes"",
    ""v"": ""140863567""
  }, {
    ""k"": ""run_file_create_date"",
    ""v"": ""2020-09-03T17:07:00.000Z""
  }, {
    ""k"": ""collection_date_sam"",
    ""v"": ""2017-07-25""
  }, {
    ""k"": ""isolate_sam_ss_dpl100"",
    ""v"": ""Not Applicable""
  }, {
    ""k"": ""isolation_source_sam"",
    ""v"": ""Greensboro, NC""
  }, {
    ""k"": ""samples_numbers_sam"",
    ""v"": ""55""
  }, {
    ""k"": ""tissue_sam_ss_dpl145"",
    ""v"": ""Whole Body""
  }, {
    ""k"": ""primary_search"",
    ""v"": ""16054402""
  }, {
    ""k"": ""primary_search"",
    ""v"": ""661322""
  }, {
    ""k"": ""primary_search"",
    ""v"": ""PRJNA661322""
  }, {
    ""k"": ""primary_search"",
    ""v"": ""QL-J-25d-PostPBS-24h_S161_L006_R1_001.fastq.gz""
  }, {
    ""k"": ""primary_search"",
    ""v"": ""SAMN16054402""
  }, {
    ""k"": ""primary_search"",
    ""v"": ""SRP280012""
  }, {
    ""k"": ""primary_search"",
    ""v"": ""SRR12584145""
  }, {
    ""k"": ""primary_search"",
    ""v"": ""SRS7319313""
  }, {
    ""k"": ""primary_search"",
    ""v"": ""SRX9071059""
  }, {
    ""k"": ""primary_search"",
    ""v"": ""bp0""
  }]
}",1,"{""bases"": 369621923, ""bytes"": 140863567, ""run_file_create_date"": ""2020-09-03T17:07:00.000Z"", ""collection_date_sam"": [""2017-07-25""], ""isolate_sam_ss_dpl100"": [""Not Applicable""], ""isolation_source_sam"": [""Greensboro, NC""], ""samples_numbers_sam"": 55, ""tissue_sam_ss_dpl145"": [""Whole Body""], ""primary_search"": ""16054402""}","srr12584145 rna-seq university of north carolina at greensboro public srx9071059 ql-j-25d-postpbs-24h_s161_l006_r1_001.fastq.gz illumina hiseq 2500 single other transcriptomic illumina srs7319313 samn16054402 apis mellifera srp280012 2020-09-03 00:00:00.000000 utc prjna661322 ql-j-25d-postpbs-24h_s161_l006_r1_001.fastq.gz [invertebrate] 2017-07-25 usa north america [usa:greensboro] [] [] [] [fastq,run.zq,sra] [gs,ncbi,s3] [gs.us-east1,ncbi.public,s3.us-east-1] {
  ""attributes"": [{
    ""k"": ""bases"",
    ""v"": ""369621923""
  }, {
    ""k"": ""bytes"",
    ""v"": ""140863567""
  }, {
    ""k"": ""run_file_create_date"",
    ""v"": ""2020-09-03t17:07:00.000z""
  }, {
    ""k"": ""collection_date_sam"",
    ""v"": ""2017-07-25""
  }, {
    ""k"": ""isolate_sam_ss_dpl100"",
    ""v"": ""not applicable""
  }, {
    ""k"": ""isolation_source_sam"",
    ""v"": ""greensboro, nc""
  }, {
    ""k"": ""samples_numbers_sam"",
    ""v"": ""55""
  }, {
    ""k"": ""tissue_sam_ss_dpl145"",
    ""v"": ""whole body""
  }, {
    ""k"": ""primary_search"",
    ""v"": ""16054402""
  }, {
    ""k"": ""primary_search"",
    ""v"": ""661322""
  }, {
    ""k"": ""primary_search"",
    ""v"": ""prjna661322""
  }, {
    ""k"": ""primary_search"",
    ""v"": ""ql-j-25d-postpbs-24h_s161_l006_r1_001.fastq.gz""
  }, {
    ""k"": ""primary_search"",
    ""v"": ""samn16054402""
  }, {
    ""k"": ""primary_search"",
    ""v"": ""srp280012""
  }, {
    ""k"": ""primary_search"",
    ""v"": ""srr12584145""
  }, {
    ""k"": ""primary_search"",
    ""v"": ""srs7319313""
  }, {
    ""k"": ""primary_search"",
    ""v"": ""srx9071059""
  }, {
    ""k"": ""primary_search"",
    ""v"": ""bp0""
  }]
} {""bases"": 369621923, ""bytes"": 140863567, ""run_file_create_date"": ""2020-09-03t17:07:00.000z"", ""collection_date_sam"": [""2017-07-25""], ""isolate_sam_ss_dpl100"": [""not applicable""], ""isolation_source_sam"": [""greensboro, nc""], ""samples_numbers_sam"": 55, ""tissue_sam_ss_dpl145"": [""whole body""], ""primary_search"": ""16054402""}",,1
SRR12584214,RNA-Seq,UNIVERSITY OF NORTH CAROLINA AT GREENSBORO,public,SRX9070990,QR-H-25d-PostPBS-24h_S190_L006_R1_001.fastq.gz,Illumina HiSeq 2500,SINGLE,other,TRANSCRIPTOMIC,ILLUMINA,SRS7319244,SAMN16054480,Apis mellifera,SRP280012,2020-09-03 00:00:00.000000 UTC,PRJNA661322,94,NA,101,269,NA,QR-H-25d-PostPBS-24h_S190_L006_R1_001.fastq.gz,[Invertebrate],2017-07-25,USA,North America,[USA:Greensboro],[],[],[],"[fastq,run.zq,sra]","[gs,ncbi,s3]","[gs.us-east1,ncbi.public,s3.us-east-1]","{
  ""attributes"": [{
    ""k"": ""bases"",
    ""v"": ""269916743""
  }, {
    ""k"": ""bytes"",
    ""v"": ""99513373""
  }, {
    ""k"": ""run_file_create_date"",
    ""v"": ""2020-09-03T17:08:00.000Z""
  }, {
    ""k"": ""collection_date_sam"",
    ""v"": ""2017-07-25""
  }, {
    ""k"": ""isolate_sam_ss_dpl100"",
    ""v"": ""Not Applicable""
  }, {
    ""k"": ""isolation_source_sam"",
    ""v"": ""Greensboro, NC""
  }, {
    ""k"": ""samples_numbers_sam"",
    ""v"": ""133""
  }, {
    ""k"": ""tissue_sam_ss_dpl145"",
    ""v"": ""Whole Body""
  }, {
    ""k"": ""primary_search"",
    ""v"": ""16054480""
  }, {
    ""k"": ""primary_search"",
    ""v"": ""661322""
  }, {
    ""k"": ""primary_search"",
    ""v"": ""PRJNA661322""
  }, {
    ""k"": ""primary_search"",
    ""v"": ""QR-H-25d-PostPBS-24h_S190_L006_R1_001.fastq.gz""
  }, {
    ""k"": ""primary_search"",
    ""v"": ""SAMN16054480""
  }, {
    ""k"": ""primary_search"",
    ""v"": ""SRP280012""
  }, {
    ""k"": ""primary_search"",
    ""v"": ""SRR12584214""
  }, {
    ""k"": ""primary_search"",
    ""v"": ""SRS7319244""
  }, {
    ""k"": ""primary_search"",
    ""v"": ""SRX9070990""
  }, {
    ""k"": ""primary_search"",
    ""v"": ""bp0""
  }]
}",1,"{""bases"": 269916743, ""bytes"": 99513373, ""run_file_create_date"": ""2020-09-03T17:08:00.000Z"", ""collection_date_sam"": [""2017-07-25""], ""isolate_sam_ss_dpl100"": [""Not Applicable""], ""isolation_source_sam"": [""Greensboro, NC""], ""samples_numbers_sam"": 133, ""tissue_sam_ss_dpl145"": [""Whole Body""], ""primary_search"": ""16054480""}","srr12584214 rna-seq university of north carolina at greensboro public srx9070990 qr-h-25d-postpbs-24h_s190_l006_r1_001.fastq.gz illumina hiseq 2500 single other transcriptomic illumina srs7319244 samn16054480 apis mellifera srp280012 2020-09-03 00:00:00.000000 utc prjna661322 qr-h-25d-postpbs-24h_s190_l006_r1_001.fastq.gz [invertebrate] 2017-07-25 usa north america [usa:greensboro] [] [] [] [fastq,run.zq,sra] [gs,ncbi,s3] [gs.us-east1,ncbi.public,s3.us-east-1] {
  ""attributes"": [{
    ""k"": ""bases"",
    ""v"": ""269916743""
  }, {
    ""k"": ""bytes"",
    ""v"": ""99513373""
  }, {
    ""k"": ""run_file_create_date"",
    ""v"": ""2020-09-03t17:08:00.000z""
  }, {
    ""k"": ""collection_date_sam"",
    ""v"": ""2017-07-25""
  }, {
    ""k"": ""isolate_sam_ss_dpl100"",
    ""v"": ""not applicable""
  }, {
    ""k"": ""isolation_source_sam"",
    ""v"": ""greensboro, nc""
  }, {
    ""k"": ""samples_numbers_sam"",
    ""v"": ""133""
  }, {
    ""k"": ""tissue_sam_ss_dpl145"",
    ""v"": ""whole body""
  }, {
    ""k"": ""primary_search"",
    ""v"": ""16054480""
  }, {
    ""k"": ""primary_search"",
    ""v"": ""661322""
  }, {
    ""k"": ""primary_search"",
    ""v"": ""prjna661322""
  }, {
    ""k"": ""primary_search"",
    ""v"": ""qr-h-25d-postpbs-24h_s190_l006_r1_001.fastq.gz""
  }, {
    ""k"": ""primary_search"",
    ""v"": ""samn16054480""
  }, {
    ""k"": ""primary_search"",
    ""v"": ""srp280012""
  }, {
    ""k"": ""primary_search"",
    ""v"": ""srr12584214""
  }, {
    ""k"": ""primary_search"",
    ""v"": ""srs7319244""
  }, {
    ""k"": ""primary_search"",
    ""v"": ""srx9070990""
  }, {
    ""k"": ""primary_search"",
    ""v"": ""bp0""
  }]
} {""bases"": 269916743, ""bytes"": 99513373, ""run_file_create_date"": ""2020-09-03t17:08:00.000z"", ""collection_date_sam"": [""2017-07-25""], ""isolate_sam_ss_dpl100"": [""not applicable""], ""isolation_source_sam"": [""greensboro, nc""], ""samples_numbers_sam"": 133, ""tissue_sam_ss_dpl145"": [""whole body""], ""primary_search"": ""16054480""}",,1
SRR12584223,RNA-Seq,UNIVERSITY OF NORTH CAROLINA AT GREENSBORO,public,SRX9070981,QR-F-25d-PostPBS-24h_S193_L007_R1_001.fastq.gz,Illumina HiSeq 2500,SINGLE,other,TRANSCRIPTOMIC,ILLUMINA,SRS7319235,SAMN16054472,Apis mellifera,SRP280012,2020-09-03 00:00:00.000000 UTC,PRJNA661322,144,NA,101,391,NA,QR-F-25d-PostPBS-24h_S193_L007_R1_001.fastq.gz,[Invertebrate],2017-07-25,USA,North America,[USA:Greensboro],[],[],[],"[fastq,run.zq,sra]","[gs,ncbi,s3]","[gs.us-east1,ncbi.public,s3.us-east-1]","{
  ""attributes"": [{
    ""k"": ""bases"",
    ""v"": ""391535085""
  }, {
    ""k"": ""bytes"",
    ""v"": ""151597882""
  }, {
    ""k"": ""run_file_create_date"",
    ""v"": ""2020-09-03T17:07:00.000Z""
  }, {
    ""k"": ""collection_date_sam"",
    ""v"": ""2017-07-25""
  }, {
    ""k"": ""isolate_sam_ss_dpl100"",
    ""v"": ""Not Applicable""
  }, {
    ""k"": ""isolation_source_sam"",
    ""v"": ""Greensboro, NC""
  }, {
    ""k"": ""samples_numbers_sam"",
    ""v"": ""125""
  }, {
    ""k"": ""tissue_sam_ss_dpl145"",
    ""v"": ""Whole Body""
  }, {
    ""k"": ""primary_search"",
    ""v"": ""16054472""
  }, {
    ""k"": ""primary_search"",
    ""v"": ""661322""
  }, {
    ""k"": ""primary_search"",
    ""v"": ""PRJNA661322""
  }, {
    ""k"": ""primary_search"",
    ""v"": ""QR-F-25d-PostPBS-24h_S193_L007_R1_001.fastq.gz""
  }, {
    ""k"": ""primary_search"",
    ""v"": ""SAMN16054472""
  }, {
    ""k"": ""primary_search"",
    ""v"": ""SRP280012""
  }, {
    ""k"": ""primary_search"",
    ""v"": ""SRR12584223""
  }, {
    ""k"": ""primary_search"",
    ""v"": ""SRS7319235""
  }, {
    ""k"": ""primary_search"",
    ""v"": ""SRX9070981""
  }, {
    ""k"": ""primary_search"",
    ""v"": ""bp0""
  }]
}",1,"{""bases"": 391535085, ""bytes"": 151597882, ""run_file_create_date"": ""2020-09-03T17:07:00.000Z"", ""collection_date_sam"": [""2017-07-25""], ""isolate_sam_ss_dpl100"": [""Not Applicable""], ""isolation_source_sam"": [""Greensboro, NC""], ""samples_numbers_sam"": 125, ""tissue_sam_ss_dpl145"": [""Whole Body""], ""primary_search"": ""16054472""}","srr12584223 rna-seq university of north carolina at greensboro public srx9070981 qr-f-25d-postpbs-24h_s193_l007_r1_001.fastq.gz illumina hiseq 2500 single other transcriptomic illumina srs7319235 samn16054472 apis mellifera srp280012 2020-09-03 00:00:00.000000 utc prjna661322 qr-f-25d-postpbs-24h_s193_l007_r1_001.fastq.gz [invertebrate] 2017-07-25 usa north america [usa:greensboro] [] [] [] [fastq,run.zq,sra] [gs,ncbi,s3] [gs.us-east1,ncbi.public,s3.us-east-1] {
  ""attributes"": [{
    ""k"": ""bases"",
    ""v"": ""391535085""
  }, {
    ""k"": ""bytes"",
    ""v"": ""151597882""
  }, {
    ""k"": ""run_file_create_date"",
    ""v"": ""2020-09-03t17:07:00.000z""
  }, {
    ""k"": ""collection_date_sam"",
    ""v"": ""2017-07-25""
  }, {
    ""k"": ""isolate_sam_ss_dpl100"",
    ""v"": ""not applicable""
  }, {
    ""k"": ""isolation_source_sam"",
    ""v"": ""greensboro, nc""
  }, {
    ""k"": ""samples_numbers_sam"",
    ""v"": ""125""
  }, {
    ""k"": ""tissue_sam_ss_dpl145"",
    ""v"": ""whole body""
  }, {
    ""k"": ""primary_search"",
    ""v"": ""16054472""
  }, {
    ""k"": ""primary_search"",
    ""v"": ""661322""
  }, {
    ""k"": ""primary_search"",
    ""v"": ""prjna661322""
  }, {
    ""k"": ""primary_search"",
    ""v"": ""qr-f-25d-postpbs-24h_s193_l007_r1_001.fastq.gz""
  }, {
    ""k"": ""primary_search"",
    ""v"": ""samn16054472""
  }, {
    ""k"": ""primary_search"",
    ""v"": ""srp280012""
  }, {
    ""k"": ""primary_search"",
    ""v"": ""srr12584223""
  }, {
    ""k"": ""primary_search"",
    ""v"": ""srs7319235""
  }, {
    ""k"": ""primary_search"",
    ""v"": ""srx9070981""
  }, {
    ""k"": ""primary_search"",
    ""v"": ""bp0""
  }]
} {""bases"": 391535085, ""bytes"": 151597882, ""run_file_create_date"": ""2020-09-03t17:07:00.000z"", ""collection_date_sam"": [""2017-07-25""], ""isolate_sam_ss_dpl100"": [""not applicable""], ""isolation_source_sam"": [""greensboro, nc""], ""samples_numbers_sam"": 125, ""tissue_sam_ss_dpl145"": [""whole body""], ""primary_search"": ""16054472""}",,1
SRR12584197,RNA-Seq,UNIVERSITY OF NORTH CAROLINA AT GREENSBORO,public,SRX9071007,QR-JJ-25d-NoTreat_S185_L007_R1_001.fastq.gz,Illumina HiSeq 2500,SINGLE,other,TRANSCRIPTOMIC,ILLUMINA,SRS7319261,SAMN16054496,Apis mellifera,SRP280012,2020-09-03 00:00:00.000000 UTC,PRJNA661322,143,NA,101,391,NA,QR-JJ-25d-NoTreat_S185_L007_R1_001.fastq.gz,[Invertebrate],2017-07-25,USA,North America,[USA:Greensboro],[],[],[],"[fastq,run.zq,sra]","[gs,ncbi,s3]","[gs.us-east1,ncbi.public,s3.us-east-1]","{
  ""attributes"": [{
    ""k"": ""bases"",
    ""v"": ""391645680""
  }, {
    ""k"": ""bytes"",
    ""v"": ""150632334""
  }, {
    ""k"": ""run_file_create_date"",
    ""v"": ""2020-09-03T17:08:00.000Z""
  }, {
    ""k"": ""collection_date_sam"",
    ""v"": ""2017-07-25""
  }, {
    ""k"": ""isolate_sam_ss_dpl100"",
    ""v"": ""Not Applicable""
  }, {
    ""k"": ""isolation_source_sam"",
    ""v"": ""Greensboro, NC""
  }, {
    ""k"": ""samples_numbers_sam"",
    ""v"": ""149""
  }, {
    ""k"": ""tissue_sam_ss_dpl145"",
    ""v"": ""Whole Body""
  }, {
    ""k"": ""primary_search"",
    ""v"": ""16054496""
  }, {
    ""k"": ""primary_search"",
    ""v"": ""661322""
  }, {
    ""k"": ""primary_search"",
    ""v"": ""PRJNA661322""
  }, {
    ""k"": ""primary_search"",
    ""v"": ""QR-JJ-25d-NoTreat_S185_L007_R1_001.fastq.gz""
  }, {
    ""k"": ""primary_search"",
    ""v"": ""SAMN16054496""
  }, {
    ""k"": ""primary_search"",
    ""v"": ""SRP280012""
  }, {
    ""k"": ""primary_search"",
    ""v"": ""SRR12584197""
  }, {
    ""k"": ""primary_search"",
    ""v"": ""SRS7319261""
  }, {
    ""k"": ""primary_search"",
    ""v"": ""SRX9071007""
  }, {
    ""k"": ""primary_search"",
    ""v"": ""bp0""
  }]
}",1,"{""bases"": 391645680, ""bytes"": 150632334, ""run_file_create_date"": ""2020-09-03T17:08:00.000Z"", ""collection_date_sam"": [""2017-07-25""], ""isolate_sam_ss_dpl100"": [""Not Applicable""], ""isolation_source_sam"": [""Greensboro, NC""], ""samples_numbers_sam"": 149, ""tissue_sam_ss_dpl145"": [""Whole Body""], ""primary_search"": ""16054496""}","srr12584197 rna-seq university of north carolina at greensboro public srx9071007 qr-jj-25d-notreat_s185_l007_r1_001.fastq.gz illumina hiseq 2500 single other transcriptomic illumina srs7319261 samn16054496 apis mellifera srp280012 2020-09-03 00:00:00.000000 utc prjna661322 qr-jj-25d-notreat_s185_l007_r1_001.fastq.gz [invertebrate] 2017-07-25 usa north america [usa:greensboro] [] [] [] [fastq,run.zq,sra] [gs,ncbi,s3] [gs.us-east1,ncbi.public,s3.us-east-1] {
  ""attributes"": [{
    ""k"": ""bases"",
    ""v"": ""391645680""
  }, {
    ""k"": ""bytes"",
    ""v"": ""150632334""
  }, {
    ""k"": ""run_file_create_date"",
    ""v"": ""2020-09-03t17:08:00.000z""
  }, {
    ""k"": ""collection_date_sam"",
    ""v"": ""2017-07-25""
  }, {
    ""k"": ""isolate_sam_ss_dpl100"",
    ""v"": ""not applicable""
  }, {
    ""k"": ""isolation_source_sam"",
    ""v"": ""greensboro, nc""
  }, {
    ""k"": ""samples_numbers_sam"",
    ""v"": ""149""
  }, {
    ""k"": ""tissue_sam_ss_dpl145"",
    ""v"": ""whole body""
  }, {
    ""k"": ""primary_search"",
    ""v"": ""16054496""
  }, {
    ""k"": ""primary_search"",
    ""v"": ""661322""
  }, {
    ""k"": ""primary_search"",
    ""v"": ""prjna661322""
  }, {
    ""k"": ""primary_search"",
    ""v"": ""qr-jj-25d-notreat_s185_l007_r1_001.fastq.gz""
  }, {
    ""k"": ""primary_search"",
    ""v"": ""samn16054496""
  }, {
    ""k"": ""primary_search"",
    ""v"": ""srp280012""
  }, {
    ""k"": ""primary_search"",
    ""v"": ""srr12584197""
  }, {
    ""k"": ""primary_search"",
    ""v"": ""srs7319261""
  }, {
    ""k"": ""primary_search"",
    ""v"": ""srx9071007""
  }, {
    ""k"": ""primary_search"",
    ""v"": ""bp0""
  }]
} {""bases"": 391645680, ""bytes"": 150632334, ""run_file_create_date"": ""2020-09-03t17:08:00.000z"", ""collection_date_sam"": [""2017-07-25""], ""isolate_sam_ss_dpl100"": [""not applicable""], ""isolation_source_sam"": [""greensboro, nc""], ""samples_numbers_sam"": 149, ""tissue_sam_ss_dpl145"": [""whole body""], ""primary_search"": ""16054496""}",,1
